sigma_toa,sigma_azimuth,sigma_elevation
2.1072454436444965e-07,0.21072454436444965,0.21072454436444965
5.238141682933783e-07,0.5238141682933783,0.5238141682933783
9.770567754068572e-07,0.9770567754068572,0.9770567754068572
1.4414372774635088e-06,1.4414372774635087,1.4414372774635087
2.1077975596337504e-07,0.21077975596337506,0.21077975596337506
5.194556655078403e-07,0.5194556655078403,0.5194556655078403
9.724388577778353e-07,0.9724388577778352,0.9724388577778352
1.4367784047903736e-06,1.4367784047903738,1.4367784047903738
2.1094530230507294e-07,0.21094530230507294,0.21094530230507294
5.151039030231388e-07,0.5151039030231388,0.5151039030231388
9.678217751358998e-07,0.9678217751359,0.9678217751359
1.4321197019437586e-06,1.4321197019437586,1.4321197019437586
2.1122091872671912e-07,0.21122091872671914,0.21122091872671914
5.107590630813054e-07,0.5107590630813055,0.5107590630813055
9.632055419040173e-07,0.9632055419040175,0.9632055419040175
1.4274611716379928e-06,1.4274611716379926,1.4274611716379926
2.116061664520187e-07,0.2116061664520187,0.2116061664520187
5.064213340140637e-07,0.5064213340140638,0.5064213340140638
9.585901727941723e-07,0.9585901727941722,0.9585901727941722
1.4228028166266466e-06,1.4228028166266466,1.4228028166266466
2.1210043603890477e-07,0.2121004360389048,0.2121004360389048
5.020909104823237e-07,0.5020909104823238,0.5020909104823238
9.539756828143773e-07,0.9539756828143773,0.9539756828143773
1.4181446397031994e-06,1.4181446397031994,1.4181446397031994
2.1270295211799733e-07,0.21270295211799733,0.21270295211799733
4.977679937261732e-07,0.49776799372617314,0.49776799372617314
9.493620872758842e-07,0.9493620872758842,0.9493620872758842
1.413486643701721e-06,1.413486643701721,1.413486643701721
2.1341277933696718e-07,0.2134127793369672,0.2134127793369672
4.934527918258457e-07,0.49345279182584567,0.49345279182584567
9.447494018006032e-07,0.9447494018006033,0.9447494018006033
1.408828831497568e-06,1.408828831497568,1.408828831497568
2.1422882940645984e-07,0.21422882940645985,0.21422882940645985
4.891455199741686e-07,0.4891455199741686,0.4891455199741686
9.401376423287332e-07,0.9401376423287333,0.9401376423287333
1.4041712060080906e-06,1.4041712060080909,1.4041712060080909
2.15149869126973e-07,0.215149869126973,0.215149869126973
4.848464007610133e-07,0.48484640076101326,0.48484640076101326
9.355268251266173e-07,0.9355268251266173,0.9355268251266173
1.3995137701933584e-06,1.3995137701933587,1.3995137701933587
2.1617452926343625e-07,0.21617452926343625,0.21617452926343625
4.805556644702906e-07,0.4805556644702906,0.4805556644702906
9.30916966794823e-07,0.930916966794823,0.930916966794823
1.3948565270568977e-06,1.3948565270568978,1.3948565270568978
2.1730131412542175e-07,0.21730131412542178,0.21730131412542178
4.7627354939006087e-07,0.4762735493900609,0.4762735493900609
9.263080842764616e-07,0.9263080842764616,0.9263080842764616
1.3901994796464434e-06,1.3901994796464436,1.3901994796464436
2.1852861170597496e-07,0.21852861170597496,0.21852861170597496
4.7200030213634406e-07,0.47200030213634403,0.47200030213634403
9.217001948657503e-07,0.9217001948657503,0.9217001948657503
1.3855426310547104e-06,1.3855426310547105,1.3855426310547105
2.1985470423088418e-07,0.21985470423088416,0.21985470423088416
4.6773617799124283e-07,0.46773617799124284,0.46773617799124284
9.17093316216827e-07,0.917093316216827,0.917093316216827
1.3808859844201745e-06,1.3808859844201746,1.3808859844201746
2.2127777897256862e-07,0.22127777897256862,0.22127777897256862
4.634814412560131e-07,0.4634814412560131,0.4634814412560131
9.12487466352826e-07,0.912487466352826,0.912487466352826
1.3762295429278753e-06,1.3762295429278755,1.3762295429278755
2.227959391882943e-07,0.22279593918829432,0.22279593918829432
4.5923636561973666e-07,0.4592363656197367,0.4592363656197367
9.078826636752238e-07,0.9078826636752239,0.9078826636752239
1.3715733098102313e-06,1.3715733098102312,1.3715733098102312
2.244072150506862e-07,0.2244072150506862,0.2244072150506862
4.5500123454427734e-07,0.4550012345442774,0.4550012345442774
9.032789269734635e-07,0.9032789269734635,0.9032789269734635
1.3669172883478741e-06,1.3669172883478742,1.3669172883478742
2.261095744489896e-07,0.22610957444898963,0.22610957444898963
4.5077634166622035e-07,0.4507763416662204,0.4507763416662204
8.986762754348685e-07,0.8986762754348685,0.8986762754348685
1.3622614818705004e-06,1.3622614818705006,1.3622614818705006
2.2790093355172014e-07,0.22790093355172014,0.22790093355172014
4.465619912165193e-07,0.44656199121651935,0.44656199121651935
8.940747286548539e-07,0.8940747286548539,0.8940747286548539
1.3576058937577388e-06,1.3576058937577389,1.3576058937577389
2.2977916703469945e-07,0.22977916703469944,0.22977916703469944
4.42358498458593e-07,0.442358498458593,0.442358498458593
8.89474306647448e-07,0.8894743066474481,0.8894743066474481
1.352950527440037e-06,1.352950527440037,1.352950527440037
2.317421178925e-07,0.2317421178925,0.2317421178925
4.381661901456375e-07,0.4381661901456375,0.4381661901456375
8.848750298561328e-07,0.8848750298561328,0.8848750298561328
1.3482953863995677e-06,1.3482953863995677,1.3482953863995677
2.3378760676555182e-07,0.23378760676555183,0.23378760676555183
4.3398540499793445e-07,0.4339854049979344,0.4339854049979344
8.802769191650143e-07,0.8802769191650143,0.8802769191650143
1.3436404741711525e-06,1.3436404741711525,1.3436404741711525
2.359134407291899e-07,0.2359134407291899,0.2359134407291899
4.2981649420095307e-07,0.4298164942009531,0.4298164942009531
8.756799959103375e-07,0.8756799959103375,0.8756799959103375
1.3389857943432052e-06,1.3389857943432053,1.3389857943432053
2.381174215043965e-07,0.2381174215043965,0.2381174215043965
4.256598219250603e-07,0.4256598219250603,0.4256598219250603
8.710842818923541e-07,0.8710842818923542,0.8710842818923542
1.334331350558696e-06,1.334331350558696,1.334331350558696
2.4039735306264416e-07,0.24039735306264415,0.24039735306264415
4.2151576586766e-07,0.42151576586766004,0.42151576586766004
8.664897993875578e-07,0.8664897993875579,0.8664897993875579
1.329677146516134e-06,1.3296771465161341,1.3296771465161341
2.427510486088599e-07,0.2427510486088599,0.2427510486088599
4.1738471781859557e-07,0.4173847178185956,0.4173847178185956
8.618965711612989e-07,0.861896571161299,0.861896571161299
1.3250231859705743e-06,1.3250231859705746,1.3250231859705746
2.4517633693696887e-07,0.24517633693696886,0.24517633693696886
4.132670842496485e-07,0.4132670842496486,0.4132670842496486
8.573046204807941e-07,0.8573046204807941,0.8573046204807941
1.3203694727346428e-06,1.3203694727346427,1.3203694727346427
2.4767106816165074e-07,0.24767106816165074,0.24767106816165074
4.0916328692896946e-07,0.40916328692896947,0.40916328692896947
8.52713971128542e-07,0.8527139711285421,0.8527139711285421
1.315716010679584e-06,1.315716010679584,1.315716010679584
2.502331188378205e-07,0.25023311883782046,0.25023311883782046
4.050737635612663e-07,0.40507376356126634,0.40507376356126634
8.481246474161623e-07,0.8481246474161623,0.8481246474161623
1.311062803736333e-06,1.3110628037363332,1.3110628037363332
2.5286039648594286e-07,0.25286039648594283,0.25286039648594283
4.0099896845456507e-07,0.4009989684545651,0.4009989684545651
8.435366741986718e-07,0.8435366741986718,0.8435366741986718
1.3064098558966095e-06,1.3064098558966095,1.3064098558966095
2.5555084354664745e-07,0.2555508435466474,0.2555508435466474
3.969393732143339e-07,0.3969393732143339,0.3969393732143339
8.389500768892139e-07,0.838950076889214,0.838950076889214
1.3017571712140327e-06,1.3017571712140328,1.3017571712140328
2.5830244079231127e-07,0.2583024407923113,0.2583024407923113
3.9289546746573143e-07,0.39289546746573145,0.39289546746573145
8.343648814742585e-07,0.8343648814742586,0.8343648814742586
1.2971047538052658e-06,1.2971047538052658,1.2971047538052658
2.6111321022640326e-07,0.26111321022640327,0.26111321022640327
3.8886775960470025e-07,0.38886775960470027,0.38886775960470027
8.297811145292879e-07,0.8297811145292879,0.8297811145292879
1.2924526078511799e-06,1.29245260785118,1.29245260785118
2.6398121750355297e-07,0.26398121750355297,0.26398121750355297
3.848567775785702e-07,0.38485677757857023,0.38485677757857023
8.251988032349887e-07,0.8251988032349887,0.8251988032349887
1.2878007375980487e-06,1.2878007375980487,1.2878007375980487
2.6690457390462484e-07,0.26690457390462485,0.26690457390462485
3.8086306969677057e-07,0.38086306969677064,0.38086306969677064
8.206179753939669e-07,0.820617975393967,0.820617975393967
1.2831491473587628e-06,1.2831491473587628,1.2831491473587628
2.698814379016595e-07,0.2698814379016595,0.2698814379016595
3.7688720547216746e-07,0.3768872054721674,0.3768872054721674
8.160386594480057e-07,0.8160386594480057,0.8160386594480057
1.2784978415140772e-06,1.2784978415140773,1.2784978415140773
2.7291001634750604e-07,0.27291001634750606,0.27291001634750606
3.7292977649343764e-07,0.37292977649343767,0.37292977649343767
8.114608844958866e-07,0.8114608844958867,0.8114608844958867
1.273846824513882e-06,1.273846824513882,1.273846824513882
2.759885653244106e-07,0.27598856532441063,0.27598856532441063
3.6899139732877177e-07,0.3689913973287718,0.3689913973287718
8.068846803117953e-07,0.8068846803117953,0.8068846803117953
1.2691961008785027e-06,1.2691961008785027,1.2691961008785027
2.791153906848537e-07,0.2791153906848537,0.2791153906848537
3.650727064610519e-07,0.3650727064610519,0.3650727064610519
8.023100773643317e-07,0.8023100773643317,0.8023100773643317
1.264545675200029e-06,1.2645456752000293,1.2645456752000293
2.822888483166255e-07,0.2822888483166255,0.2822888483166255
3.6117436725447523e-07,0.3611743672544752,0.3611743672544752
7.977371068361517e-07,0.7977371068361517,0.7977371068361517
1.2598955521436745e-06,1.2598955521436745,1.2598955521436745
2.855073441625842e-07,0.28550734416258416,0.28550734416258416
3.572970689523985e-07,0.35729706895239854,0.35729706895239854
7.931658006442589e-07,0.7931658006442589,0.7931658006442589
1.2552457364491631e-06,1.2552457364491632,1.2552457364491632
2.887693340238152e-07,0.2887693340238152,0.2887693340238152
3.5344152770593685e-07,0.35344152770593684,0.35344152770593684
7.885961914609763e-07,0.7885961914609764,0.7885961914609764
1.250596232932151e-06,1.250596232932151,1.250596232932151
2.920733231730755e-07,0.2920733231730755,0.2920733231730755
3.496084876325836e-07,0.3496084876325836,0.3496084876325836
7.840283127356182e-07,0.7840283127356181,0.7840283127356181
1.2459470464856775e-06,1.2459470464856774,1.2459470464856774
2.954178658035031e-07,0.2954178658035031,0.2954178658035031
3.457987219038025e-07,0.3457987219038025,0.3457987219038025
7.794621987168955e-07,0.7794621987168956,0.7794621987168956
1.2412981820816502e-06,1.2412981820816502,1.2412981820816502
2.988015643356546e-07,0.29880156433565463,0.29880156433565463
3.4201303386018347e-07,0.3420130338601835,0.3420130338601835
7.748978844760786e-07,0.7748978844760787,0.7748978844760787
1.2366496447723632e-06,1.2366496447723632,1.2366496447723632
3.0222306860402637e-07,0.30222306860402637,0.30222306860402637
3.382522581523468e-07,0.33825225815234683,0.33825225815234683
7.70335405930945e-07,0.770335405930945,0.770335405930945
1.232001439692048e-06,1.232001439692048,1.232001439692048
3.05681074942353e-07,0.305681074942353,0.305681074942353
3.3451726190531053e-07,0.33451726190531056,0.33451726190531056
7.6577479987055e-07,0.76577479987055,0.76577479987055
1.2273535720584641e-06,1.227353572058464,1.227353572058464
3.091743251851809e-07,0.3091743251851809,0.3091743251851809
3.308089459035142e-07,0.3308089459035142,0.3308089459035142
7.612161039808432e-07,0.7612161039808432,0.7612161039808432
1.2227060471745214e-06,1.2227060471745215,1.2227060471745215
3.127016056014946e-07,0.3127016056014946,0.3127016056014946
3.2712824579309387e-07,0.32712824579309385,0.32712824579309385
7.566593568711711e-07,0.7566593568711711,0.7566593568711711
1.2180588704299413e-06,1.2180588704299415,1.2180588704299415
3.162617457745506e-07,0.31626174577455063,0.31626174577455063
3.234761332973438e-07,0.3234761332973438,0.3234761332973438
7.521045981016968e-07,0.7521045981016968,0.7521045981016968
1.2134120473029596e-06,1.2134120473029595,1.2134120473029595
3.1985361744054855e-07,0.3198536174405485,0.3198536174405485
3.1985361744054855e-07,0.3198536174405485,0.3198536174405485
7.475518682117734e-07,0.7475518682117734,0.7475518682117734
1.2087655833620612e-06,1.2087655833620612,1.2087655833620612
3.234761332973438e-07,0.3234761332973438,0.3234761332973438
3.1626174577455057e-07,0.3162617457745506,0.3162617457745506
7.430012087493107e-07,0.7430012087493107,0.7430012087493107
1.2041194842677626e-06,1.2041194842677627,1.2041194842677627
3.271282457930939e-07,0.32712824579309396,0.32712824579309396
3.127016056014946e-07,0.3127016056014946,0.3127016056014946
7.384526623011727e-07,0.7384526623011727,0.7384526623011727
1.1994737557744313e-06,1.1994737557744313,1.1994737557744313
3.308089459035142e-07,0.3308089459035142,0.3308089459035142
3.091743251851809e-07,0.3091743251851809,0.3091743251851809
7.339062725246489e-07,0.7339062725246489,0.7339062725246489
1.1948284037321492e-06,1.1948284037321495,1.1948284037321495
3.345172619053106e-07,0.3345172619053106,0.3345172619053106
3.05681074942353e-07,0.305681074942353,0.305681074942353
7.293620841800402e-07,0.7293620841800402,0.7293620841800402
1.19018343408862e-06,1.1901834340886202,1.1901834340886202
3.382522581523468e-07,0.33825225815234683,0.33825225815234683
3.0222306860402637e-07,0.30222306860402637,0.30222306860402637
7.248201431644063e-07,0.7248201431644063,0.7248201431644063
1.1855388528911198e-06,1.1855388528911197,1.1855388528911197
3.4201303386018347e-07,0.3420130338601835,0.3420130338601835
2.988015643356546e-07,0.2988015643356546,0.2988015643356546
7.202804965465223e-07,0.7202804965465223,0.7202804965465223
1.1808946662884955e-06,1.1808946662884956,1.1808946662884956
3.457987219038025e-07,0.3457987219038025,0.3457987219038025
2.954178658035031e-07,0.2954178658035031,0.2954178658035031
7.157431926030902e-07,0.7157431926030902,0.7157431926030902
1.1762508805332104e-06,1.1762508805332104,1.1762508805332104
3.496084876325837e-07,0.3496084876325837,0.3496084876325837
2.9207332317307544e-07,0.29207332317307544,0.29207332317307544
7.112082808562595e-07,0.7112082808562595,0.7112082808562595
1.1716075019834357e-06,1.1716075019834358,1.1716075019834358
3.5344152770593685e-07,0.35344152770593684,0.35344152770593684
2.8876933402381516e-07,0.2887693340238152,0.2887693340238152
7.066758121125109e-07,0.706675812112511,0.706675812112511
1.166964537105197e-06,1.166964537105197,1.166964537105197
3.572970689523985e-07,0.35729706895239854,0.35729706895239854
2.855073441625842e-07,0.28550734416258416,0.28550734416258416
7.021458385029563e-07,0.7021458385029562,0.7021458385029562
1.1623219924745667e-06,1.1623219924745667,1.1623219924745667
3.6117436725447523e-07,0.3611743672544752,0.3611743672544752
2.8228884831662544e-07,0.2822888483166255,0.2822888483166255
6.976184135251158e-07,0.6976184135251158,0.6976184135251158
1.1576798747799126e-06,1.1576798747799126,1.1576798747799126
3.650727064610519e-07,0.3650727064610519,0.3650727064610519
2.791153906848537e-07,0.2791153906848537,0.2791153906848537
6.930935920862339e-07,0.6930935920862339,0.6930935920862339
1.1530381908241995e-06,1.1530381908241996,1.1530381908241996
3.689913973287718e-07,0.36899139732877184,0.36899139732877184
2.759885653244106e-07,0.27598856532441063,0.27598856532441063
6.885714305481957e-07,0.6885714305481958,0.6885714305481958
1.148396947527346e-06,1.148396947527346,1.148396947527346
3.7292977649343764e-07,0.37292977649343767,0.37292977649343767
2.7291001634750604e-07,0.27291001634750606,0.27291001634750606
6.840519867741133e-07,0.6840519867741134,0.6840519867741134
1.14375615192864e-06,1.14375615192864,1.14375615192864
3.7688720547216746e-07,0.3768872054721674,0.3768872054721674
2.698814379016595e-07,0.2698814379016595,0.2698814379016595
6.795353201766514e-07,0.6795353201766514,0.6795353201766514
1.1391158111892116e-06,1.1391158111892117,1.1391158111892117
3.8086306969677057e-07,0.38086306969677064,0.38086306969677064
2.6690457390462484e-07,0.26690457390462485,0.26690457390462485
6.750214917681632e-07,0.6750214917681633,0.6750214917681633
1.1344759325945674e-06,1.1344759325945672,1.1344759325945672
3.848567775785702e-07,0.38485677757857023,0.38485677757857023
2.6398121750355297e-07,0.26398121750355297,0.26398121750355297
6.705105642127192e-07,0.6705105642127192,0.6705105642127192
1.1298365235571859e-06,1.129836523557186,1.129836523557186
3.8886775960470025e-07,0.38886775960470027,0.38886775960470027
2.6111321022640326e-07,0.26111321022640327,0.26111321022640327
6.660026018801012e-07,0.6660026018801013,0.6660026018801013
1.1251975916191793e-06,1.1251975916191792,1.1251975916191792
3.9289546746573143e-07,0.39289546746573145,0.39289546746573145
2.5830244079231127e-07,0.2583024407923113,0.2583024407923113
6.614976709018529e-07,0.6614976709018529,0.6614976709018529
1.1205591444550167e-06,1.1205591444550167,1.1205591444550167
3.969393732143339e-07,0.3969393732143339,0.3969393732143339
2.5555084354664745e-07,0.2555508435466474,0.2555508435466474
6.569958392294702e-07,0.6569958392294701,0.6569958392294701
1.115921189874321e-06,1.115921189874321,1.115921189874321
4.0099896845456507e-07,0.4009989684545651,0.4009989684545651
2.5286039648594286e-07,0.25286039648594283,0.25286039648594283
6.524971766948256e-07,0.6524971766948257,0.6524971766948257
1.1112837358247291e-06,1.1112837358247292,1.1112837358247292
4.050737635612663e-07,0.40507376356126634,0.40507376356126634
2.502331188378205e-07,0.25023311883782046,0.25023311883782046
6.480017550729219e-07,0.6480017550729219,0.6480017550729219
1.1066467903948288e-06,1.1066467903948287,1.1066467903948287
4.0916328692896946e-07,0.40916328692896947,0.40916328692896947
2.4767106816165074e-07,0.24767106816165074,0.24767106816165074
6.435096481470774e-07,0.6435096481470775,0.6435096481470775
1.1020103618171657e-06,1.1020103618171657,1.1020103618171657
4.132670842496485e-07,0.4132670842496486,0.4132670842496486
2.4517633693696887e-07,0.24517633693696886,0.24517633693696886
6.39020931776647e-07,0.6390209317766471,0.6390209317766471
1.097374458471329e-06,1.097374458471329,1.097374458471329
4.1738471781859557e-07,0.4173847178185956,0.4173847178185956
2.427510486088599e-07,0.2427510486088599,0.2427510486088599
6.345356839673903e-07,0.6345356839673904,0.6345356839673904
1.0927390888871125e-06,1.0927390888871125,1.0927390888871125
4.2151576586766e-07,0.42151576586766004,0.42151576586766004
2.4039735306264416e-07,0.24039735306264415,0.24039735306264415
6.30053984944603e-07,0.6300539849446031,0.6300539849446031
1.0881042617477578e-06,1.0881042617477579,1.0881042617477579
4.256598219250603e-07,0.4256598219250603,0.4256598219250603
2.381174215043965e-07,0.2381174215043965,0.2381174215043965
6.255759172291335e-07,0.6255759172291335,0.6255759172291335
1.0834699858932794e-06,1.0834699858932795,1.0834699858932795
4.2981649420095307e-07,0.4298164942009531,0.4298164942009531
2.359134407291899e-07,0.2359134407291899,0.2359134407291899
6.211015657164089e-07,0.6211015657164088,0.6211015657164088
1.0788362703238753e-06,1.0788362703238754,1.0788362703238754
4.3398540499793445e-07,0.4339854049979344,0.4339854049979344
2.3378760676555182e-07,0.23378760676555183,0.23378760676555183
6.166310177586083e-07,0.6166310177586084,0.6166310177586084
1.0742031242034242e-06,1.0742031242034242,1.0742031242034242
4.381661901456375e-07,0.4381661901456375,0.4381661901456375
2.317421178925e-07,0.2317421178925,0.2317421178925
6.121643632501202e-07,0.6121643632501202,0.6121643632501202
1.069570556863074e-06,1.0695705568630742,1.0695705568630742
4.42358498458593e-07,0.442358498458593,0.442358498458593
2.2977916703469945e-07,0.22977916703469944,0.22977916703469944
6.077016947164283e-07,0.6077016947164283,0.6077016947164283
1.0649385778049227e-06,1.064938577804923,1.064938577804923
4.465619912165194e-07,0.4465619912165194,0.4465619912165194
2.2790093355172012e-07,0.22790093355172014,0.22790093355172014
6.03243107406585e-07,0.603243107406585,0.603243107406585
1.060307196705795e-06,1.060307196705795,1.060307196705795
4.5077634166622035e-07,0.4507763416662204,0.4507763416662204
2.261095744489896e-07,0.22610957444898963,0.22610957444898963
5.987886993894266e-07,0.5987886993894267,0.5987886993894267
1.0556764234211167e-06,1.055676423421117,1.055676423421117
4.5500123454427734e-07,0.4550012345442774,0.4550012345442774
2.244072150506862e-07,0.2244072150506862,0.2244072150506862
5.943385716537029e-07,0.594338571653703,0.594338571653703
1.0510462679888923e-06,1.0510462679888923,1.0510462679888923
4.5923636561973666e-07,0.4592363656197367,0.4592363656197367
2.227959391882943e-07,0.22279593918829432,0.22279593918829432
5.898928282122957e-07,0.5898928282122957,0.5898928282122957
1.0464167406337852e-06,1.0464167406337854,1.0464167406337854
4.634814412560131e-07,0.4634814412560131,0.4634814412560131
2.2127777897256862e-07,0.22127777897256862,0.22127777897256862
5.854515762107112e-07,0.5854515762107113,0.5854515762107113
1.0417878517713067e-06,1.0417878517713068,1.0417878517713068
4.67736177991243e-07,0.467736177991243,0.467736177991243
2.1985470423088418e-07,0.21985470423088416,0.21985470423088416
5.81014926040041e-07,0.581014926040041,0.581014926040041
1.0371596120121156e-06,1.0371596120121156,1.0371596120121156
4.7200030213634406e-07,0.47200030213634403,0.47200030213634403
2.1852861170597496e-07,0.21852861170597496,0.21852861170597496
5.765829914545933e-07,0.5765829914545932,0.5765829914545932
1.0325320321664325e-06,1.0325320321664324,1.0325320321664324
4.7627354939006087e-07,0.4762735493900609,0.4762735493900609
2.1730131412542175e-07,0.21730131412542178,0.21730131412542178
5.721558896944068e-07,0.5721558896944069,0.5721558896944069
1.0279051232485711e-06,1.0279051232485712,1.0279051232485712
4.805556644702906e-07,0.4805556644702906,0.4805556644702906
2.1617452926343625e-07,0.21617452926343625,0.21617452926343625
5.677337416128735e-07,0.5677337416128735,0.5677337416128735
1.0232788964815932e-06,1.023278896481593,1.023278896481593
4.848464007610133e-07,0.48484640076101326,0.48484640076101326
2.15149869126973e-07,0.215149869126973,0.215149869126973
5.633166718096984e-07,0.5633166718096984,0.5633166718096984
1.0186533633020846e-06,1.0186533633020844,1.0186533633020844
4.891455199741686e-07,0.48914551997416866,0.48914551997416866
2.142288294064598e-07,0.21422882940645982,0.21422882940645982
5.58904808769446e-07,0.558904808769446,0.558904808769446
1.014028535365066e-06,1.014028535365066,1.014028535365066
4.934527918258457e-07,0.49345279182584567,0.49345279182584567
2.1341277933696718e-07,0.2134127793369672,0.2134127793369672
5.54498285005928e-07,0.5544982850059281,0.5544982850059281
1.0094044245490317e-06,1.0094044245490317,1.0094044245490317
4.977679937261732e-07,0.49776799372617314,0.49776799372617314
2.1270295211799733e-07,0.21270295211799733,0.21270295211799733
5.500972372126982e-07,0.5500972372126982,0.5500972372126982
1.0047810429611293e-06,1.0047810429611292,1.0047810429611292
5.020909104823237e-07,0.5020909104823238,0.5020909104823238
2.1210043603890477e-07,0.2121004360389048,0.2121004360389048
5.457018064199415e-07,0.5457018064199415,0.5457018064199415
1.0001584029424788e-06,1.0001584029424788,1.0001584029424788
5.064213340140638e-07,0.5064213340140639,0.5064213340140639
2.116061664520187e-07,0.2116061664520187,0.2116061664520187
5.413121381580465e-07,0.5413121381580465,0.5413121381580465
9.955365170736392e-07,0.9955365170736392,0.9955365170736392
5.107590630813055e-07,0.5107590630813056,0.5107590630813056
2.1122091872671912e-07,0.21122091872671914,0.21122091872671914
5.369283826281735e-07,0.5369283826281736,0.5369283826281736
9.909153981802248e-07,0.9909153981802249,0.9909153981802249
5.151039030231388e-07,0.5151039030231388,0.5151039030231388
2.1094530230507294e-07,0.21094530230507294,0.21094530230507294
5.32550694880139e-07,0.5325506948801391,0.5325506948801391
9.862950593386778e-07,0.986295059338678,0.986295059338678
5.194556655078403e-07,0.5194556655078403,0.5194556655078403
2.1077975596337504e-07,0.21077975596337506,0.21077975596337506
5.281792349979548e-07,0.5281792349979548,0.5281792349979548
9.816755138822014e-07,0.9816755138822014,0.9816755138822014
5.238141682933783e-07,0.5238141682933783,0.5238141682933783
2.1072454436444965e-07,0.21072454436444965,0.21072454436444965
5.238141682933783e-07,0.5238141682933783,0.5238141682933783
9.770567754068572e-07,0.9770567754068572,0.9770567754068572
5.281792349979549e-07,0.5281792349979548,0.5281792349979548
2.1077975596337504e-07,0.21077975596337506,0.21077975596337506
5.194556655078402e-07,0.5194556655078402,0.5194556655078402
9.724388577778353e-07,0.9724388577778352,0.9724388577778352
5.325506948801391e-07,0.5325506948801391,0.5325506948801391
2.1094530230507294e-07,0.21094530230507294,0.21094530230507294
5.151039030231387e-07,0.5151039030231388,0.5151039030231388
9.678217751358998e-07,0.9678217751359,0.9678217751359
5.369283826281736e-07,0.5369283826281737,0.5369283826281737
2.1122091872671912e-07,0.21122091872671914,0.21122091872671914
5.107590630813054e-07,0.5107590630813055,0.5107590630813055
9.632055419040173e-07,0.9632055419040175,0.9632055419040175
5.413121381580466e-07,0.5413121381580466,0.5413121381580466
2.116061664520187e-07,0.2116061664520187,0.2116061664520187
5.064213340140637e-07,0.5064213340140638,0.5064213340140638
9.585901727941723e-07,0.9585901727941722,0.9585901727941722
5.457018064199415e-07,0.5457018064199415,0.5457018064199415
2.1210043603890477e-07,0.2121004360389048,0.2121004360389048
5.020909104823237e-07,0.5020909104823238,0.5020909104823238
9.539756828143773e-07,0.9539756828143773,0.9539756828143773
5.500972372126983e-07,0.5500972372126983,0.5500972372126983
2.1270295211799733e-07,0.21270295211799736,0.21270295211799736
4.977679937261732e-07,0.49776799372617314,0.49776799372617314
9.493620872758842e-07,0.9493620872758842,0.9493620872758842
5.544982850059281e-07,0.5544982850059281,0.5544982850059281
2.1341277933696718e-07,0.2134127793369672,0.2134127793369672
4.934527918258457e-07,0.4934527918258456,0.4934527918258456
9.447494018006032e-07,0.9447494018006033,0.9447494018006033
5.589048087694461e-07,0.5589048087694461,0.5589048087694461
2.1422882940645984e-07,0.21422882940645985,0.21422882940645985
4.891455199741686e-07,0.4891455199741686,0.4891455199741686
9.401376423287332e-07,0.9401376423287333,0.9401376423287333
5.633166718096984e-07,0.5633166718096984,0.5633166718096984
2.15149869126973e-07,0.215149869126973,0.215149869126973
4.848464007610133e-07,0.48484640076101326,0.48484640076101326
9.355268251266173e-07,0.9355268251266173,0.9355268251266173
5.677337416128735e-07,0.5677337416128735,0.5677337416128735
2.1617452926343625e-07,0.21617452926343625,0.21617452926343625
4.805556644702906e-07,0.4805556644702906,0.4805556644702906
9.30916966794823e-07,0.930916966794823,0.930916966794823
5.721558896944069e-07,0.5721558896944069,0.5721558896944069
2.1730131412542175e-07,0.21730131412542178,0.21730131412542178
4.7627354939006076e-07,0.4762735493900608,0.4762735493900608
9.263080842764616e-07,0.9263080842764616,0.9263080842764616
5.765829914545933e-07,0.5765829914545934,0.5765829914545934
2.1852861170597496e-07,0.21852861170597496,0.21852861170597496
4.7200030213634396e-07,0.472000302136344,0.472000302136344
9.217001948657503e-07,0.9217001948657503,0.9217001948657503
5.810149260400411e-07,0.5810149260400411,0.5810149260400411
2.1985470423088418e-07,0.21985470423088416,0.21985470423088416
4.6773617799124283e-07,0.46773617799124284,0.46773617799124284
9.17093316216827e-07,0.917093316216827,0.917093316216827
5.854515762107112e-07,0.5854515762107113,0.5854515762107113
2.2127777897256862e-07,0.22127777897256862,0.22127777897256862
4.634814412560131e-07,0.4634814412560131,0.4634814412560131
9.12487466352826e-07,0.912487466352826,0.912487466352826
5.898928282122957e-07,0.5898928282122957,0.5898928282122957
2.227959391882943e-07,0.22279593918829432,0.22279593918829432
4.5923636561973666e-07,0.4592363656197367,0.4592363656197367
9.078826636752238e-07,0.9078826636752239,0.9078826636752239
5.943385716537031e-07,0.5943385716537031,0.5943385716537031
2.2440721505068623e-07,0.22440721505068625,0.22440721505068625
4.550012345442772e-07,0.4550012345442772,0.4550012345442772
9.032789269734635e-07,0.9032789269734635,0.9032789269734635
5.987886993894268e-07,0.5987886993894267,0.5987886993894267
2.2610957444898963e-07,0.22610957444898966,0.22610957444898966
4.507763416662203e-07,0.4507763416662203,0.4507763416662203
8.986762754348685e-07,0.8986762754348685,0.8986762754348685
6.03243107406585e-07,0.603243107406585,0.603243107406585
2.2790093355172014e-07,0.22790093355172014,0.22790093355172014
4.465619912165193e-07,0.44656199121651935,0.44656199121651935
8.940747286548539e-07,0.8940747286548539,0.8940747286548539
6.077016947164283e-07,0.6077016947164283,0.6077016947164283
2.2977916703469945e-07,0.22977916703469944,0.22977916703469944
4.42358498458593e-07,0.442358498458593,0.442358498458593
8.89474306647448e-07,0.8894743066474481,0.8894743066474481
6.121643632501202e-07,0.6121643632501202,0.6121643632501202
2.317421178925e-07,0.2317421178925,0.2317421178925
4.381661901456375e-07,0.4381661901456375,0.4381661901456375
8.848750298561328e-07,0.8848750298561328,0.8848750298561328
6.166310177586084e-07,0.6166310177586085,0.6166310177586085
2.3378760676555187e-07,0.23378760676555188,0.23378760676555188
4.339854049979344e-07,0.4339854049979344,0.4339854049979344
8.802769191650143e-07,0.8802769191650143,0.8802769191650143
6.211015657164089e-07,0.6211015657164088,0.6211015657164088
2.359134407291899e-07,0.2359134407291899,0.2359134407291899
4.2981649420095307e-07,0.4298164942009531,0.4298164942009531
8.756799959103375e-07,0.8756799959103375,0.8756799959103375
6.255759172291335e-07,0.6255759172291335,0.6255759172291335
2.381174215043965e-07,0.2381174215043965,0.2381174215043965
4.256598219250603e-07,0.4256598219250603,0.4256598219250603
8.710842818923541e-07,0.8710842818923542,0.8710842818923542
6.30053984944603e-07,0.6300539849446031,0.6300539849446031
2.4039735306264416e-07,0.24039735306264415,0.24039735306264415
4.2151576586766e-07,0.42151576586766004,0.42151576586766004
8.664897993875578e-07,0.8664897993875579,0.8664897993875579
6.345356839673903e-07,0.6345356839673904,0.6345356839673904
2.427510486088599e-07,0.2427510486088599,0.2427510486088599
4.1738471781859557e-07,0.4173847178185956,0.4173847178185956
8.618965711612989e-07,0.861896571161299,0.861896571161299
6.39020931776647e-07,0.6390209317766471,0.6390209317766471
2.451763369369689e-07,0.2451763369369689,0.2451763369369689
4.1326708424964846e-07,0.4132670842496485,0.4132670842496485
8.573046204807941e-07,0.8573046204807941,0.8573046204807941
6.435096481470775e-07,0.6435096481470777,0.6435096481470777
2.4767106816165074e-07,0.24767106816165074,0.24767106816165074
4.091632869289694e-07,0.4091632869289694,0.4091632869289694
8.52713971128542e-07,0.8527139711285421,0.8527139711285421
6.480017550729219e-07,0.6480017550729219,0.6480017550729219
2.502331188378205e-07,0.25023311883782046,0.25023311883782046
4.050737635612663e-07,0.40507376356126634,0.40507376356126634
8.481246474161623e-07,0.8481246474161623,0.8481246474161623
6.524971766948256e-07,0.6524971766948257,0.6524971766948257
2.5286039648594286e-07,0.25286039648594283,0.25286039648594283
4.0099896845456507e-07,0.4009989684545651,0.4009989684545651
8.435366741986718e-07,0.8435366741986718,0.8435366741986718
6.569958392294702e-07,0.6569958392294701,0.6569958392294701
2.5555084354664745e-07,0.2555508435466474,0.2555508435466474
3.969393732143339e-07,0.3969393732143339,0.3969393732143339
8.389500768892139e-07,0.838950076889214,0.838950076889214
6.614976709018529e-07,0.6614976709018529,0.6614976709018529
2.5830244079231127e-07,0.2583024407923113,0.2583024407923113
3.9289546746573143e-07,0.39289546746573145,0.39289546746573145
8.343648814742585e-07,0.8343648814742586,0.8343648814742586
6.660026018801012e-07,0.6660026018801013,0.6660026018801013
2.6111321022640326e-07,0.26111321022640327,0.26111321022640327
3.8886775960470025e-07,0.38886775960470027,0.38886775960470027
8.297811145292879e-07,0.8297811145292879,0.8297811145292879
6.705105642127192e-07,0.6705105642127192,0.6705105642127192
2.6398121750355297e-07,0.26398121750355297,0.26398121750355297
3.848567775785702e-07,0.38485677757857023,0.38485677757857023
8.251988032349887e-07,0.8251988032349887,0.8251988032349887
6.750214917681632e-07,0.6750214917681633,0.6750214917681633
2.6690457390462484e-07,0.26690457390462485,0.26690457390462485
3.8086306969677057e-07,0.38086306969677064,0.38086306969677064
8.206179753939669e-07,0.820617975393967,0.820617975393967
6.795353201766514e-07,0.6795353201766514,0.6795353201766514
2.698814379016595e-07,0.2698814379016595,0.2698814379016595
3.7688720547216746e-07,0.3768872054721674,0.3768872054721674
8.160386594480057e-07,0.8160386594480057,0.8160386594480057
6.840519867741133e-07,0.6840519867741134,0.6840519867741134
2.7291001634750604e-07,0.27291001634750606,0.27291001634750606
3.7292977649343764e-07,0.37292977649343767,0.37292977649343767
8.114608844958866e-07,0.8114608844958867,0.8114608844958867
6.885714305481957e-07,0.6885714305481958,0.6885714305481958
2.759885653244106e-07,0.27598856532441063,0.27598856532441063
3.6899139732877177e-07,0.3689913973287718,0.3689913973287718
8.068846803117953e-07,0.8068846803117953,0.8068846803117953
6.930935920862339e-07,0.6930935920862339,0.6930935920862339
2.791153906848537e-07,0.2791153906848537,0.2791153906848537
3.650727064610519e-07,0.3650727064610519,0.3650727064610519
8.023100773643317e-07,0.8023100773643317,0.8023100773643317
6.976184135251158e-07,0.6976184135251158,0.6976184135251158
2.822888483166255e-07,0.2822888483166255,0.2822888483166255
3.6117436725447523e-07,0.3611743672544752,0.3611743672544752
7.977371068361517e-07,0.7977371068361517,0.7977371068361517
7.021458385029563e-07,0.7021458385029562,0.7021458385029562
2.855073441625842e-07,0.28550734416258416,0.28550734416258416
3.572970689523985e-07,0.35729706895239854,0.35729706895239854
7.931658006442589e-07,0.7931658006442589,0.7931658006442589
7.066758121125109e-07,0.706675812112511,0.706675812112511
2.8876933402381516e-07,0.2887693340238152,0.2887693340238152
3.5344152770593685e-07,0.35344152770593684,0.35344152770593684
7.885961914609763e-07,0.7885961914609764,0.7885961914609764
7.112082808562595e-07,0.7112082808562595,0.7112082808562595
2.920733231730755e-07,0.2920733231730755,0.2920733231730755
3.496084876325836e-07,0.3496084876325836,0.3496084876325836
7.840283127356182e-07,0.7840283127356181,0.7840283127356181
7.157431926030902e-07,0.7157431926030902,0.7157431926030902
2.954178658035031e-07,0.2954178658035031,0.2954178658035031
3.457987219038025e-07,0.3457987219038025,0.3457987219038025
7.794621987168955e-07,0.7794621987168956,0.7794621987168956
7.202804965465223e-07,0.7202804965465223,0.7202804965465223
2.988015643356546e-07,0.29880156433565463,0.29880156433565463
3.4201303386018347e-07,0.3420130338601835,0.3420130338601835
7.748978844760786e-07,0.7748978844760787,0.7748978844760787
7.248201431644063e-07,0.7248201431644063,0.7248201431644063
3.0222306860402637e-07,0.30222306860402637,0.30222306860402637
3.382522581523468e-07,0.33825225815234683,0.33825225815234683
7.70335405930945e-07,0.770335405930945,0.770335405930945
7.293620841800402e-07,0.7293620841800402,0.7293620841800402
3.05681074942353e-07,0.305681074942353,0.305681074942353
3.345172619053106e-07,0.3345172619053106,0.3345172619053106
7.6577479987055e-07,0.76577479987055,0.76577479987055
7.339062725246489e-07,0.7339062725246489,0.7339062725246489
3.091743251851809e-07,0.3091743251851809,0.3091743251851809
3.308089459035142e-07,0.3308089459035142,0.3308089459035142
7.612161039808432e-07,0.7612161039808432,0.7612161039808432
7.384526623011727e-07,0.7384526623011727,0.7384526623011727
3.127016056014946e-07,0.3127016056014946,0.3127016056014946
3.271282457930939e-07,0.32712824579309396,0.32712824579309396
7.566593568711711e-07,0.7566593568711711,0.7566593568711711
7.430012087493107e-07,0.7430012087493107,0.7430012087493107
3.162617457745506e-07,0.31626174577455063,0.31626174577455063
3.234761332973438e-07,0.3234761332973438,0.3234761332973438
7.521045981016968e-07,0.7521045981016968,0.7521045981016968
7.475518682117734e-07,0.7475518682117734,0.7475518682117734
3.1985361744054855e-07,0.3198536174405485,0.3198536174405485
3.1985361744054855e-07,0.3198536174405485,0.3198536174405485
7.475518682117734e-07,0.7475518682117734,0.7475518682117734
7.521045981016968e-07,0.7521045981016968,0.7521045981016968
3.234761332973438e-07,0.3234761332973438,0.3234761332973438
3.162617457745506e-07,0.31626174577455063,0.31626174577455063
7.430012087493107e-07,0.7430012087493107,0.7430012087493107
7.566593568711711e-07,0.7566593568711711,0.7566593568711711
3.271282457930939e-07,0.32712824579309396,0.32712824579309396
3.127016056014946e-07,0.3127016056014946,0.3127016056014946
7.384526623011727e-07,0.7384526623011727,0.7384526623011727
7.612161039808432e-07,0.7612161039808432,0.7612161039808432
3.308089459035142e-07,0.3308089459035142,0.3308089459035142
3.091743251851809e-07,0.3091743251851809,0.3091743251851809
7.339062725246489e-07,0.7339062725246489,0.7339062725246489
7.6577479987055e-07,0.76577479987055,0.76577479987055
3.345172619053106e-07,0.3345172619053106,0.3345172619053106
3.05681074942353e-07,0.305681074942353,0.305681074942353
7.293620841800402e-07,0.7293620841800402,0.7293620841800402
7.70335405930945e-07,0.770335405930945,0.770335405930945
3.382522581523468e-07,0.33825225815234683,0.33825225815234683
3.0222306860402637e-07,0.30222306860402637,0.30222306860402637
7.248201431644063e-07,0.7248201431644063,0.7248201431644063
7.748978844760786e-07,0.7748978844760787,0.7748978844760787
3.4201303386018347e-07,0.3420130338601835,0.3420130338601835
2.988015643356546e-07,0.29880156433565463,0.29880156433565463
7.202804965465223e-07,0.7202804965465223,0.7202804965465223
7.794621987168955e-07,0.7794621987168956,0.7794621987168956
3.457987219038025e-07,0.3457987219038025,0.3457987219038025
2.954178658035031e-07,0.2954178658035031,0.2954178658035031
7.157431926030902e-07,0.7157431926030902,0.7157431926030902
7.840283127356182e-07,0.7840283127356181,0.7840283127356181
3.496084876325836e-07,0.3496084876325836,0.3496084876325836
2.920733231730755e-07,0.2920733231730755,0.2920733231730755
7.112082808562595e-07,0.7112082808562595,0.7112082808562595
7.885961914609763e-07,0.7885961914609764,0.7885961914609764
3.5344152770593685e-07,0.35344152770593684,0.35344152770593684
2.8876933402381516e-07,0.2887693340238152,0.2887693340238152
7.066758121125109e-07,0.706675812112511,0.706675812112511
7.931658006442589e-07,0.7931658006442589,0.7931658006442589
3.572970689523985e-07,0.35729706895239854,0.35729706895239854
2.855073441625842e-07,0.28550734416258416,0.28550734416258416
7.021458385029563e-07,0.7021458385029562,0.7021458385029562
7.977371068361517e-07,0.7977371068361517,0.7977371068361517
3.6117436725447523e-07,0.3611743672544752,0.3611743672544752
2.822888483166255e-07,0.2822888483166255,0.2822888483166255
6.976184135251158e-07,0.6976184135251158,0.6976184135251158
8.023100773643317e-07,0.8023100773643317,0.8023100773643317
3.650727064610519e-07,0.3650727064610519,0.3650727064610519
2.791153906848537e-07,0.2791153906848537,0.2791153906848537
6.930935920862339e-07,0.6930935920862339,0.6930935920862339
8.068846803117953e-07,0.8068846803117953,0.8068846803117953
3.6899139732877177e-07,0.3689913973287718,0.3689913973287718
2.759885653244106e-07,0.27598856532441063,0.27598856532441063
6.885714305481957e-07,0.6885714305481958,0.6885714305481958
8.114608844958868e-07,0.8114608844958868,0.8114608844958868
3.7292977649343775e-07,0.3729297764934377,0.3729297764934377
2.7291001634750594e-07,0.27291001634750595,0.27291001634750595
6.840519867741132e-07,0.6840519867741133,0.6840519867741133
8.160386594480057e-07,0.8160386594480057,0.8160386594480057
3.7688720547216746e-07,0.3768872054721674,0.3768872054721674
2.698814379016595e-07,0.2698814379016595,0.2698814379016595
6.795353201766514e-07,0.6795353201766514,0.6795353201766514
8.206179753939669e-07,0.820617975393967,0.820617975393967
3.8086306969677057e-07,0.38086306969677064,0.38086306969677064
2.6690457390462484e-07,0.26690457390462485,0.26690457390462485
6.750214917681632e-07,0.6750214917681633,0.6750214917681633
8.251988032349887e-07,0.8251988032349887,0.8251988032349887
3.848567775785702e-07,0.38485677757857023,0.38485677757857023
2.6398121750355297e-07,0.26398121750355297,0.26398121750355297
6.705105642127192e-07,0.6705105642127192,0.6705105642127192
8.297811145292879e-07,0.8297811145292879,0.8297811145292879
3.8886775960470025e-07,0.38886775960470027,0.38886775960470027
2.6111321022640326e-07,0.26111321022640327,0.26111321022640327
6.660026018801012e-07,0.6660026018801013,0.6660026018801013
8.343648814742587e-07,0.8343648814742588,0.8343648814742588
3.9289546746573154e-07,0.39289546746573156,0.39289546746573156
2.583024407923112e-07,0.25830244079231124,0.25830244079231124
6.614976709018528e-07,0.6614976709018527,0.6614976709018527
8.389500768892139e-07,0.838950076889214,0.838950076889214
3.969393732143339e-07,0.3969393732143339,0.3969393732143339
2.5555084354664745e-07,0.2555508435466474,0.2555508435466474
6.569958392294702e-07,0.6569958392294701,0.6569958392294701
8.435366741986718e-07,0.8435366741986718,0.8435366741986718
4.0099896845456507e-07,0.4009989684545651,0.4009989684545651
2.5286039648594286e-07,0.25286039648594283,0.25286039648594283
6.524971766948256e-07,0.6524971766948257,0.6524971766948257
8.481246474161623e-07,0.8481246474161623,0.8481246474161623
4.050737635612663e-07,0.40507376356126634,0.40507376356126634
2.502331188378205e-07,0.25023311883782046,0.25023311883782046
6.480017550729219e-07,0.6480017550729219,0.6480017550729219
8.52713971128542e-07,0.8527139711285421,0.8527139711285421
4.0916328692896946e-07,0.40916328692896947,0.40916328692896947
2.4767106816165074e-07,0.24767106816165074,0.24767106816165074
6.435096481470774e-07,0.6435096481470775,0.6435096481470775
8.573046204807943e-07,0.8573046204807943,0.8573046204807943
4.1326708424964867e-07,0.41326708424964864,0.41326708424964864
2.4517633693696876e-07,0.2451763369369688,0.2451763369369688
6.390209317766469e-07,0.6390209317766469,0.6390209317766469
8.618965711612989e-07,0.861896571161299,0.861896571161299
4.1738471781859557e-07,0.4173847178185956,0.4173847178185956
2.427510486088599e-07,0.2427510486088599,0.2427510486088599
6.345356839673903e-07,0.6345356839673904,0.6345356839673904
8.664897993875578e-07,0.8664897993875579,0.8664897993875579
4.2151576586766e-07,0.42151576586766004,0.42151576586766004
2.4039735306264416e-07,0.24039735306264415,0.24039735306264415
6.30053984944603e-07,0.6300539849446031,0.6300539849446031
8.710842818923541e-07,0.8710842818923542,0.8710842818923542
4.256598219250603e-07,0.4256598219250603,0.4256598219250603
2.381174215043965e-07,0.2381174215043965,0.2381174215043965
6.255759172291335e-07,0.6255759172291335,0.6255759172291335
8.756799959103375e-07,0.8756799959103375,0.8756799959103375
4.2981649420095307e-07,0.4298164942009531,0.4298164942009531
2.359134407291899e-07,0.2359134407291899,0.2359134407291899
6.211015657164089e-07,0.6211015657164088,0.6211015657164088
8.802769191650144e-07,0.8802769191650144,0.8802769191650144
4.3398540499793455e-07,0.43398540499793453,0.43398540499793453
2.3378760676555177e-07,0.23378760676555177,0.23378760676555177
6.166310177586082e-07,0.6166310177586082,0.6166310177586082
8.848750298561328e-07,0.8848750298561328,0.8848750298561328
4.381661901456375e-07,0.4381661901456375,0.4381661901456375
2.317421178925e-07,0.2317421178925,0.2317421178925
6.121643632501202e-07,0.6121643632501202,0.6121643632501202
8.89474306647448e-07,0.8894743066474481,0.8894743066474481
4.42358498458593e-07,0.442358498458593,0.442358498458593
2.2977916703469945e-07,0.22977916703469944,0.22977916703469944
6.077016947164283e-07,0.6077016947164283,0.6077016947164283
8.940747286548539e-07,0.8940747286548539,0.8940747286548539
4.465619912165193e-07,0.44656199121651935,0.44656199121651935
2.2790093355172014e-07,0.22790093355172014,0.22790093355172014
6.03243107406585e-07,0.603243107406585,0.603243107406585
8.986762754348685e-07,0.8986762754348685,0.8986762754348685
4.5077634166622035e-07,0.4507763416662204,0.4507763416662204
2.261095744489896e-07,0.22610957444898963,0.22610957444898963
5.987886993894266e-07,0.5987886993894267,0.5987886993894267
9.032789269734636e-07,0.9032789269734637,0.9032789269734637
4.550012345442774e-07,0.4550012345442774,0.4550012345442774
2.2440721505068613e-07,0.22440721505068614,0.22440721505068614
5.943385716537028e-07,0.5943385716537029,0.5943385716537029
9.078826636752238e-07,0.9078826636752239,0.9078826636752239
4.5923636561973666e-07,0.4592363656197367,0.4592363656197367
2.227959391882943e-07,0.22279593918829432,0.22279593918829432
5.898928282122957e-07,0.5898928282122957,0.5898928282122957
9.12487466352826e-07,0.912487466352826,0.912487466352826
4.634814412560131e-07,0.4634814412560131,0.4634814412560131
2.2127777897256862e-07,0.22127777897256862,0.22127777897256862
5.854515762107112e-07,0.5854515762107113,0.5854515762107113
9.17093316216827e-07,0.917093316216827,0.917093316216827
4.6773617799124283e-07,0.46773617799124284,0.46773617799124284
2.1985470423088418e-07,0.21985470423088416,0.21985470423088416
5.810149260400411e-07,0.5810149260400411,0.5810149260400411
9.217001948657503e-07,0.9217001948657503,0.9217001948657503
4.7200030213634406e-07,0.47200030213634403,0.47200030213634403
2.1852861170597496e-07,0.21852861170597496,0.21852861170597496
5.765829914545933e-07,0.5765829914545932,0.5765829914545932
9.263080842764616e-07,0.9263080842764616,0.9263080842764616
4.7627354939006103e-07,0.47627354939006106,0.47627354939006106
2.1730131412542173e-07,0.21730131412542172,0.21730131412542172
5.721558896944067e-07,0.5721558896944067,0.5721558896944067
9.30916966794823e-07,0.930916966794823,0.930916966794823
4.805556644702906e-07,0.4805556644702906,0.4805556644702906
2.1617452926343625e-07,0.21617452926343625,0.21617452926343625
5.677337416128735e-07,0.5677337416128735,0.5677337416128735
9.355268251266173e-07,0.9355268251266173,0.9355268251266173
4.848464007610133e-07,0.48484640076101326,0.48484640076101326
2.15149869126973e-07,0.215149869126973,0.215149869126973
5.633166718096984e-07,0.5633166718096984,0.5633166718096984
9.401376423287336e-07,0.9401376423287336,0.9401376423287336
4.891455199741687e-07,0.4891455199741688,0.4891455199741688
2.142288294064598e-07,0.21422882940645982,0.21422882940645982
5.58904808769446e-07,0.558904808769446,0.558904808769446
9.447494018006032e-07,0.9447494018006033,0.9447494018006033
4.934527918258457e-07,0.49345279182584567,0.49345279182584567
2.1341277933696718e-07,0.2134127793369672,0.2134127793369672
5.54498285005928e-07,0.5544982850059281,0.5544982850059281
9.493620872758845e-07,0.9493620872758846,0.9493620872758846
4.977679937261733e-07,0.4977679937261733,0.4977679937261733
2.1270295211799733e-07,0.21270295211799733,0.21270295211799733
5.500972372126981e-07,0.5500972372126981,0.5500972372126981
9.539756828143773e-07,0.9539756828143773,0.9539756828143773
5.020909104823237e-07,0.5020909104823238,0.5020909104823238
2.1210043603890477e-07,0.2121004360389048,0.2121004360389048
5.457018064199415e-07,0.5457018064199415,0.5457018064199415
9.585901727941723e-07,0.9585901727941722,0.9585901727941722
5.064213340140637e-07,0.5064213340140638,0.5064213340140638
2.116061664520187e-07,0.2116061664520187,0.2116061664520187
5.413121381580466e-07,0.5413121381580466,0.5413121381580466
9.632055419040175e-07,0.9632055419040176,0.9632055419040176
5.107590630813056e-07,0.5107590630813056,0.5107590630813056
2.1122091872671912e-07,0.21122091872671914,0.21122091872671914
5.369283826281735e-07,0.5369283826281736,0.5369283826281736
9.678217751358998e-07,0.9678217751359,0.9678217751359
5.151039030231388e-07,0.5151039030231388,0.5151039030231388
2.1094530230507294e-07,0.21094530230507294,0.21094530230507294
5.32550694880139e-07,0.5325506948801391,0.5325506948801391
9.724388577778355e-07,0.9724388577778355,0.9724388577778355
5.194556655078404e-07,0.5194556655078404,0.5194556655078404
2.1077975596337504e-07,0.21077975596337506,0.21077975596337506
5.281792349979547e-07,0.5281792349979547,0.5281792349979547
9.770567754068572e-07,0.9770567754068572,0.9770567754068572
5.238141682933783e-07,0.5238141682933783,0.5238141682933783
2.1072454436444965e-07,0.21072454436444965,0.21072454436444965
5.238141682933783e-07,0.5238141682933783,0.5238141682933783
9.816755138822014e-07,0.9816755138822014,0.9816755138822014
5.281792349979548e-07,0.5281792349979548,0.5281792349979548
2.1077975596337504e-07,0.21077975596337506,0.21077975596337506
5.194556655078403e-07,0.5194556655078403,0.5194556655078403
9.86295059338678e-07,0.986295059338678,0.986295059338678
5.325506948801391e-07,0.5325506948801391,0.5325506948801391
2.1094530230507294e-07,0.21094530230507294,0.21094530230507294
5.151039030231387e-07,0.5151039030231388,0.5151039030231388
9.909153981802248e-07,0.9909153981802249,0.9909153981802249
5.369283826281736e-07,0.5369283826281737,0.5369283826281737
2.1122091872671912e-07,0.21122091872671914,0.21122091872671914
5.107590630813054e-07,0.5107590630813055,0.5107590630813055
9.955365170736392e-07,0.9955365170736393,0.9955365170736393
5.413121381580466e-07,0.5413121381580467,0.5413121381580467
2.116061664520187e-07,0.2116061664520187,0.2116061664520187
5.064213340140636e-07,0.5064213340140636,0.5064213340140636
1.0001584029424788e-06,1.0001584029424788,1.0001584029424788
5.457018064199415e-07,0.5457018064199415,0.5457018064199415
2.1210043603890477e-07,0.2121004360389048,0.2121004360389048
5.020909104823237e-07,0.5020909104823238,0.5020909104823238
1.0047810429611293e-06,1.0047810429611292,1.0047810429611292
5.500972372126982e-07,0.5500972372126982,0.5500972372126982
2.1270295211799733e-07,0.21270295211799733,0.21270295211799733
4.977679937261732e-07,0.49776799372617314,0.49776799372617314
1.0094044245490317e-06,1.009404424549032,1.009404424549032
5.544982850059281e-07,0.5544982850059281,0.5544982850059281
2.134127793369672e-07,0.2134127793369672,0.2134127793369672
4.934527918258456e-07,0.4934527918258455,0.4934527918258455
1.014028535365066e-06,1.014028535365066,1.014028535365066
5.589048087694461e-07,0.5589048087694461,0.5589048087694461
2.1422882940645984e-07,0.21422882940645985,0.21422882940645985
4.891455199741686e-07,0.4891455199741686,0.4891455199741686
1.0186533633020848e-06,1.0186533633020847,1.0186533633020847
5.633166718096985e-07,0.5633166718096985,0.5633166718096985
2.1514986912697304e-07,0.21514986912697306,0.21514986912697306
4.848464007610131e-07,0.48484640076101315,0.48484640076101315
1.0232788964815932e-06,1.023278896481593,1.023278896481593
5.677337416128735e-07,0.5677337416128735,0.5677337416128735
2.1617452926343625e-07,0.21617452926343625,0.21617452926343625
4.805556644702906e-07,0.4805556644702906,0.4805556644702906
1.0279051232485711e-06,1.0279051232485712,1.0279051232485712
5.721558896944068e-07,0.5721558896944069,0.5721558896944069
2.1730131412542175e-07,0.21730131412542178,0.21730131412542178
4.7627354939006087e-07,0.4762735493900609,0.4762735493900609
1.0325320321664325e-06,1.0325320321664326,1.0325320321664326
5.765829914545934e-07,0.5765829914545935,0.5765829914545935
2.18528611705975e-07,0.21852861170597498,0.21852861170597498
4.7200030213634396e-07,0.472000302136344,0.472000302136344
1.0371596120121156e-06,1.0371596120121156,1.0371596120121156
5.810149260400411e-07,0.5810149260400411,0.5810149260400411
2.1985470423088418e-07,0.21985470423088416,0.21985470423088416
4.6773617799124283e-07,0.46773617799124284,0.46773617799124284
1.0417878517713067e-06,1.0417878517713068,1.0417878517713068
5.854515762107113e-07,0.5854515762107114,0.5854515762107114
2.2127777897256865e-07,0.22127777897256865,0.22127777897256865
4.6348144125601307e-07,0.4634814412560131,0.4634814412560131
1.0464167406337852e-06,1.0464167406337854,1.0464167406337854
5.898928282122957e-07,0.5898928282122957,0.5898928282122957
2.227959391882943e-07,0.22279593918829432,0.22279593918829432
4.5923636561973666e-07,0.4592363656197367,0.4592363656197367
1.0510462679888923e-06,1.0510462679888923,1.0510462679888923
5.943385716537029e-07,0.594338571653703,0.594338571653703
2.244072150506862e-07,0.2244072150506862,0.2244072150506862
4.5500123454427734e-07,0.4550012345442774,0.4550012345442774
1.0556764234211169e-06,1.055676423421117,1.055676423421117
5.987886993894268e-07,0.5987886993894268,0.5987886993894268
2.2610957444898963e-07,0.22610957444898966,0.22610957444898966
4.507763416662203e-07,0.4507763416662203,0.4507763416662203
1.060307196705795e-06,1.060307196705795,1.060307196705795
6.03243107406585e-07,0.603243107406585,0.603243107406585
2.2790093355172014e-07,0.22790093355172014,0.22790093355172014
4.465619912165193e-07,0.44656199121651935,0.44656199121651935
1.064938577804923e-06,1.064938577804923,1.064938577804923
6.077016947164284e-07,0.6077016947164285,0.6077016947164285
2.297791670346995e-07,0.2297791670346995,0.2297791670346995
4.4235849845859285e-07,0.4423584984585929,0.4423584984585929
1.069570556863074e-06,1.0695705568630742,1.0695705568630742
6.121643632501202e-07,0.6121643632501202,0.6121643632501202
2.317421178925e-07,0.2317421178925,0.2317421178925
4.381661901456375e-07,0.4381661901456375,0.4381661901456375
1.0742031242034242e-06,1.0742031242034242,1.0742031242034242
6.166310177586083e-07,0.6166310177586084,0.6166310177586084
2.3378760676555182e-07,0.23378760676555183,0.23378760676555183
4.3398540499793445e-07,0.4339854049979344,0.4339854049979344
1.0788362703238756e-06,1.0788362703238754,1.0788362703238754
6.21101565716409e-07,0.621101565716409,0.621101565716409
2.3591344072918998e-07,0.23591344072919,0.23591344072919
4.29816494200953e-07,0.429816494200953,0.429816494200953
1.0834699858932794e-06,1.0834699858932795,1.0834699858932795
6.255759172291335e-07,0.6255759172291335,0.6255759172291335
2.381174215043965e-07,0.2381174215043965,0.2381174215043965
4.256598219250603e-07,0.4256598219250603,0.4256598219250603
1.088104261747758e-06,1.0881042617477579,1.0881042617477579
6.300539849446033e-07,0.6300539849446032,0.6300539849446032
2.403973530626442e-07,0.24039735306264423,0.24039735306264423
4.215157658676599e-07,0.42151576586765993,0.42151576586765993
1.0927390888871125e-06,1.0927390888871125,1.0927390888871125
6.345356839673903e-07,0.6345356839673904,0.6345356839673904
2.427510486088599e-07,0.2427510486088599,0.2427510486088599
4.1738471781859557e-07,0.4173847178185956,0.4173847178185956
1.097374458471329e-06,1.097374458471329,1.097374458471329
6.39020931776647e-07,0.6390209317766471,0.6390209317766471
2.4517633693696887e-07,0.24517633693696886,0.24517633693696886
4.132670842496485e-07,0.4132670842496486,0.4132670842496486
1.1020103618171657e-06,1.102010361817166,1.102010361817166
6.435096481470775e-07,0.6435096481470777,0.6435096481470777
2.476710681616508e-07,0.2476710681616508,0.2476710681616508
4.091632869289693e-07,0.40916328692896936,0.40916328692896936
1.1066467903948288e-06,1.1066467903948287,1.1066467903948287
6.480017550729219e-07,0.6480017550729219,0.6480017550729219
2.502331188378205e-07,0.25023311883782046,0.25023311883782046
4.050737635612663e-07,0.40507376356126634,0.40507376356126634
1.1112837358247293e-06,1.1112837358247294,1.1112837358247294
6.524971766948257e-07,0.6524971766948258,0.6524971766948258
2.528603964859429e-07,0.25286039648594294,0.25286039648594294
4.00998968454565e-07,0.40099896845456506,0.40099896845456506
1.115921189874321e-06,1.115921189874321,1.115921189874321
6.569958392294702e-07,0.6569958392294701,0.6569958392294701
2.5555084354664745e-07,0.2555508435466474,0.2555508435466474
3.969393732143339e-07,0.3969393732143339,0.3969393732143339
1.1205591444550167e-06,1.1205591444550167,1.1205591444550167
6.614976709018529e-07,0.6614976709018529,0.6614976709018529
2.5830244079231127e-07,0.2583024407923113,0.2583024407923113
3.9289546746573143e-07,0.39289546746573145,0.39289546746573145
1.1251975916191793e-06,1.1251975916191794,1.1251975916191794
6.660026018801014e-07,0.6660026018801014,0.6660026018801014
2.611132102264033e-07,0.2611132102264033,0.2611132102264033
3.888677596047002e-07,0.3888677596047002,0.3888677596047002
1.1298365235571859e-06,1.129836523557186,1.129836523557186
6.705105642127192e-07,0.6705105642127192,0.6705105642127192
2.6398121750355297e-07,0.26398121750355297,0.26398121750355297
3.848567775785702e-07,0.38485677757857023,0.38485677757857023
1.1344759325945674e-06,1.1344759325945675,1.1344759325945675
6.750214917681634e-07,0.6750214917681634,0.6750214917681634
2.669045739046249e-07,0.2669045739046249,0.2669045739046249
3.808630696967705e-07,0.38086306969677053,0.38086306969677053
1.1391158111892116e-06,1.1391158111892117,1.1391158111892117
6.795353201766514e-07,0.6795353201766514,0.6795353201766514
2.698814379016595e-07,0.2698814379016595,0.2698814379016595
3.7688720547216746e-07,0.3768872054721674,0.3768872054721674
1.14375615192864e-06,1.14375615192864,1.14375615192864
6.840519867741133e-07,0.6840519867741134,0.6840519867741134
2.7291001634750604e-07,0.27291001634750606,0.27291001634750606
3.7292977649343764e-07,0.37292977649343767,0.37292977649343767
1.1483969475273461e-06,1.1483969475273461,1.1483969475273461
6.885714305481959e-07,0.6885714305481959,0.6885714305481959
2.759885653244107e-07,0.2759885653244107,0.2759885653244107
3.689913973287717e-07,0.36899139732877173,0.36899139732877173
1.1530381908241995e-06,1.1530381908241996,1.1530381908241996
6.930935920862339e-07,0.6930935920862339,0.6930935920862339
2.791153906848537e-07,0.2791153906848537,0.2791153906848537
3.650727064610519e-07,0.3650727064610519,0.3650727064610519
1.1576798747799128e-06,1.1576798747799129,1.1576798747799129
6.976184135251159e-07,0.697618413525116,0.697618413525116
2.822888483166256e-07,0.2822888483166256,0.2822888483166256
3.6117436725447507e-07,0.36117436725447505,0.36117436725447505
1.1623219924745667e-06,1.1623219924745667,1.1623219924745667
7.021458385029563e-07,0.7021458385029562,0.7021458385029562
2.855073441625842e-07,0.28550734416258416,0.28550734416258416
3.572970689523985e-07,0.35729706895239854,0.35729706895239854
1.166964537105197e-06,1.166964537105197,1.166964537105197
7.066758121125109e-07,0.706675812112511,0.706675812112511
2.8876933402381516e-07,0.2887693340238152,0.2887693340238152
3.5344152770593685e-07,0.35344152770593684,0.35344152770593684
1.1716075019834359e-06,1.171607501983436,1.171607501983436
7.112082808562596e-07,0.7112082808562596,0.7112082808562596
2.920733231730756e-07,0.2920733231730756,0.2920733231730756
3.4960848763258346e-07,0.3496084876325835,0.3496084876325835
1.1762508805332104e-06,1.1762508805332104,1.1762508805332104
7.157431926030902e-07,0.7157431926030902,0.7157431926030902
2.954178658035031e-07,0.2954178658035031,0.2954178658035031
3.457987219038025e-07,0.3457987219038025,0.3457987219038025
1.1808946662884957e-06,1.1808946662884958,1.1808946662884958
7.202804965465224e-07,0.7202804965465224,0.7202804965465224
2.988015643356547e-07,0.29880156433565475,0.29880156433565475
3.4201303386018337e-07,0.3420130338601834,0.3420130338601834
1.1855388528911198e-06,1.1855388528911197,1.1855388528911197
7.248201431644063e-07,0.7248201431644063,0.7248201431644063
3.0222306860402637e-07,0.30222306860402637,0.30222306860402637
3.382522581523468e-07,0.33825225815234683,0.33825225815234683
1.19018343408862e-06,1.1901834340886202,1.1901834340886202
7.293620841800402e-07,0.7293620841800402,0.7293620841800402
3.05681074942353e-07,0.305681074942353,0.305681074942353
3.345172619053106e-07,0.3345172619053106,0.3345172619053106
1.1948284037321494e-06,1.1948284037321495,1.1948284037321495
7.33906272524649e-07,0.7339062725246491,0.7339062725246491
3.0917432518518107e-07,0.30917432518518106,0.30917432518518106
3.30808945903514e-07,0.33080894590351406,0.33080894590351406
1.1994737557744313e-06,1.1994737557744313,1.1994737557744313
7.384526623011727e-07,0.7384526623011727,0.7384526623011727
3.127016056014946e-07,0.3127016056014946,0.3127016056014946
3.271282457930939e-07,0.32712824579309396,0.32712824579309396
1.2041194842677626e-06,1.2041194842677627,1.2041194842677627
7.430012087493108e-07,0.7430012087493109,0.7430012087493109
3.1626174577455073e-07,0.31626174577455074,0.31626174577455074
3.234761332973437e-07,0.3234761332973437,0.3234761332973437
1.2087655833620612e-06,1.2087655833620612,1.2087655833620612
7.475518682117734e-07,0.7475518682117734,0.7475518682117734
3.1985361744054855e-07,0.3198536174405485,0.3198536174405485
3.1985361744054855e-07,0.3198536174405485,0.3198536174405485
1.2134120473029596e-06,1.2134120473029595,1.2134120473029595
7.521045981016968e-07,0.7521045981016968,0.7521045981016968
3.234761332973438e-07,0.3234761332973438,0.3234761332973438
3.162617457745506e-07,0.31626174577455063,0.31626174577455063
1.2180588704299416e-06,1.2180588704299415,1.2180588704299415
7.566593568711712e-07,0.7566593568711711,0.7566593568711711
3.271282457930941e-07,0.3271282457930941,0.3271282457930941
3.1270160560149444e-07,0.3127016056014945,0.3127016056014945
1.2227060471745214e-06,1.2227060471745215,1.2227060471745215
7.612161039808432e-07,0.7612161039808432,0.7612161039808432
3.308089459035142e-07,0.3308089459035142,0.3308089459035142
3.091743251851809e-07,0.3091743251851809,0.3091743251851809
1.2273535720584644e-06,1.2273535720584643,1.2273535720584643
7.6577479987055e-07,0.76577479987055,0.76577479987055
3.345172619053107e-07,0.33451726190531067,0.33451726190531067
3.056810749423529e-07,0.3056810749423529,0.3056810749423529
1.232001439692048e-06,1.232001439692048,1.232001439692048
7.70335405930945e-07,0.770335405930945,0.770335405930945
3.382522581523468e-07,0.33825225815234683,0.33825225815234683
3.0222306860402637e-07,0.30222306860402637,0.30222306860402637
1.2366496447723632e-06,1.2366496447723632,1.2366496447723632
7.748978844760786e-07,0.7748978844760787,0.7748978844760787
3.4201303386018347e-07,0.3420130338601835,0.3420130338601835
2.988015643356546e-07,0.29880156433565463,0.29880156433565463
1.2412981820816502e-06,1.2412981820816502,1.2412981820816502
7.794621987168955e-07,0.7794621987168956,0.7794621987168956
3.457987219038025e-07,0.3457987219038025,0.3457987219038025
2.954178658035031e-07,0.2954178658035031,0.2954178658035031
1.2459470464856775e-06,1.2459470464856774,1.2459470464856774
7.840283127356182e-07,0.7840283127356181,0.7840283127356181
3.496084876325836e-07,0.3496084876325836,0.3496084876325836
2.920733231730755e-07,0.2920733231730755,0.2920733231730755
1.250596232932151e-06,1.250596232932151,1.250596232932151
7.885961914609763e-07,0.7885961914609764,0.7885961914609764
3.5344152770593685e-07,0.35344152770593684,0.35344152770593684
2.8876933402381516e-07,0.2887693340238152,0.2887693340238152
1.2552457364491631e-06,1.2552457364491632,1.2552457364491632
7.931658006442589e-07,0.7931658006442589,0.7931658006442589
3.572970689523985e-07,0.35729706895239854,0.35729706895239854
2.855073441625842e-07,0.28550734416258416,0.28550734416258416
1.2598955521436745e-06,1.2598955521436745,1.2598955521436745
7.977371068361517e-07,0.7977371068361517,0.7977371068361517
3.6117436725447523e-07,0.3611743672544752,0.3611743672544752
2.822888483166255e-07,0.2822888483166255,0.2822888483166255
1.264545675200029e-06,1.2645456752000293,1.2645456752000293
8.023100773643317e-07,0.8023100773643317,0.8023100773643317
3.650727064610519e-07,0.3650727064610519,0.3650727064610519
2.791153906848537e-07,0.2791153906848537,0.2791153906848537
1.2691961008785027e-06,1.2691961008785027,1.2691961008785027
8.068846803117953e-07,0.8068846803117953,0.8068846803117953
3.6899139732877177e-07,0.3689913973287718,0.3689913973287718
2.759885653244106e-07,0.27598856532441063,0.27598856532441063
1.273846824513882e-06,1.273846824513882,1.273846824513882
8.114608844958866e-07,0.8114608844958867,0.8114608844958867
3.7292977649343764e-07,0.37292977649343767,0.37292977649343767
2.7291001634750604e-07,0.27291001634750606,0.27291001634750606
1.2784978415140772e-06,1.2784978415140773,1.2784978415140773
8.160386594480057e-07,0.8160386594480057,0.8160386594480057
3.7688720547216746e-07,0.3768872054721674,0.3768872054721674
2.698814379016595e-07,0.2698814379016595,0.2698814379016595
1.2831491473587628e-06,1.2831491473587628,1.2831491473587628
8.206179753939669e-07,0.820617975393967,0.820617975393967
3.8086306969677057e-07,0.38086306969677064,0.38086306969677064
2.6690457390462484e-07,0.26690457390462485,0.26690457390462485
1.2878007375980487e-06,1.2878007375980487,1.2878007375980487
8.251988032349887e-07,0.8251988032349887,0.8251988032349887
3.848567775785702e-07,0.38485677757857023,0.38485677757857023
2.6398121750355297e-07,0.26398121750355297,0.26398121750355297
1.2924526078511799e-06,1.29245260785118,1.29245260785118
8.297811145292879e-07,0.8297811145292879,0.8297811145292879
3.8886775960470025e-07,0.38886775960470027,0.38886775960470027
2.6111321022640326e-07,0.26111321022640327,0.26111321022640327
1.2971047538052658e-06,1.2971047538052658,1.2971047538052658
8.343648814742585e-07,0.8343648814742586,0.8343648814742586
3.9289546746573143e-07,0.39289546746573145,0.39289546746573145
2.5830244079231127e-07,0.2583024407923113,0.2583024407923113
1.3017571712140327e-06,1.3017571712140328,1.3017571712140328
8.389500768892139e-07,0.838950076889214,0.838950076889214
3.969393732143339e-07,0.3969393732143339,0.3969393732143339
2.5555084354664745e-07,0.2555508435466474,0.2555508435466474
1.3064098558966095e-06,1.3064098558966095,1.3064098558966095
8.435366741986718e-07,0.8435366741986718,0.8435366741986718
4.0099896845456507e-07,0.4009989684545651,0.4009989684545651
2.5286039648594286e-07,0.25286039648594283,0.25286039648594283
1.311062803736333e-06,1.3110628037363332,1.3110628037363332
8.481246474161623e-07,0.8481246474161623,0.8481246474161623
4.050737635612663e-07,0.40507376356126634,0.40507376356126634
2.502331188378205e-07,0.25023311883782046,0.25023311883782046
1.315716010679584e-06,1.315716010679584,1.315716010679584
8.52713971128542e-07,0.8527139711285421,0.8527139711285421
4.0916328692896946e-07,0.40916328692896947,0.40916328692896947
2.4767106816165074e-07,0.24767106816165074,0.24767106816165074
1.3203694727346428e-06,1.3203694727346427,1.3203694727346427
8.573046204807941e-07,0.8573046204807941,0.8573046204807941
4.132670842496485e-07,0.4132670842496486,0.4132670842496486
2.4517633693696887e-07,0.24517633693696886,0.24517633693696886
1.3250231859705743e-06,1.3250231859705746,1.3250231859705746
8.618965711612989e-07,0.861896571161299,0.861896571161299
4.1738471781859557e-07,0.4173847178185956,0.4173847178185956
2.427510486088599e-07,0.2427510486088599,0.2427510486088599
1.329677146516134e-06,1.3296771465161341,1.3296771465161341
8.664897993875578e-07,0.8664897993875579,0.8664897993875579
4.2151576586766e-07,0.42151576586766004,0.42151576586766004
2.4039735306264416e-07,0.24039735306264415,0.24039735306264415
1.334331350558696e-06,1.334331350558696,1.334331350558696
8.710842818923541e-07,0.8710842818923542,0.8710842818923542
4.256598219250603e-07,0.4256598219250603,0.4256598219250603
2.381174215043965e-07,0.2381174215043965,0.2381174215043965
1.3389857943432052e-06,1.3389857943432053,1.3389857943432053
8.756799959103375e-07,0.8756799959103375,0.8756799959103375
4.2981649420095307e-07,0.4298164942009531,0.4298164942009531
2.359134407291899e-07,0.2359134407291899,0.2359134407291899
1.3436404741711525e-06,1.3436404741711525,1.3436404741711525
8.802769191650143e-07,0.8802769191650143,0.8802769191650143
4.3398540499793445e-07,0.4339854049979344,0.4339854049979344
2.3378760676555182e-07,0.23378760676555183,0.23378760676555183
1.3482953863995677e-06,1.3482953863995677,1.3482953863995677
8.848750298561328e-07,0.8848750298561328,0.8848750298561328
4.381661901456375e-07,0.4381661901456375,0.4381661901456375
2.317421178925e-07,0.2317421178925,0.2317421178925
1.352950527440037e-06,1.352950527440037,1.352950527440037
8.89474306647448e-07,0.8894743066474481,0.8894743066474481
4.42358498458593e-07,0.442358498458593,0.442358498458593
2.2977916703469945e-07,0.22977916703469944,0.22977916703469944
1.3576058937577388e-06,1.3576058937577389,1.3576058937577389
8.940747286548539e-07,0.8940747286548539,0.8940747286548539
4.465619912165193e-07,0.44656199121651935,0.44656199121651935
2.2790093355172014e-07,0.22790093355172014,0.22790093355172014
1.3622614818705004e-06,1.3622614818705006,1.3622614818705006
8.986762754348685e-07,0.8986762754348685,0.8986762754348685
4.5077634166622035e-07,0.4507763416662204,0.4507763416662204
2.261095744489896e-07,0.22610957444898963,0.22610957444898963
1.3669172883478741e-06,1.3669172883478742,1.3669172883478742
9.032789269734635e-07,0.9032789269734635,0.9032789269734635
4.5500123454427734e-07,0.4550012345442774,0.4550012345442774
2.244072150506862e-07,0.2244072150506862,0.2244072150506862
1.3715733098102313e-06,1.3715733098102312,1.3715733098102312
9.078826636752238e-07,0.9078826636752239,0.9078826636752239
4.5923636561973666e-07,0.4592363656197367,0.4592363656197367
2.227959391882943e-07,0.22279593918829432,0.22279593918829432
1.3762295429278753e-06,1.3762295429278755,1.3762295429278755
9.12487466352826e-07,0.912487466352826,0.912487466352826
4.634814412560131e-07,0.4634814412560131,0.4634814412560131
2.2127777897256862e-07,0.22127777897256862,0.22127777897256862
1.3808859844201745e-06,1.3808859844201746,1.3808859844201746
9.17093316216827e-07,0.917093316216827,0.917093316216827
4.6773617799124283e-07,0.46773617799124284,0.46773617799124284
2.1985470423088418e-07,0.21985470423088416,0.21985470423088416
1.3855426310547104e-06,1.3855426310547105,1.3855426310547105
9.217001948657503e-07,0.9217001948657503,0.9217001948657503
4.7200030213634406e-07,0.47200030213634403,0.47200030213634403
2.1852861170597496e-07,0.21852861170597496,0.21852861170597496
1.3901994796464434e-06,1.3901994796464436,1.3901994796464436
9.263080842764616e-07,0.9263080842764616,0.9263080842764616
4.7627354939006087e-07,0.4762735493900609,0.4762735493900609
2.1730131412542175e-07,0.21730131412542178,0.21730131412542178
1.3948565270568977e-06,1.3948565270568978,1.3948565270568978
9.30916966794823e-07,0.930916966794823,0.930916966794823
4.805556644702906e-07,0.4805556644702906,0.4805556644702906
2.1617452926343625e-07,0.21617452926343625,0.21617452926343625
1.3995137701933584e-06,1.3995137701933587,1.3995137701933587
9.355268251266173e-07,0.9355268251266173,0.9355268251266173
4.848464007610133e-07,0.48484640076101326,0.48484640076101326
2.15149869126973e-07,0.215149869126973,0.215149869126973
1.4041712060080906e-06,1.4041712060080909,1.4041712060080909
9.401376423287332e-07,0.9401376423287333,0.9401376423287333
4.891455199741686e-07,0.4891455199741686,0.4891455199741686
2.1422882940645984e-07,0.21422882940645985,0.21422882940645985
1.408828831497568e-06,1.408828831497568,1.408828831497568
9.447494018006032e-07,0.9447494018006033,0.9447494018006033
4.934527918258457e-07,0.49345279182584567,0.49345279182584567
2.1341277933696718e-07,0.2134127793369672,0.2134127793369672
1.413486643701721e-06,1.413486643701721,1.413486643701721
9.493620872758842e-07,0.9493620872758842,0.9493620872758842
4.977679937261732e-07,0.49776799372617314,0.49776799372617314
2.1270295211799733e-07,0.21270295211799733,0.21270295211799733
1.4181446397031994e-06,1.4181446397031994,1.4181446397031994
9.539756828143773e-07,0.9539756828143773,0.9539756828143773
5.020909104823237e-07,0.5020909104823238,0.5020909104823238
2.1210043603890477e-07,0.2121004360389048,0.2121004360389048
1.4228028166266466e-06,1.4228028166266466,1.4228028166266466
9.585901727941723e-07,0.9585901727941722,0.9585901727941722
5.064213340140637e-07,0.5064213340140638,0.5064213340140638
2.116061664520187e-07,0.2116061664520187,0.2116061664520187
1.4274611716379928e-06,1.4274611716379926,1.4274611716379926
9.632055419040173e-07,0.9632055419040175,0.9632055419040175
5.107590630813054e-07,0.5107590630813055,0.5107590630813055
2.1122091872671912e-07,0.21122091872671914,0.21122091872671914
1.4321197019437586e-06,1.4321197019437586,1.4321197019437586
9.678217751358998e-07,0.9678217751359,0.9678217751359
5.151039030231388e-07,0.5151039030231388,0.5151039030231388
2.1094530230507294e-07,0.21094530230507294,0.21094530230507294
1.4367784047903736e-06,1.4367784047903738,1.4367784047903738
9.724388577778353e-07,0.9724388577778352,0.9724388577778352
5.194556655078403e-07,0.5194556655078403,0.5194556655078403
2.1077975596337504e-07,0.21077975596337506,0.21077975596337506
1.4414372774635088e-06,1.4414372774635087,1.4414372774635087
9.770567754068572e-07,0.9770567754068572,0.9770567754068572
5.238141682933783e-07,0.5238141682933783,0.5238141682933783
2.1072454436444965e-07,0.21072454436444965,0.21072454436444965
1.446096317287421e-06,1.446096317287421,1.446096317287421
9.816755138822014e-07,0.9816755138822014,0.9816755138822014
5.281792349979548e-07,0.5281792349979548,0.5281792349979548
2.1077975596337504e-07,0.21077975596337506,0.21077975596337506
1.4507555216243116e-06,1.4507555216243115,1.4507555216243115
9.862950593386778e-07,0.986295059338678,0.986295059338678
5.32550694880139e-07,0.5325506948801391,0.5325506948801391
2.1094530230507294e-07,0.21094530230507294,0.21094530230507294
1.455414887873695e-06,1.455414887873695,1.455414887873695
9.909153981802248e-07,0.9909153981802249,0.9909153981802249
5.369283826281736e-07,0.5369283826281737,0.5369283826281737
2.1122091872671912e-07,0.21122091872671914,0.21122091872671914
1.4600744134717826e-06,1.4600744134717827,1.4600744134717827
9.955365170736392e-07,0.9955365170736392,0.9955365170736392
5.413121381580466e-07,0.5413121381580466,0.5413121381580466
2.116061664520187e-07,0.2116061664520187,0.2116061664520187
1.4647340958908771e-06,1.4647340958908772,1.4647340958908772
1.0001584029424788e-06,1.0001584029424788,1.0001584029424788
5.457018064199415e-07,0.5457018064199415,0.5457018064199415
2.1210043603890477e-07,0.2121004360389048,0.2121004360389048
1.4693939326387783e-06,1.4693939326387784,1.4693939326387784
1.0047810429611293e-06,1.0047810429611292,1.0047810429611292
5.500972372126982e-07,0.5500972372126982,0.5500972372126982
2.1270295211799733e-07,0.21270295211799733,0.21270295211799733
1.4740539212581998e-06,1.4740539212581998,1.4740539212581998
1.0094044245490317e-06,1.0094044245490317,1.0094044245490317
5.54498285005928e-07,0.5544982850059281,0.5544982850059281
2.1341277933696718e-07,0.2134127793369672,0.2134127793369672
1.4787140593261987e-06,1.478714059326199,1.478714059326199
1.014028535365066e-06,1.014028535365066,1.014028535365066
5.589048087694461e-07,0.5589048087694461,0.5589048087694461
2.1422882940645984e-07,0.21422882940645985,0.21422882940645985
1.483374344453616e-06,1.4833743444536158,1.4833743444536158
1.0186533633020846e-06,1.0186533633020844,1.0186533633020844
5.633166718096984e-07,0.5633166718096984,0.5633166718096984
2.15149869126973e-07,0.215149869126973,0.215149869126973
1.488034774284524e-06,1.4880347742845241,1.4880347742845241
1.0232788964815932e-06,1.023278896481593,1.023278896481593
5.677337416128735e-07,0.5677337416128735,0.5677337416128735
2.1617452926343625e-07,0.21617452926343625,0.21617452926343625
1.4926953464956898e-06,1.4926953464956898,1.4926953464956898
1.0279051232485711e-06,1.0279051232485712,1.0279051232485712
5.721558896944068e-07,0.5721558896944069,0.5721558896944069
2.1730131412542175e-07,0.21730131412542178,0.21730131412542178
1.497356058796046e-06,1.4973560587960462,1.4973560587960462
1.0325320321664325e-06,1.0325320321664324,1.0325320321664324
5.765829914545933e-07,0.5765829914545932,0.5765829914545932
2.1852861170597496e-07,0.21852861170597496,0.21852861170597496
1.5020169089261688e-06,1.502016908926169,1.502016908926169
1.0371596120121156e-06,1.0371596120121156,1.0371596120121156
5.810149260400411e-07,0.5810149260400411,0.5810149260400411
2.1985470423088418e-07,0.21985470423088416,0.21985470423088416
1.5066778946577734e-06,1.5066778946577732,1.5066778946577732
1.0417878517713067e-06,1.0417878517713068,1.0417878517713068
5.854515762107112e-07,0.5854515762107113,0.5854515762107113
2.2127777897256862e-07,0.22127777897256862,0.22127777897256862
1.5113390137932087e-06,1.5113390137932088,1.5113390137932088
1.0464167406337852e-06,1.0464167406337854,1.0464167406337854
5.898928282122957e-07,0.5898928282122957,0.5898928282122957
2.227959391882943e-07,0.22279593918829432,0.22279593918829432
1.5160002641649729e-06,1.5160002641649728,1.5160002641649728
1.0510462679888923e-06,1.0510462679888923,1.0510462679888923
5.943385716537029e-07,0.594338571653703,0.594338571653703
2.244072150506862e-07,0.2244072150506862,0.2244072150506862
1.5206616436352273e-06,1.5206616436352272,1.5206616436352272
1.0556764234211167e-06,1.055676423421117,1.055676423421117
5.987886993894266e-07,0.5987886993894267,0.5987886993894267
2.261095744489896e-07,0.22610957444898963,0.22610957444898963
1.5253231500953271e-06,1.5253231500953273,1.5253231500953273
1.060307196705795e-06,1.060307196705795,1.060307196705795
6.03243107406585e-07,0.603243107406585,0.603243107406585
2.2790093355172014e-07,0.22790093355172014,0.22790093355172014
1.5299847814653564e-06,1.5299847814653567,1.5299847814653567
1.0649385778049227e-06,1.064938577804923,1.064938577804923
6.077016947164283e-07,0.6077016947164283,0.6077016947164283
2.2977916703469945e-07,0.22977916703469944,0.22977916703469944
1.534646535693675e-06,1.534646535693675,1.534646535693675
1.069570556863074e-06,1.0695705568630742,1.0695705568630742
6.121643632501202e-07,0.6121643632501202,0.6121643632501202
2.317421178925e-07,0.2317421178925,0.2317421178925
1.5393084107564686e-06,1.5393084107564687,1.5393084107564687
1.0742031242034242e-06,1.0742031242034242,1.0742031242034242
6.166310177586083e-07,0.6166310177586084,0.6166310177586084
2.3378760676555182e-07,0.23378760676555183,0.23378760676555183
1.5439704046573157e-06,1.5439704046573157,1.5439704046573157
1.0788362703238753e-06,1.0788362703238754,1.0788362703238754
6.211015657164089e-07,0.6211015657164088,0.6211015657164088
2.359134407291899e-07,0.2359134407291899,0.2359134407291899
1.5486325154267525e-06,1.5486325154267526,1.5486325154267526
1.0834699858932796e-06,1.0834699858932797,1.0834699858932797
6.255759172291338e-07,0.6255759172291339,0.6255759172291339
2.3811742150439659e-07,0.2381174215043966,0.2381174215043966
1.5532947411218524e-06,1.5532947411218523,1.5532947411218523
1.0881042617477578e-06,1.0881042617477579,1.0881042617477579
6.30053984944603e-07,0.6300539849446031,0.6300539849446031
2.4039735306264416e-07,0.24039735306264415,0.24039735306264415
1.557957079825813e-06,1.5579570798258133,1.5579570798258133
1.0927390888871125e-06,1.0927390888871125,1.0927390888871125
6.345356839673903e-07,0.6345356839673904,0.6345356839673904
2.427510486088599e-07,0.2427510486088599,0.2427510486088599
1.5626195296475477e-06,1.5626195296475478,1.5626195296475478
1.097374458471329e-06,1.097374458471329,1.097374458471329
6.39020931776647e-07,0.6390209317766471,0.6390209317766471
2.4517633693696887e-07,0.24517633693696886,0.24517633693696886
1.5672820887212844e-06,1.5672820887212846,1.5672820887212846
1.1020103618171657e-06,1.1020103618171657,1.1020103618171657
6.435096481470774e-07,0.6435096481470775,0.6435096481470775
2.4767106816165074e-07,0.24767106816165074,0.24767106816165074
1.5719447552061765e-06,1.5719447552061767,1.5719447552061767
1.106646790394829e-06,1.1066467903948292,1.1066467903948292
6.480017550729221e-07,0.6480017550729221,0.6480017550729221
2.502331188378206e-07,0.2502331188378206,0.2502331188378206
1.5766075272859142e-06,1.5766075272859144,1.5766075272859144
1.1112837358247291e-06,1.1112837358247292,1.1112837358247292
6.524971766948256e-07,0.6524971766948257,0.6524971766948257
2.5286039648594286e-07,0.25286039648594283,0.25286039648594283
1.5812704031683498e-06,1.5812704031683498,1.5812704031683498
1.115921189874321e-06,1.115921189874321,1.115921189874321
6.569958392294702e-07,0.6569958392294701,0.6569958392294701
2.5555084354664745e-07,0.2555508435466474,0.2555508435466474
1.585933381085122e-06,1.5859333810851222,1.5859333810851222
1.1205591444550167e-06,1.1205591444550167,1.1205591444550167
6.614976709018529e-07,0.6614976709018529,0.6614976709018529
2.5830244079231127e-07,0.2583024407923113,0.2583024407923113
1.5905964592912949e-06,1.590596459291295,1.590596459291295
1.1251975916191793e-06,1.1251975916191792,1.1251975916191792
6.660026018801012e-07,0.6660026018801013,0.6660026018801013
2.6111321022640326e-07,0.26111321022640327,0.26111321022640327
1.5952596360649968e-06,1.5952596360649969,1.5952596360649969
1.1298365235571863e-06,1.1298365235571863,1.1298365235571863
6.705105642127194e-07,0.6705105642127194,0.6705105642127194
2.639812175035531e-07,0.26398121750355313,0.26398121750355313
1.5999229097070691e-06,1.5999229097070693,1.5999229097070693
1.1344759325945674e-06,1.1344759325945672,1.1344759325945672
6.750214917681632e-07,0.6750214917681633,0.6750214917681633
2.6690457390462484e-07,0.26690457390462485,0.26690457390462485
1.6045862785407222e-06,1.604586278540722,1.604586278540722
1.1391158111892116e-06,1.1391158111892117,1.1391158111892117
6.795353201766514e-07,0.6795353201766514,0.6795353201766514
2.698814379016595e-07,0.2698814379016595,0.2698814379016595
1.6092497409111925e-06,1.6092497409111925,1.6092497409111925
1.14375615192864e-06,1.14375615192864,1.14375615192864
6.840519867741133e-07,0.6840519867741134,0.6840519867741134
2.7291001634750604e-07,0.27291001634750606,0.27291001634750606
1.6139132951854119e-06,1.613913295185412,1.613913295185412
1.148396947527346e-06,1.148396947527346,1.148396947527346
6.885714305481957e-07,0.6885714305481958,0.6885714305481958
2.759885653244106e-07,0.27598856532441063,0.27598856532441063
1.6185769397516794e-06,1.6185769397516794,1.6185769397516794
1.1530381908241998e-06,1.1530381908241998,1.1530381908241998
6.93093592086234e-07,0.6930935920862341,0.6930935920862341
2.7911539068485386e-07,0.27911539068485386,0.27911539068485386
1.623240673019336e-06,1.6232406730193363,1.6232406730193363
1.1576798747799126e-06,1.1576798747799126,1.1576798747799126
6.976184135251158e-07,0.6976184135251158,0.6976184135251158
2.822888483166255e-07,0.2822888483166255,0.2822888483166255
1.6279044934184552e-06,1.6279044934184552,1.6279044934184552
1.1623219924745667e-06,1.1623219924745667,1.1623219924745667
7.021458385029563e-07,0.7021458385029562,0.7021458385029562
2.855073441625842e-07,0.28550734416258416,0.28550734416258416
1.632568399399525e-06,1.632568399399525,1.632568399399525
1.166964537105197e-06,1.166964537105197,1.166964537105197
7.066758121125109e-07,0.706675812112511,0.706675812112511
2.8876933402381516e-07,0.2887693340238152,0.2887693340238152
1.6372323894331466e-06,1.6372323894331469,1.6372323894331469
1.1716075019834357e-06,1.1716075019834358,1.1716075019834358
7.112082808562595e-07,0.7112082808562595,0.7112082808562595
2.920733231730755e-07,0.2920733231730755,0.2920733231730755
1.6418964620097343e-06,1.6418964620097345,1.6418964620097345
1.1762508805332104e-06,1.1762508805332106,1.1762508805332106
7.157431926030904e-07,0.7157431926030904,0.7157431926030904
2.954178658035033e-07,0.29541786580350327,0.29541786580350327
1.646560615639218e-06,1.646560615639218,1.646560615639218
1.1808946662884955e-06,1.1808946662884956,1.1808946662884956
7.202804965465223e-07,0.7202804965465223,0.7202804965465223
2.988015643356546e-07,0.29880156433565463,0.29880156433565463
1.6512248488507579e-06,1.651224848850758,1.651224848850758
1.1855388528911198e-06,1.1855388528911197,1.1855388528911197
7.248201431644063e-07,0.7248201431644063,0.7248201431644063
3.0222306860402637e-07,0.30222306860402637,0.30222306860402637
1.6558891601924545e-06,1.6558891601924546,1.6558891601924546
1.19018343408862e-06,1.1901834340886202,1.1901834340886202
7.293620841800402e-07,0.7293620841800402,0.7293620841800402
3.05681074942353e-07,0.305681074942353,0.305681074942353
1.660553548231074e-06,1.6605535482310743,1.6605535482310743
1.1948284037321492e-06,1.1948284037321495,1.1948284037321495
7.339062725246489e-07,0.7339062725246489,0.7339062725246489
3.091743251851809e-07,0.3091743251851809,0.3091743251851809
1.66521801155177e-06,1.6652180115517698,1.6652180115517698
1.1994737557744315e-06,1.1994737557744315,1.1994737557744315
7.38452662301173e-07,0.738452662301173,0.738452662301173
3.127016056014948e-07,0.3127016056014948,0.3127016056014948
1.6698825487578125e-06,1.6698825487578126,1.6698825487578126
1.2041194842677626e-06,1.2041194842677627,1.2041194842677627
7.430012087493107e-07,0.7430012087493107,0.7430012087493107
3.162617457745506e-07,0.31626174577455063,0.31626174577455063
1.6745471584703267e-06,1.6745471584703266,1.6745471584703266
1.2087655833620612e-06,1.2087655833620612,1.2087655833620612
7.475518682117734e-07,0.7475518682117734,0.7475518682117734
3.1985361744054855e-07,0.3198536174405485,0.3198536174405485
1.6792118393280275e-06,1.6792118393280275,1.6792118393280275
1.2134120473029596e-06,1.2134120473029595,1.2134120473029595
7.521045981016968e-07,0.7521045981016968,0.7521045981016968
3.234761332973438e-07,0.3234761332973438,0.3234761332973438
1.6838765899869642e-06,1.6838765899869643,1.6838765899869643
1.2180588704299413e-06,1.2180588704299415,1.2180588704299415
7.566593568711711e-07,0.7566593568711711,0.7566593568711711
3.271282457930939e-07,0.32712824579309396,0.32712824579309396
1.688541409120269e-06,1.688541409120269,1.688541409120269
1.2227060471745216e-06,1.2227060471745215,1.2227060471745215
7.612161039808434e-07,0.7612161039808435,0.7612161039808435
3.308089459035144e-07,0.3308089459035144,0.3308089459035144
1.6932062954179072e-06,1.6932062954179072,1.6932062954179072
1.2273535720584641e-06,1.227353572058464,1.227353572058464
7.6577479987055e-07,0.76577479987055,0.76577479987055
3.345172619053106e-07,0.3345172619053106,0.3345172619053106
1.6978712475864361e-06,1.6978712475864361,1.6978712475864361
1.232001439692048e-06,1.232001439692048,1.232001439692048
7.70335405930945e-07,0.770335405930945,0.770335405930945
3.382522581523468e-07,0.33825225815234683,0.33825225815234683
1.7025362643487618e-06,1.702536264348762,1.702536264348762
1.2366496447723632e-06,1.2366496447723632,1.2366496447723632
7.748978844760786e-07,0.7748978844760787,0.7748978844760787
3.4201303386018347e-07,0.3420130338601835,0.3420130338601835
1.7072013444439068e-06,1.707201344443907,1.707201344443907
1.2412981820816502e-06,1.2412981820816502,1.2412981820816502
7.794621987168955e-07,0.7794621987168956,0.7794621987168956
3.457987219038025e-07,0.3457987219038025,0.3457987219038025
1.7118664866267754e-06,1.7118664866267754,1.7118664866267754
1.2459470464856777e-06,1.2459470464856777,1.2459470464856777
7.840283127356184e-07,0.7840283127356185,0.7840283127356185
3.496084876325839e-07,0.3496084876325839,0.3496084876325839
1.7165316896679268e-06,1.7165316896679268,1.7165316896679268
1.250596232932151e-06,1.250596232932151,1.250596232932151
7.885961914609763e-07,0.7885961914609764,0.7885961914609764
3.5344152770593685e-07,0.35344152770593684,0.35344152770593684
1.7211969523533522e-06,1.7211969523533521,1.7211969523533521
1.2552457364491631e-06,1.2552457364491632,1.2552457364491632
7.931658006442589e-07,0.7931658006442589,0.7931658006442589
3.572970689523985e-07,0.35729706895239854,0.35729706895239854
1.7258622734842535e-06,1.7258622734842537,1.7258622734842537
1.2598955521436745e-06,1.2598955521436745,1.2598955521436745
7.977371068361517e-07,0.7977371068361517,0.7977371068361517
3.6117436725447523e-07,0.3611743672544752,0.3611743672544752
1.7305276518768255e-06,1.7305276518768253,1.7305276518768253
1.264545675200029e-06,1.2645456752000293,1.2645456752000293
8.023100773643317e-07,0.8023100773643317,0.8023100773643317
3.650727064610519e-07,0.3650727064610519,0.3650727064610519
1.735193086362044e-06,1.735193086362044,1.735193086362044
1.2691961008785027e-06,1.2691961008785029,1.2691961008785029
8.068846803117957e-07,0.8068846803117956,0.8068846803117956
3.6899139732877204e-07,0.36899139732877206,0.36899139732877206
1.7398585757854556e-06,1.7398585757854557,1.7398585757854557
1.273846824513882e-06,1.273846824513882,1.273846824513882
8.114608844958866e-07,0.8114608844958867,0.8114608844958867
3.7292977649343764e-07,0.37292977649343767,0.37292977649343767
1.7445241190069731e-06,1.7445241190069731,1.7445241190069731
1.2784978415140772e-06,1.2784978415140773,1.2784978415140773
8.160386594480057e-07,0.8160386594480057,0.8160386594480057
3.7688720547216746e-07,0.3768872054721674,0.3768872054721674
1.7491897149006701e-06,1.74918971490067,1.74918971490067
1.2831491473587628e-06,1.2831491473587628,1.2831491473587628
8.206179753939669e-07,0.820617975393967,0.820617975393967
3.8086306969677057e-07,0.38086306969677064,0.38086306969677064
1.7538553623545832e-06,1.7538553623545832,1.7538553623545832
1.2878007375980487e-06,1.2878007375980487,1.2878007375980487
8.251988032349887e-07,0.8251988032349887,0.8251988032349887
3.848567775785702e-07,0.38485677757857023,0.38485677757857023
1.758521060270516e-06,1.758521060270516,1.758521060270516
1.2924526078511803e-06,1.2924526078511802,1.2924526078511802
8.297811145292881e-07,0.8297811145292882,0.8297811145292882
3.8886775960470056e-07,0.3888677596047006,0.3888677596047006
1.7631868075638442e-06,1.7631868075638442,1.7631868075638442
1.2971047538052658e-06,1.2971047538052658,1.2971047538052658
8.343648814742585e-07,0.8343648814742586,0.8343648814742586
3.9289546746573143e-07,0.39289546746573145,0.39289546746573145
1.767852603163328e-06,1.7678526031633282,1.7678526031633282
1.3017571712140327e-06,1.3017571712140328,1.3017571712140328
8.389500768892139e-07,0.838950076889214,0.838950076889214
3.969393732143339e-07,0.3969393732143339,0.3969393732143339
1.772518446010925e-06,1.7725184460109251,1.7725184460109251
1.3064098558966095e-06,1.3064098558966095,1.3064098558966095
8.435366741986718e-07,0.8435366741986718,0.8435366741986718
4.0099896845456507e-07,0.4009989684545651,0.4009989684545651
1.777184335061604e-06,1.7771843350616041,1.7771843350616041
1.311062803736333e-06,1.3110628037363332,1.3110628037363332
8.481246474161623e-07,0.8481246474161623,0.8481246474161623
4.050737635612663e-07,0.40507376356126634,0.40507376356126634
1.7818502692831677e-06,1.7818502692831677,1.7818502692831677
1.3157160106795843e-06,1.3157160106795842,1.3157160106795842
8.527139711285423e-07,0.8527139711285423,0.8527139711285423
4.091632869289697e-07,0.4091632869289697,0.4091632869289697
1.7865162476560718e-06,1.7865162476560719,1.7865162476560719
1.3203694727346428e-06,1.3203694727346427,1.3203694727346427
8.573046204807941e-07,0.8573046204807941,0.8573046204807941
4.132670842496485e-07,0.4132670842496486,0.4132670842496486
1.7911822691732522e-06,1.7911822691732522,1.7911822691732522
1.3250231859705743e-06,1.3250231859705746,1.3250231859705746
8.618965711612989e-07,0.861896571161299,0.861896571161299
4.1738471781859557e-07,0.4173847178185956,0.4173847178185956
1.7958483328399513e-06,1.7958483328399515,1.7958483328399515
1.329677146516134e-06,1.3296771465161341,1.3296771465161341
8.664897993875578e-07,0.8664897993875579,0.8664897993875579
4.2151576586766e-07,0.42151576586766004,0.42151576586766004
1.8005144376735495e-06,1.8005144376735496,1.8005144376735496
1.334331350558696e-06,1.334331350558696,1.334331350558696
8.710842818923541e-07,0.8710842818923542,0.8710842818923542
4.256598219250603e-07,0.4256598219250603,0.4256598219250603
1.8051805827033975e-06,1.8051805827033975,1.8051805827033975
1.3389857943432056e-06,1.3389857943432055,1.3389857943432055
8.756799959103378e-07,0.8756799959103378,0.8756799959103378
4.2981649420095333e-07,0.42981649420095336,0.42981649420095336
1.809846766970653e-06,1.809846766970653,1.809846766970653
1.3436404741711525e-06,1.3436404741711525,1.3436404741711525
8.802769191650143e-07,0.8802769191650143,0.8802769191650143
4.3398540499793445e-07,0.4339854049979344,0.4339854049979344
1.8145129895281189e-06,1.814512989528119,1.814512989528119
1.3482953863995677e-06,1.3482953863995677,1.3482953863995677
8.848750298561328e-07,0.8848750298561328,0.8848750298561328
4.381661901456375e-07,0.4381661901456375,0.4381661901456375
1.8191792494400841e-06,1.8191792494400842,1.8191792494400842
1.352950527440037e-06,1.352950527440037,1.352950527440037
8.89474306647448e-07,0.8894743066474481,0.8894743066474481
4.42358498458593e-07,0.442358498458593,0.442358498458593
1.8238455457821677e-06,1.823845545782168,1.823845545782168
1.3576058937577388e-06,1.3576058937577389,1.3576058937577389
8.940747286548539e-07,0.8940747286548539,0.8940747286548539
4.465619912165193e-07,0.44656199121651935,0.44656199121651935
1.8285118776411651e-06,1.828511877641165,1.828511877641165
1.3622614818705006e-06,1.3622614818705008,1.3622614818705008
8.986762754348687e-07,0.8986762754348688,0.8986762754348688
4.5077634166622067e-07,0.45077634166622066,0.45077634166622066
1.8331782441148942e-06,1.8331782441148943,1.8331782441148943
1.3669172883478743e-06,1.3669172883478744,1.3669172883478744
9.032789269734638e-07,0.9032789269734638,0.9032789269734638
4.550012345442776e-07,0.4550012345442776,0.4550012345442776
1.8378446443120492e-06,1.8378446443120493,1.8378446443120493
1.3715733098102313e-06,1.3715733098102312,1.3715733098102312
9.078826636752238e-07,0.9078826636752239,0.9078826636752239
4.5923636561973666e-07,0.4592363656197367,0.4592363656197367
1.8425110773520536e-06,1.8425110773520537,1.8425110773520537
1.3762295429278753e-06,1.3762295429278755,1.3762295429278755
9.12487466352826e-07,0.912487466352826,0.912487466352826
4.634814412560131e-07,0.4634814412560131,0.4634814412560131
1.8471775423649127e-06,1.8471775423649128,1.8471775423649128
1.3808859844201745e-06,1.3808859844201746,1.3808859844201746
9.17093316216827e-07,0.917093316216827,0.917093316216827
4.6773617799124283e-07,0.46773617799124284,0.46773617799124284
1.8518440384910748e-06,1.851844038491075,1.851844038491075
1.3855426310547108e-06,1.3855426310547108,1.3855426310547108
9.217001948657505e-07,0.9217001948657506,0.9217001948657506
4.7200030213634433e-07,0.47200030213634436,0.47200030213634436
1.8565105648812888e-06,1.8565105648812887,1.8565105648812887
1.3901994796464439e-06,1.390199479646444,1.390199479646444
9.263080842764618e-07,0.9263080842764618,0.9263080842764618
4.762735493900612e-07,0.4762735493900612,0.4762735493900612
1.8611771206964666e-06,1.8611771206964665,1.8611771206964665
1.3948565270568977e-06,1.3948565270568978,1.3948565270568978
9.30916966794823e-07,0.930916966794823,0.930916966794823
4.805556644702906e-07,0.4805556644702906,0.4805556644702906
1.8658437051075497e-06,1.8658437051075498,1.8658437051075498
1.3995137701933584e-06,1.3995137701933587,1.3995137701933587
9.355268251266173e-07,0.9355268251266173,0.9355268251266173
4.848464007610133e-07,0.48484640076101326,0.48484640076101326
1.870510317295372e-06,1.8705103172953719,1.8705103172953719
1.4041712060080906e-06,1.4041712060080909,1.4041712060080909
9.401376423287332e-07,0.9401376423287333,0.9401376423287333
4.891455199741686e-07,0.4891455199741686,0.4891455199741686
1.875176956450531e-06,1.875176956450531,1.875176956450531
1.4088288314975682e-06,1.4088288314975683,1.4088288314975683
9.447494018006033e-07,0.9447494018006034,0.9447494018006034
4.934527918258459e-07,0.49345279182584595,0.49345279182584595
1.879843621773255e-06,1.879843621773255,1.879843621773255
1.4134866437017213e-06,1.4134866437017213,1.4134866437017213
9.493620872758845e-07,0.9493620872758846,0.9493620872758846
4.977679937261734e-07,0.4977679937261734,0.4977679937261734
1.8845103124732801e-06,1.88451031247328,1.88451031247328
1.4181446397031994e-06,1.4181446397031994,1.4181446397031994
9.539756828143773e-07,0.9539756828143773,0.9539756828143773
5.020909104823237e-07,0.5020909104823238,0.5020909104823238
1.8891770277697213e-06,1.8891770277697215,1.8891770277697215
1.4228028166266466e-06,1.4228028166266466,1.4228028166266466
9.585901727941723e-07,0.9585901727941722,0.9585901727941722
5.064213340140637e-07,0.5064213340140638,0.5064213340140638
1.8938437668909486e-06,1.8938437668909487,1.8938437668909487
1.4274611716379928e-06,1.4274611716379926,1.4274611716379926
9.632055419040173e-07,0.9632055419040175,0.9632055419040175
5.107590630813054e-07,0.5107590630813055,0.5107590630813055
1.8985105290744674e-06,1.8985105290744675,1.8985105290744675
1.4321197019437588e-06,1.4321197019437588,1.4321197019437588
9.678217751359e-07,0.9678217751359002,0.9678217751359002
5.151039030231391e-07,0.5151039030231391,0.5151039030231391
1.9031773135667957e-06,1.9031773135667958,1.9031773135667958
1.4367784047903738e-06,1.4367784047903738,1.4367784047903738
9.724388577778355e-07,0.9724388577778355,0.9724388577778355
5.194556655078405e-07,0.5194556655078405,0.5194556655078405
1.9078441196233483e-06,1.9078441196233484,1.9078441196233484
1.4414372774635088e-06,1.4414372774635087,1.4414372774635087
9.770567754068572e-07,0.9770567754068572,0.9770567754068572
5.238141682933783e-07,0.5238141682933783,0.5238141682933783
1.9125109465083197e-06,1.9125109465083199,1.9125109465083199
1.446096317287421e-06,1.446096317287421,1.446096317287421
9.816755138822014e-07,0.9816755138822014,0.9816755138822014
5.281792349979548e-07,0.5281792349979548,0.5281792349979548
1.9171777934945693e-06,1.9171777934945693,1.9171777934945693
1.4507555216243116e-06,1.4507555216243115,1.4507555216243115
9.862950593386778e-07,0.986295059338678,0.986295059338678
5.32550694880139e-07,0.5325506948801391,0.5325506948801391
1.921844659863508e-06,1.9218446598635082,1.9218446598635082
1.4554148878736952e-06,1.4554148878736952,1.4554148878736952
9.90915398180225e-07,0.990915398180225,0.990915398180225
5.369283826281739e-07,0.5369283826281739,0.5369283826281739
1.9265115449049874e-06,1.9265115449049874,1.9265115449049874
1.4600744134717828e-06,1.4600744134717827,1.4600744134717827
9.955365170736394e-07,0.9955365170736395,0.9955365170736395
5.413121381580468e-07,0.5413121381580469,0.5413121381580469
1.931178447917191e-06,1.931178447917191,1.931178447917191
1.4647340958908771e-06,1.4647340958908772,1.4647340958908772
1.0001584029424788e-06,1.0001584029424788,1.0001584029424788
5.457018064199415e-07,0.5457018064199415,0.5457018064199415
1.9358453682065257e-06,1.9358453682065258,1.9358453682065258
1.4693939326387783e-06,1.4693939326387784,1.4693939326387784
1.0047810429611293e-06,1.0047810429611292,1.0047810429611292
5.500972372126982e-07,0.5500972372126982,0.5500972372126982
1.940512305087515e-06,1.940512305087515,1.940512305087515
1.4740539212581998e-06,1.4740539212581998,1.4740539212581998
1.0094044245490317e-06,1.0094044245490317,1.0094044245490317
5.54498285005928e-07,0.5544982850059281,0.5544982850059281
1.945179257882696e-06,1.9451792578826963,1.9451792578826963
1.4787140593261992e-06,1.4787140593261991,1.4787140593261991
1.0140285353650661e-06,1.0140285353650662,1.0140285353650662
5.589048087694463e-07,0.5589048087694464,0.5589048087694464
1.949846225922513e-06,1.949846225922513,1.949846225922513
1.4833743444536164e-06,1.4833743444536163,1.4833743444536163
1.0186533633020848e-06,1.0186533633020847,1.0186533633020847
5.633166718096985e-07,0.5633166718096986,0.5633166718096986
1.954513208545219e-06,1.9545132085452193,1.9545132085452193
1.488034774284524e-06,1.4880347742845241,1.4880347742845241
1.0232788964815932e-06,1.023278896481593,1.023278896481593
5.677337416128735e-07,0.5677337416128735,0.5677337416128735
1.959180205096776e-06,1.9591802050967762,1.9591802050967762
1.4926953464956898e-06,1.4926953464956898,1.4926953464956898
1.0279051232485711e-06,1.0279051232485712,1.0279051232485712
5.721558896944068e-07,0.5721558896944069,0.5721558896944069
1.963847214930753e-06,1.9638472149307529,1.9638472149307529
1.497356058796046e-06,1.4973560587960462,1.4973560587960462
1.0325320321664325e-06,1.0325320321664324,1.0325320321664324
5.765829914545933e-07,0.5765829914545932,0.5765829914545932
1.9685142374082315e-06,1.9685142374082316,1.9685142374082316
1.5020169089261692e-06,1.5020169089261695,1.5020169089261695
1.0371596120121158e-06,1.0371596120121158,1.0371596120121158
5.810149260400414e-07,0.5810149260400413,0.5810149260400413
1.9731812718977083e-06,1.9731812718977084,1.9731812718977084
1.5066778946577734e-06,1.5066778946577732,1.5066778946577732
1.0417878517713067e-06,1.0417878517713068,1.0417878517713068
5.854515762107116e-07,0.5854515762107115,0.5854515762107115
1.977848317775003e-06,1.977848317775003,1.977848317775003
1.5113390137932087e-06,1.5113390137932088,1.5113390137932088
1.0464167406337852e-06,1.0464167406337854,1.0464167406337854
5.898928282122957e-07,0.5898928282122957,0.5898928282122957
1.982515374423164e-06,1.982515374423164,1.982515374423164
1.5160002641649729e-06,1.5160002641649728,1.5160002641649728
1.0510462679888923e-06,1.0510462679888923,1.0510462679888923
5.943385716537029e-07,0.594338571653703,0.594338571653703
1.9871824412323754e-06,1.9871824412323755,1.9871824412323755
1.5206616436352273e-06,1.5206616436352272,1.5206616436352272
1.0556764234211167e-06,1.055676423421117,1.055676423421117
5.987886993894266e-07,0.5987886993894267,0.5987886993894267
1.99184951759987e-06,1.99184951759987,1.99184951759987
1.5253231500953271e-06,1.5253231500953273,1.5253231500953273
1.0603071967057952e-06,1.060307196705795,1.060307196705795
6.032431074065853e-07,0.6032431074065853,0.6032431074065853
1.996516602929837e-06,1.996516602929837,1.996516602929837
1.5299847814653569e-06,1.5299847814653567,1.5299847814653567
1.0649385778049232e-06,1.0649385778049232,1.0649385778049232
6.077016947164285e-07,0.6077016947164285,0.6077016947164285
2.0011836966333356e-06,2.0011836966333356,2.0011836966333356
1.534646535693675e-06,1.534646535693675,1.534646535693675
1.069570556863074e-06,1.0695705568630742,1.0695705568630742
6.121643632501202e-07,0.6121643632501202,0.6121643632501202
2.005850798128211e-06,2.005850798128211,2.005850798128211
1.5393084107564686e-06,1.5393084107564687,1.5393084107564687
1.0742031242034242e-06,1.0742031242034242,1.0742031242034242
6.166310177586083e-07,0.6166310177586084,0.6166310177586084
2.0105179068390056e-06,2.0105179068390053,2.0105179068390053
1.5439704046573157e-06,1.5439704046573157,1.5439704046573157
1.0788362703238753e-06,1.0788362703238754,1.0788362703238754
6.211015657164089e-07,0.6211015657164088,0.6211015657164088
2.0151850221968766e-06,2.0151850221968766,2.0151850221968766
1.5486325154267525e-06,1.5486325154267526,1.5486325154267526
1.0834699858932796e-06,1.0834699858932797,1.0834699858932797
6.255759172291338e-07,0.6255759172291339,0.6255759172291339
2.0198521436395138e-06,2.019852143639514,2.019852143639514
1.5532947411218526e-06,1.5532947411218527,1.5532947411218527
1.088104261747758e-06,1.088104261747758,1.088104261747758
6.300539849446034e-07,0.6300539849446034,0.6300539849446034
2.024519270611056e-06,2.0245192706110564,2.0245192706110564
1.557957079825813e-06,1.5579570798258133,1.5579570798258133
1.0927390888871125e-06,1.0927390888871125,1.0927390888871125
6.345356839673903e-07,0.6345356839673904,0.6345356839673904
2.029186402562016e-06,2.029186402562016,2.029186402562016
1.5626195296475477e-06,1.5626195296475478,1.5626195296475478
1.097374458471329e-06,1.097374458471329,1.097374458471329
6.39020931776647e-07,0.6390209317766471,0.6390209317766471
2.033853538949194e-06,2.0338535389491943,2.0338535389491943
1.5672820887212844e-06,1.5672820887212846,1.5672820887212846
1.1020103618171657e-06,1.1020103618171657,1.1020103618171657
6.435096481470774e-07,0.6435096481470775,0.6435096481470775
2.038520679235605e-06,2.038520679235605,2.038520679235605
1.5719447552061765e-06,1.5719447552061767,1.5719447552061767
1.106646790394829e-06,1.1066467903948292,1.1066467903948292
6.480017550729221e-07,0.6480017550729221,0.6480017550729221
2.0431878228903996e-06,2.0431878228903995,2.0431878228903995
1.5766075272859144e-06,1.5766075272859146,1.5766075272859146
1.1112837358247295e-06,1.1112837358247296,1.1112837358247296
6.524971766948258e-07,0.6524971766948259,0.6524971766948259
2.0478549693887876e-06,2.0478549693887875,2.0478549693887875
1.5812704031683498e-06,1.5812704031683498,1.5812704031683498
1.115921189874321e-06,1.115921189874321,1.115921189874321
6.569958392294702e-07,0.6569958392294701,0.6569958392294701
2.0525221182119664e-06,2.0525221182119666,2.0525221182119666
1.585933381085122e-06,1.5859333810851222,1.5859333810851222
1.1205591444550167e-06,1.1205591444550167,1.1205591444550167
6.614976709018529e-07,0.6614976709018529,0.6614976709018529
2.0571892688470444e-06,2.0571892688470443,2.0571892688470443
1.5905964592912949e-06,1.590596459291295,1.590596459291295
1.1251975916191793e-06,1.1251975916191792,1.1251975916191792
6.660026018801012e-07,0.6660026018801013,0.6660026018801013
2.0618564207869677e-06,2.0618564207869676,2.0618564207869676
1.5952596360649968e-06,1.5952596360649969,1.5952596360649969
1.1298365235571863e-06,1.1298365235571863,1.1298365235571863
6.705105642127194e-07,0.6705105642127194,0.6705105642127194
2.0665235735304505e-06,2.0665235735304504,2.0665235735304504
1.5999229097070698e-06,1.5999229097070697,1.5999229097070697
1.1344759325945676e-06,1.1344759325945677,1.1344759325945677
6.750214917681634e-07,0.6750214917681635,0.6750214917681635
2.071190726581904e-06,2.071190726581904,2.071190726581904
1.6045862785407222e-06,1.604586278540722,1.604586278540722
1.1391158111892116e-06,1.1391158111892117,1.1391158111892117
6.795353201766514e-07,0.6795353201766514,0.6795353201766514
2.0758578794513666e-06,2.075857879451367,2.075857879451367
1.6092497409111925e-06,1.6092497409111925,1.6092497409111925
1.14375615192864e-06,1.14375615192864,1.14375615192864
6.840519867741133e-07,0.6840519867741134,0.6840519867741134
2.080525031654435e-06,2.0805250316544353,2.0805250316544353
1.6139132951854119e-06,1.613913295185412,1.613913295185412
1.148396947527346e-06,1.148396947527346,1.148396947527346
6.885714305481957e-07,0.6885714305481958,0.6885714305481958
2.085192182712197e-06,2.085192182712197,2.085192182712197
1.6185769397516794e-06,1.6185769397516794,1.6185769397516794
1.1530381908241998e-06,1.1530381908241998,1.1530381908241998
6.93093592086234e-07,0.6930935920862341,0.6930935920862341
2.0898593321511623e-06,2.0898593321511627,2.0898593321511627
1.6232406730193367e-06,1.6232406730193367,1.6232406730193367
1.157679874779913e-06,1.157679874779913,1.157679874779913
6.97618413525116e-07,0.6976184135251161,0.6976184135251161
2.0945264795032007e-06,2.094526479503201,2.094526479503201
1.6279044934184552e-06,1.6279044934184552,1.6279044934184552
1.1623219924745667e-06,1.1623219924745667,1.1623219924745667
7.021458385029563e-07,0.7021458385029562,0.7021458385029562
2.099193624305475e-06,2.0991936243054754,2.0991936243054754
1.632568399399525e-06,1.632568399399525,1.632568399399525
1.166964537105197e-06,1.166964537105197,1.166964537105197
7.066758121125109e-07,0.706675812112511,0.706675812112511
2.1038607661003764e-06,2.1038607661003765,2.1038607661003765
1.6372323894331466e-06,1.6372323894331469,1.6372323894331469
1.1716075019834357e-06,1.1716075019834358,1.1716075019834358
7.112082808562595e-07,0.7112082808562595,0.7112082808562595
2.108527904435463e-06,2.108527904435463,2.108527904435463
1.6418964620097343e-06,1.6418964620097345,1.6418964620097345
1.1762508805332104e-06,1.1762508805332106,1.1762508805332106
7.157431926030904e-07,0.7157431926030904,0.7157431926030904
2.113195038863395e-06,2.1131950388633953,2.1131950388633953
1.6465606156392187e-06,1.6465606156392187,1.6465606156392187
1.180894666288496e-06,1.1808946662884958,1.1808946662884958
7.202804965465227e-07,0.7202804965465227,0.7202804965465227
2.117862168941876e-06,2.117862168941876,2.117862168941876
1.6512248488507579e-06,1.651224848850758,1.651224848850758
1.1855388528911198e-06,1.1855388528911197,1.1855388528911197
7.248201431644063e-07,0.7248201431644063,0.7248201431644063
2.1225292942335924e-06,2.1225292942335923,2.1225292942335923
1.6558891601924545e-06,1.6558891601924546,1.6558891601924546
1.19018343408862e-06,1.1901834340886202,1.1901834340886202
7.293620841800402e-07,0.7293620841800402,0.7293620841800402
2.127196414306151e-06,2.127196414306151,2.127196414306151
1.660553548231074e-06,1.6605535482310743,1.6605535482310743
1.1948284037321492e-06,1.1948284037321495,1.1948284037321495
7.339062725246489e-07,0.7339062725246489,0.7339062725246489
2.1318635287320217e-06,2.131863528732022,2.131863528732022
1.66521801155177e-06,1.6652180115517698,1.6652180115517698
1.1994737557744315e-06,1.1994737557744315,1.1994737557744315
7.38452662301173e-07,0.738452662301173,0.738452662301173
2.136530637088481e-06,2.1365306370884807,2.1365306370884807
1.6698825487578127e-06,1.6698825487578128,1.6698825487578128
1.2041194842677628e-06,1.2041194842677627,1.2041194842677627
7.430012087493109e-07,0.743001208749311,0.743001208749311
2.1411977389575504e-06,2.1411977389575507,2.1411977389575507
1.6745471584703267e-06,1.6745471584703266,1.6745471584703266
1.2087655833620612e-06,1.2087655833620612,1.2087655833620612
7.475518682117734e-07,0.7475518682117734,0.7475518682117734
2.1458648339259462e-06,2.1458648339259465,2.1458648339259465
1.6792118393280275e-06,1.6792118393280275,1.6792118393280275
1.2134120473029596e-06,1.2134120473029595,1.2134120473029595
7.521045981016968e-07,0.7521045981016968,0.7521045981016968
2.1505319215850173e-06,2.1505319215850176,2.1505319215850176
1.6838765899869642e-06,1.6838765899869643,1.6838765899869643
1.2180588704299413e-06,1.2180588704299415,1.2180588704299415
7.566593568711711e-07,0.7566593568711711,0.7566593568711711
2.155199001530695e-06,2.155199001530695,2.155199001530695
1.688541409120269e-06,1.688541409120269,1.688541409120269
1.2227060471745216e-06,1.2227060471745215,1.2227060471745215
7.612161039808434e-07,0.7612161039808435,0.7612161039808435
2.1598660733634347e-06,2.1598660733634345,2.1598660733634345
1.6932062954179074e-06,1.6932062954179075,1.6932062954179075
1.2273535720584644e-06,1.2273535720584643,1.2273535720584643
7.657747998705502e-07,0.7657747998705502,0.7657747998705502
2.164533136688165e-06,2.164533136688165,2.164533136688165
1.6978712475864361e-06,1.6978712475864361,1.6978712475864361
1.232001439692048e-06,1.232001439692048,1.232001439692048
7.70335405930945e-07,0.770335405930945,0.770335405930945
2.169200191114236e-06,2.169200191114236,2.169200191114236
1.7025362643487618e-06,1.702536264348762,1.702536264348762
1.2366496447723632e-06,1.2366496447723632,1.2366496447723632
7.748978844760786e-07,0.7748978844760787,0.7748978844760787
2.173867236255364e-06,2.173867236255364,2.173867236255364
1.7072013444439068e-06,1.707201344443907,1.707201344443907
1.2412981820816502e-06,1.2412981820816502,1.2412981820816502
7.794621987168955e-07,0.7794621987168956,0.7794621987168956
2.178534271729583e-06,2.1785342717295832,2.1785342717295832
1.7118664866267754e-06,1.7118664866267754,1.7118664866267754
1.2459470464856777e-06,1.2459470464856777,1.2459470464856777
7.840283127356184e-07,0.7840283127356185,0.7840283127356185
2.18320129715919e-06,2.1832012971591905,2.1832012971591905
1.716531689667927e-06,1.716531689667927,1.716531689667927
1.2505962329321511e-06,1.2505962329321512,1.2505962329321512
7.885961914609765e-07,0.7885961914609765,0.7885961914609765
2.187868312170701e-06,2.187868312170701,2.187868312170701
1.7211969523533522e-06,1.7211969523533521,1.7211969523533521
1.2552457364491631e-06,1.2552457364491632,1.2552457364491632
7.931658006442589e-07,0.7931658006442589,0.7931658006442589
2.192535316394797e-06,2.192535316394797,2.192535316394797
1.7258622734842535e-06,1.7258622734842537,1.7258622734842537
1.2598955521436745e-06,1.2598955521436745,1.2598955521436745
7.977371068361517e-07,0.7977371068361517,0.7977371068361517
2.1972023094662752e-06,2.197202309466275,2.197202309466275
1.7305276518768255e-06,1.7305276518768253,1.7305276518768253
1.264545675200029e-06,1.2645456752000293,1.2645456752000293
8.023100773643317e-07,0.8023100773643317,0.8023100773643317
2.201869291024005e-06,2.2018692910240047,2.2018692910240047
1.735193086362044e-06,1.735193086362044,1.735193086362044
1.2691961008785027e-06,1.2691961008785029,1.2691961008785029
8.068846803117957e-07,0.8068846803117956,0.8068846803117956
2.206536260710875e-06,2.2065362607108754,2.2065362607108754
1.739858575785456e-06,1.7398585757854559,1.7398585757854559
1.2738468245138822e-06,1.2738468245138823,1.2738468245138823
8.114608844958869e-07,0.8114608844958869,0.8114608844958869
2.2112032181737524e-06,2.2112032181737526,2.2112032181737526
1.7445241190069731e-06,1.7445241190069731,1.7445241190069731
1.2784978415140772e-06,1.2784978415140773,1.2784978415140773
8.160386594480057e-07,0.8160386594480057,0.8160386594480057
2.215870163063432e-06,2.215870163063432,2.215870163063432
1.7491897149006701e-06,1.74918971490067,1.74918971490067
1.2831491473587628e-06,1.2831491473587628,1.2831491473587628
8.206179753939669e-07,0.820617975393967,0.820617975393967
2.2205370950345917e-06,2.220537095034592,2.220537095034592
1.7538553623545832e-06,1.7538553623545832,1.7538553623545832
1.2878007375980487e-06,1.2878007375980487,1.2878007375980487
8.251988032349887e-07,0.8251988032349887,0.8251988032349887
2.22520401374575e-06,2.22520401374575,2.22520401374575
1.758521060270516e-06,1.758521060270516,1.758521060270516
1.2924526078511803e-06,1.2924526078511802,1.2924526078511802
8.297811145292881e-07,0.8297811145292882,0.8297811145292882
2.2298709188592177e-06,2.229870918859218,2.229870918859218
1.7631868075638442e-06,1.7631868075638442,1.7631868075638442
1.2971047538052658e-06,1.297104753805266,1.297104753805266
8.343648814742588e-07,0.8343648814742588,0.8343648814742588
2.2345378100410575e-06,2.234537810041058,2.234537810041058
1.767852603163328e-06,1.7678526031633282,1.7678526031633282
1.3017571712140327e-06,1.3017571712140328,1.3017571712140328
8.389500768892139e-07,0.838950076889214,0.838950076889214
2.23920468696104e-06,2.2392046869610405,2.2392046869610405
1.772518446010925e-06,1.7725184460109251,1.7725184460109251
1.3064098558966095e-06,1.3064098558966095,1.3064098558966095
8.435366741986718e-07,0.8435366741986718,0.8435366741986718
2.2438715492926006e-06,2.2438715492926007,2.2438715492926007
1.777184335061604e-06,1.7771843350616041,1.7771843350616041
1.311062803736333e-06,1.3110628037363332,1.3110628037363332
8.481246474161623e-07,0.8481246474161623,0.8481246474161623
2.248538396712796e-06,2.2485383967127963,2.2485383967127963
1.7818502692831677e-06,1.7818502692831677,1.7818502692831677
1.3157160106795843e-06,1.3157160106795842,1.3157160106795842
8.527139711285423e-07,0.8527139711285423,0.8527139711285423
2.253205228902265e-06,2.2532052289022655,2.2532052289022655
1.786516247656072e-06,1.786516247656072,1.786516247656072
1.320369472734643e-06,1.3203694727346431,1.3203694727346431
8.573046204807944e-07,0.8573046204807945,0.8573046204807945
2.2578720455451874e-06,2.2578720455451875,2.2578720455451875
1.7911822691732522e-06,1.7911822691732522,1.7911822691732522
1.3250231859705743e-06,1.3250231859705746,1.3250231859705746
8.618965711612989e-07,0.861896571161299,0.861896571161299
2.262538846329242e-06,2.2625388463292424,2.2625388463292424
1.7958483328399513e-06,1.7958483328399515,1.7958483328399515
1.329677146516134e-06,1.3296771465161341,1.3296771465161341
8.664897993875578e-07,0.8664897993875579,0.8664897993875579
2.267205630945568e-06,2.267205630945568,2.267205630945568
1.8005144376735495e-06,1.8005144376735496,1.8005144376735496
1.334331350558696e-06,1.334331350558696,1.334331350558696
8.710842818923541e-07,0.8710842818923542,0.8710842818923542
2.2718723990887247e-06,2.271872399088725,2.271872399088725
1.8051805827033975e-06,1.8051805827033975,1.8051805827033975
1.3389857943432056e-06,1.3389857943432055,1.3389857943432055
8.756799959103378e-07,0.8756799959103378,0.8756799959103378
2.2765391504566525e-06,2.276539150456653,2.276539150456653
1.809846766970653e-06,1.809846766970653,1.809846766970653
1.3436404741711528e-06,1.3436404741711527,1.3436404741711527
8.802769191650145e-07,0.8802769191650146,0.8802769191650146
2.2812058847506364e-06,2.2812058847506367,2.2812058847506367
1.8145129895281189e-06,1.814512989528119,1.814512989528119
1.3482953863995677e-06,1.3482953863995677,1.3482953863995677
8.848750298561328e-07,0.8848750298561328,0.8848750298561328
2.285872601675266e-06,2.2858726016752664,2.2858726016752664
1.8191792494400841e-06,1.8191792494400842,1.8191792494400842
1.352950527440037e-06,1.352950527440037,1.352950527440037
8.89474306647448e-07,0.8894743066474481,0.8894743066474481
2.2905393009383988e-06,2.290539300938399,2.290539300938399
1.8238455457821677e-06,1.823845545782168,1.823845545782168
1.3576058937577388e-06,1.3576058937577389,1.3576058937577389
8.940747286548539e-07,0.8940747286548539,0.8940747286548539
2.2952059822511236e-06,2.2952059822511237,2.2952059822511237
1.8285118776411651e-06,1.828511877641165,1.828511877641165
1.3622614818705006e-06,1.3622614818705008,1.3622614818705008
8.986762754348687e-07,0.8986762754348688,0.8986762754348688
2.2998726453277225e-06,2.2998726453277225,2.2998726453277225
1.8331782441148942e-06,1.8331782441148943,1.8331782441148943
1.3669172883478743e-06,1.3669172883478744,1.3669172883478744
9.032789269734638e-07,0.9032789269734638,0.9032789269734638
2.3045392898856376e-06,2.3045392898856374,2.3045392898856374
1.8378446443120492e-06,1.8378446443120493,1.8378446443120493
1.3715733098102313e-06,1.3715733098102312,1.3715733098102312
9.078826636752238e-07,0.9078826636752239,0.9078826636752239
2.3092059156454334e-06,2.3092059156454336,2.3092059156454336
1.8425110773520536e-06,1.8425110773520537,1.8425110773520537
1.3762295429278753e-06,1.3762295429278755,1.3762295429278755
9.12487466352826e-07,0.912487466352826,0.912487466352826
2.313872522330762e-06,2.3138725223307626,2.3138725223307626
1.8471775423649127e-06,1.8471775423649128,1.8471775423649128
1.3808859844201745e-06,1.3808859844201746,1.3808859844201746
9.17093316216827e-07,0.917093316216827,0.917093316216827
2.318539109668331e-06,2.3185391096683308,2.3185391096683308
1.8518440384910748e-06,1.851844038491075,1.851844038491075
1.3855426310547108e-06,1.3855426310547108,1.3855426310547108
9.217001948657505e-07,0.9217001948657506,0.9217001948657506
2.323205677387863e-06,2.323205677387863,2.323205677387863
1.8565105648812888e-06,1.8565105648812887,1.8565105648812887
1.3901994796464439e-06,1.390199479646444,1.390199479646444
9.263080842764618e-07,0.9263080842764618,0.9263080842764618
2.327872225222069e-06,2.3278722252220687,2.3278722252220687
1.8611771206964666e-06,1.8611771206964665,1.8611771206964665
1.3948565270568977e-06,1.3948565270568978,1.3948565270568978
9.30916966794823e-07,0.930916966794823,0.930916966794823
2.332538752906611e-06,2.3325387529066113,2.3325387529066113
1.8658437051075497e-06,1.8658437051075498,1.8658437051075498
1.3995137701933584e-06,1.3995137701933587,1.3995137701933587
9.355268251266173e-07,0.9355268251266173,0.9355268251266173
2.337205260180071e-06,2.337205260180071,2.337205260180071
1.870510317295372e-06,1.8705103172953719,1.8705103172953719
1.4041712060080906e-06,1.4041712060080909,1.4041712060080909
9.401376423287332e-07,0.9401376423287333,0.9401376423287333
2.341871746783917e-06,2.341871746783917,2.341871746783917
1.875176956450531e-06,1.875176956450531,1.875176956450531
1.4088288314975682e-06,1.4088288314975683,1.4088288314975683
9.447494018006033e-07,0.9447494018006034,0.9447494018006034
2.3465382124624707e-06,2.346538212462471,2.346538212462471
1.879843621773255e-06,1.879843621773255,1.879843621773255
1.4134866437017213e-06,1.4134866437017213,1.4134866437017213
9.493620872758845e-07,0.9493620872758846,0.9493620872758846
2.351204656962878e-06,2.351204656962878,2.351204656962878
1.8845103124732801e-06,1.88451031247328,1.88451031247328
1.4181446397031994e-06,1.4181446397031994,1.4181446397031994
9.539756828143773e-07,0.9539756828143773,0.9539756828143773
2.355871080035075e-06,2.355871080035075,2.355871080035075
1.8891770277697213e-06,1.8891770277697215,1.8891770277697215
1.4228028166266466e-06,1.4228028166266466,1.4228028166266466
9.585901727941723e-07,0.9585901727941722,0.9585901727941722
2.3605374814317602e-06,2.36053748143176,2.36053748143176
1.8938437668909486e-06,1.8938437668909487,1.8938437668909487
1.4274611716379928e-06,1.4274611716379926,1.4274611716379926
9.632055419040173e-07,0.9632055419040175,0.9632055419040175
2.3652038609083614e-06,2.365203860908361,2.365203860908361
1.8985105290744674e-06,1.8985105290744675,1.8985105290744675
1.4321197019437588e-06,1.4321197019437588,1.4321197019437588
9.678217751359e-07,0.9678217751359002,0.9678217751359002
2.369870218223005e-06,2.3698702182230047,2.3698702182230047
1.9031773135667957e-06,1.9031773135667958,1.9031773135667958
1.4367784047903738e-06,1.4367784047903738,1.4367784047903738
9.724388577778355e-07,0.9724388577778355,0.9724388577778355
2.3745365531364894e-06,2.3745365531364895,2.3745365531364895
1.9078441196233483e-06,1.9078441196233484,1.9078441196233484
1.4414372774635088e-06,1.4414372774635087,1.4414372774635087
9.770567754068572e-07,0.9770567754068572,0.9770567754068572
2.379202865412254e-06,2.379202865412254,2.379202865412254
1.9125109465083197e-06,1.9125109465083199,1.9125109465083199
1.446096317287421e-06,1.446096317287421,1.446096317287421
9.816755138822014e-07,0.9816755138822014,0.9816755138822014
2.3838691548163495e-06,2.3838691548163498,2.3838691548163498
1.9171777934945693e-06,1.9171777934945693,1.9171777934945693
1.4507555216243116e-06,1.4507555216243115,1.4507555216243115
9.862950593386778e-07,0.986295059338678,0.986295059338678
2.38853542111741e-06,2.38853542111741,2.38853542111741
1.921844659863508e-06,1.9218446598635082,1.9218446598635082
1.4554148878736952e-06,1.4554148878736952,1.4554148878736952
9.90915398180225e-07,0.990915398180225,0.990915398180225
2.393201664086624e-06,2.393201664086624,2.393201664086624
1.9265115449049874e-06,1.9265115449049874,1.9265115449049874
1.4600744134717828e-06,1.4600744134717827,1.4600744134717827
9.955365170736394e-07,0.9955365170736395,0.9955365170736395
2.3978678834977073e-06,2.397867883497707,2.397867883497707
1.931178447917191e-06,1.931178447917191,1.931178447917191
1.4647340958908771e-06,1.4647340958908772,1.4647340958908772
1.0001584029424788e-06,1.0001584029424788,1.0001584029424788
2.4025340791268753e-06,2.4025340791268754,2.4025340791268754
1.9358453682065257e-06,1.9358453682065258,1.9358453682065258
1.4693939326387783e-06,1.4693939326387784,1.4693939326387784
1.0047810429611293e-06,1.0047810429611292,1.0047810429611292
2.4072002507528156e-06,2.4072002507528154,2.4072002507528154
1.940512305087515e-06,1.940512305087515,1.940512305087515
1.4740539212581998e-06,1.4740539212581998,1.4740539212581998
1.0094044245490317e-06,1.0094044245490317,1.0094044245490317
2.4118663981566605e-06,2.4118663981566604,2.4118663981566604
1.945179257882696e-06,1.9451792578826963,1.9451792578826963
1.4787140593261992e-06,1.4787140593261991,1.4787140593261991
1.0140285353650661e-06,1.0140285353650662,1.0140285353650662
2.416532521121961e-06,2.4165325211219613,2.4165325211219613
1.949846225922513e-06,1.949846225922513,1.949846225922513
1.4833743444536164e-06,1.4833743444536163,1.4833743444536163
1.0186533633020848e-06,1.0186533633020847,1.0186533633020847
2.421198619434661e-06,2.421198619434661,2.421198619434661
1.954513208545219e-06,1.9545132085452193,1.9545132085452193
1.488034774284524e-06,1.4880347742845241,1.4880347742845241
1.0232788964815932e-06,1.023278896481593,1.023278896481593
2.425864692883069e-06,2.425864692883069,2.425864692883069
1.959180205096776e-06,1.9591802050967762,1.9591802050967762
1.4926953464956898e-06,1.4926953464956898,1.4926953464956898
1.0279051232485711e-06,1.0279051232485712,1.0279051232485712
2.4305307412578363e-06,2.4305307412578365,2.4305307412578365
1.963847214930753e-06,1.9638472149307529,1.9638472149307529
1.497356058796046e-06,1.4973560587960462,1.4973560587960462
1.0325320321664325e-06,1.0325320321664324,1.0325320321664324
2.4351967643519288e-06,2.4351967643519288,2.4351967643519288
1.968514237408231e-06,1.9685142374082312,1.9685142374082312
1.5020169089261688e-06,1.502016908926169,1.502016908926169
1.0371596120121156e-06,1.0371596120121156,1.0371596120121156
2.4398627619606023e-06,2.4398627619606024,2.4398627619606024
1.9731812718977083e-06,1.9731812718977082,1.9731812718977082
1.5066778946577734e-06,1.5066778946577732,1.5066778946577732
1.0417878517713067e-06,1.0417878517713068,1.0417878517713068
2.444528733881378e-06,2.4445287338813784,2.4445287338813784
1.977848317775003e-06,1.977848317775003,1.977848317775003
1.5113390137932087e-06,1.5113390137932088,1.5113390137932088
1.0464167406337852e-06,1.0464167406337854,1.0464167406337854
2.4491946799140198e-06,2.4491946799140196,2.4491946799140196
1.982515374423164e-06,1.982515374423164,1.982515374423164
1.5160002641649729e-06,1.5160002641649728,1.5160002641649728
1.0510462679888923e-06,1.0510462679888923,1.0510462679888923
2.453860599860508e-06,2.453860599860508,2.453860599860508
1.9871824412323754e-06,1.9871824412323755,1.9871824412323755
1.5206616436352273e-06,1.5206616436352272,1.5206616436352272
1.0556764234211167e-06,1.055676423421117,1.055676423421117
2.4585264935250144e-06,2.4585264935250146,2.4585264935250146
1.99184951759987e-06,1.9918495175998698,1.9918495175998698
1.5253231500953271e-06,1.5253231500953273,1.5253231500953273
1.060307196705795e-06,1.060307196705795,1.060307196705795
2.4631923607138834e-06,2.4631923607138835,2.4631923607138835
1.996516602929836e-06,1.9965166029298365,1.9965166029298365
1.5299847814653564e-06,1.5299847814653567,1.5299847814653567
1.0649385778049227e-06,1.064938577804923,1.064938577804923
2.467858201235604e-06,2.467858201235604,2.467858201235604
2.0011836966333356e-06,2.0011836966333356,2.0011836966333356
1.534646535693675e-06,1.534646535693675,1.534646535693675
1.069570556863074e-06,1.0695705568630742,1.0695705568630742
2.47252401490079e-06,2.47252401490079,2.47252401490079
2.005850798128211e-06,2.005850798128211,2.005850798128211
1.5393084107564686e-06,1.5393084107564687,1.5393084107564687
1.0742031242034242e-06,1.0742031242034242,1.0742031242034242
2.4771898015221542e-06,2.4771898015221545,2.4771898015221545
2.0105179068390056e-06,2.0105179068390053,2.0105179068390053
1.5439704046573157e-06,1.5439704046573157,1.5439704046573157
1.0788362703238753e-06,1.0788362703238754,1.0788362703238754
2.4818555609144903e-06,2.4818555609144903,2.4818555609144903
2.015185022196876e-06,2.015185022196876,2.015185022196876
1.5486325154267521e-06,1.5486325154267522,1.5486325154267522
1.0834699858932794e-06,1.0834699858932795,1.0834699858932795
2.4865212928946455e-06,2.4865212928946456,2.4865212928946456
2.0198521436395133e-06,2.0198521436395134,2.0198521436395134
1.5532947411218524e-06,1.5532947411218523,1.5532947411218523
1.0881042617477578e-06,1.0881042617477579,1.0881042617477579
2.4911869972815035e-06,2.4911869972815035,2.4911869972815035
2.024519270611056e-06,2.0245192706110564,2.0245192706110564
1.557957079825813e-06,1.5579570798258133,1.5579570798258133
1.0927390888871125e-06,1.0927390888871125,1.0927390888871125
2.4958526738959595e-06,2.4958526738959597,2.4958526738959597
2.029186402562016e-06,2.029186402562016,2.029186402562016
1.5626195296475477e-06,1.5626195296475478,1.5626195296475478
1.097374458471329e-06,1.097374458471329,1.097374458471329
2.5005183225609008e-06,2.5005183225609007,2.5005183225609007
2.033853538949194e-06,2.0338535389491943,2.0338535389491943
1.5672820887212844e-06,1.5672820887212846,1.5672820887212846
1.1020103618171657e-06,1.1020103618171657,1.1020103618171657
2.5051839431011832e-06,2.5051839431011835,2.5051839431011835
2.038520679235605e-06,2.038520679235605,2.038520679235605
1.5719447552061763e-06,1.5719447552061763,1.5719447552061763
1.1066467903948288e-06,1.1066467903948287,1.1066467903948287
2.509849535343615e-06,2.5098495353436148,2.5098495353436148
2.043187822890399e-06,2.0431878228903995,2.0431878228903995
1.5766075272859142e-06,1.5766075272859144,1.5766075272859144
1.1112837358247291e-06,1.1112837358247292,1.1112837358247292
2.514515099116929e-06,2.514515099116929,2.514515099116929
2.0478549693887876e-06,2.0478549693887875,2.0478549693887875
1.5812704031683498e-06,1.5812704031683498,1.5812704031683498
1.115921189874321e-06,1.115921189874321,1.115921189874321
2.519180634251771e-06,2.519180634251771,2.519180634251771
2.0525221182119664e-06,2.0525221182119666,2.0525221182119666
1.585933381085122e-06,1.5859333810851222,1.5859333810851222
1.1205591444550167e-06,1.1205591444550167,1.1205591444550167
2.5238461405806707e-06,2.523846140580671,2.523846140580671
2.0571892688470444e-06,2.0571892688470443,2.0571892688470443
1.5905964592912949e-06,1.590596459291295,1.590596459291295
1.1251975916191793e-06,1.1251975916191792,1.1251975916191792
2.52851161793803e-06,2.52851161793803,2.52851161793803
2.0618564207869673e-06,2.061856420786967,2.061856420786967
1.5952596360649966e-06,1.5952596360649967,1.5952596360649967
1.1298365235571859e-06,1.129836523557186,1.129836523557186
2.533177066160095e-06,2.533177066160095,2.533177066160095
2.06652357353045e-06,2.0665235735304504,2.0665235735304504
1.5999229097070691e-06,1.5999229097070693,1.5999229097070693
1.1344759325945674e-06,1.1344759325945672,1.1344759325945672
2.537842485084945e-06,2.537842485084945,2.537842485084945
2.071190726581904e-06,2.071190726581904,2.071190726581904
1.6045862785407222e-06,1.604586278540722,1.604586278540722
1.1391158111892116e-06,1.1391158111892117,1.1391158111892117
2.5425078745524673e-06,2.5425078745524674,2.5425078745524674
2.0758578794513666e-06,2.075857879451367,2.075857879451367
1.6092497409111925e-06,1.6092497409111925,1.6092497409111925
1.14375615192864e-06,1.14375615192864,1.14375615192864
2.5471732344043405e-06,2.5471732344043403,2.5471732344043403
2.080525031654435e-06,2.0805250316544353,2.0805250316544353
1.6139132951854119e-06,1.613913295185412,1.613913295185412
1.148396947527346e-06,1.148396947527346,1.148396947527346
2.551838564484016e-06,2.5518385644840156,2.5518385644840156
2.0851921827121965e-06,2.0851921827121966,2.0851921827121966
1.6185769397516788e-06,1.618576939751679,1.618576939751679
1.1530381908241995e-06,1.1530381908241996,1.1530381908241996
2.5565038646366973e-06,2.5565038646366975,2.5565038646366975
2.089859332151162e-06,2.0898593321511623,2.0898593321511623
1.623240673019336e-06,1.6232406730193363,1.6232406730193363
1.1576798747799126e-06,1.1576798747799126,1.1576798747799126
2.561169134709326e-06,2.561169134709326,2.561169134709326
2.0945264795032007e-06,2.094526479503201,2.094526479503201
1.6279044934184552e-06,1.6279044934184552,1.6279044934184552
1.1623219924745667e-06,1.1623219924745667,1.1623219924745667
2.5658343745505575e-06,2.5658343745505574,2.5658343745505574
2.099193624305475e-06,2.0991936243054754,2.0991936243054754
1.632568399399525e-06,1.632568399399525,1.632568399399525
1.166964537105197e-06,1.166964537105197,1.166964537105197
2.5704995840107497e-06,2.57049958401075,2.57049958401075
2.1038607661003764e-06,2.1038607661003765,2.1038607661003765
1.6372323894331466e-06,1.6372323894331469,1.6372323894331469
1.1716075019834357e-06,1.1716075019834358,1.1716075019834358
2.5751647629419407e-06,2.5751647629419407,2.5751647629419407
2.108527904435463e-06,2.1085279044354626,2.1085279044354626
1.6418964620097343e-06,1.6418964620097343,1.6418964620097343
1.1762508805332104e-06,1.1762508805332104,1.1762508805332104
2.579829911197832e-06,2.5798299111978324,2.5798299111978324
2.1131950388633946e-06,2.113195038863395,2.113195038863395
1.646560615639218e-06,1.646560615639218,1.646560615639218
1.1808946662884955e-06,1.1808946662884956,1.1808946662884956
2.5844950286337744e-06,2.584495028633774,2.584495028633774
2.117862168941876e-06,2.117862168941876,2.117862168941876
1.6512248488507579e-06,1.651224848850758,1.651224848850758
1.1855388528911198e-06,1.1855388528911197,1.1855388528911197
2.5891601151067465e-06,2.5891601151067465,2.5891601151067465
2.1225292942335924e-06,2.1225292942335923,2.1225292942335923
1.6558891601924545e-06,1.6558891601924546,1.6558891601924546
1.19018343408862e-06,1.1901834340886202,1.1901834340886202
2.5938251704753397e-06,2.5938251704753394,2.5938251704753394
2.127196414306151e-06,2.127196414306151,2.127196414306151
1.660553548231074e-06,1.6605535482310743,1.6605535482310743
1.1948284037321492e-06,1.1948284037321495,1.1948284037321495
2.598490194599743e-06,2.598490194599743,2.598490194599743
2.1318635287320212e-06,2.1318635287320213,2.1318635287320213
1.6652180115517697e-06,1.6652180115517696,1.6652180115517696
1.1994737557744313e-06,1.1994737557744313,1.1994737557744313
2.603155187341724e-06,2.603155187341724,2.603155187341724
2.1365306370884805e-06,2.1365306370884807,2.1365306370884807
1.6698825487578125e-06,1.6698825487578126,1.6698825487578126
1.2041194842677626e-06,1.2041194842677627,1.2041194842677627
2.607820148564615e-06,2.6078201485646146,2.6078201485646146
2.1411977389575504e-06,2.1411977389575507,2.1411977389575507
1.6745471584703267e-06,1.6745471584703266,1.6745471584703266
1.2087655833620612e-06,1.2087655833620612,1.2087655833620612
2.612485078133294e-06,2.612485078133294,2.612485078133294
2.1458648339259462e-06,2.1458648339259465,2.1458648339259465
1.6792118393280275e-06,1.6792118393280275,1.6792118393280275
1.2134120473029596e-06,1.2134120473029595,1.2134120473029595
2.6171499759141705e-06,2.6171499759141708,2.6171499759141708
2.1505319215850173e-06,2.1505319215850176,2.1505319215850176
1.6838765899869642e-06,1.6838765899869643,1.6838765899869643
1.2180588704299413e-06,1.2180588704299415,1.2180588704299415
2.621814841775172e-06,2.621814841775172,2.621814841775172
2.1551990015306947e-06,2.1551990015306948,2.1551990015306948
1.6885414091202687e-06,1.6885414091202686,1.6885414091202686
1.2227060471745214e-06,1.2227060471745215,1.2227060471745215
2.6264796755857235e-06,2.6264796755857236,2.6264796755857236
2.1598660733634342e-06,2.159866073363434,2.159866073363434
1.6932062954179072e-06,1.6932062954179072,1.6932062954179072
1.2273535720584641e-06,1.227353572058464,1.227353572058464
2.6311444772167345e-06,2.6311444772167345,2.6311444772167345
2.164533136688165e-06,2.164533136688165,2.164533136688165
1.6978712475864361e-06,1.6978712475864361,1.6978712475864361
1.232001439692048e-06,1.232001439692048,1.232001439692048
2.635809246540585e-06,2.6358092465405853,2.6358092465405853
2.169200191114236e-06,2.169200191114236,2.169200191114236
1.7025362643487618e-06,1.702536264348762,1.702536264348762
1.2366496447723632e-06,1.2366496447723632,1.2366496447723632
2.6404739834311103e-06,2.6404739834311104,2.6404739834311104
2.173867236255364e-06,2.173867236255364,2.173867236255364
1.7072013444439068e-06,1.707201344443907,1.707201344443907
1.2412981820816502e-06,1.2412981820816502,1.2412981820816502
2.6451386877635826e-06,2.6451386877635827,2.6451386877635827
2.178534271729583e-06,2.178534271729583,2.178534271729583
1.711866486626775e-06,1.7118664866267752,1.7118664866267752
1.2459470464856775e-06,1.2459470464856774,1.2459470464856774
2.649803359414701e-06,2.649803359414701,2.649803359414701
2.18320129715919e-06,2.18320129715919,2.18320129715919
1.7165316896679268e-06,1.7165316896679268,1.7165316896679268
1.250596232932151e-06,1.250596232932151,1.250596232932151
2.6544679982625733e-06,2.6544679982625734,2.6544679982625734
2.187868312170701e-06,2.187868312170701,2.187868312170701
1.7211969523533522e-06,1.7211969523533521,1.7211969523533521
1.2552457364491631e-06,1.2552457364491632,1.2552457364491632
2.659132604186705e-06,2.6591326041867047,2.6591326041867047
2.192535316394797e-06,2.192535316394797,2.192535316394797
1.7258622734842535e-06,1.7258622734842537,1.7258622734842537
1.2598955521436745e-06,1.2598955521436745,1.2598955521436745
2.6637971770679812e-06,2.6637971770679814,2.6637971770679814
2.1972023094662752e-06,2.197202309466275,2.197202309466275
1.7305276518768255e-06,1.7305276518768253,1.7305276518768253
1.264545675200029e-06,1.2645456752000293,1.2645456752000293
2.6684617167886554e-06,2.6684617167886553,2.6684617167886553
2.2018692910240046e-06,2.2018692910240047,2.2018692910240047
1.7351930863620437e-06,1.7351930863620437,1.7351930863620437
1.2691961008785027e-06,1.2691961008785027,1.2691961008785027
2.6731262232323346e-06,2.6731262232323347,2.6731262232323347
2.206536260710875e-06,2.206536260710875,2.206536260710875
1.7398585757854556e-06,1.7398585757854557,1.7398585757854557
1.273846824513882e-06,1.273846824513882,1.273846824513882
2.677790696283967e-06,2.6777906962839673,2.6777906962839673
2.2112032181737524e-06,2.2112032181737526,2.2112032181737526
1.7445241190069731e-06,1.7445241190069731,1.7445241190069731
1.2784978415140772e-06,1.2784978415140773,1.2784978415140773
2.6824551358298248e-06,2.6824551358298248,2.6824551358298248
2.215870163063432e-06,2.215870163063432,2.215870163063432
1.7491897149006701e-06,1.74918971490067,1.74918971490067
1.2831491473587628e-06,1.2831491473587628,1.2831491473587628
2.6871195417574945e-06,2.6871195417574945,2.6871195417574945
2.2205370950345917e-06,2.220537095034592,2.220537095034592
1.7538553623545832e-06,1.7538553623545832,1.7538553623545832
1.2878007375980487e-06,1.2878007375980487,1.2878007375980487
2.6917839139558625e-06,2.691783913955862,2.691783913955862
2.2252040137457493e-06,2.2252040137457496,2.2252040137457496
1.758521060270516e-06,1.758521060270516,1.758521060270516
1.2924526078511799e-06,1.29245260785118,1.29245260785118
2.6964482523151003e-06,2.6964482523151005,2.6964482523151005
2.2298709188592173e-06,2.2298709188592176,2.2298709188592176
1.7631868075638442e-06,1.7631868075638442,1.7631868075638442
1.2971047538052658e-06,1.2971047538052658,1.2971047538052658
2.7011125567266544e-06,2.7011125567266543,2.7011125567266543
2.2345378100410575e-06,2.234537810041058,2.234537810041058
1.767852603163328e-06,1.7678526031633282,1.7678526031633282
1.3017571712140327e-06,1.3017571712140328,1.3017571712140328
2.7057768270832306e-06,2.705776827083231,2.705776827083231
2.23920468696104e-06,2.2392046869610405,2.2392046869610405
1.772518446010925e-06,1.7725184460109251,1.7725184460109251
1.3064098558966095e-06,1.3064098558966095,1.3064098558966095
2.710441063278784e-06,2.710441063278784,2.710441063278784
2.2438715492926006e-06,2.2438715492926007,2.2438715492926007
1.777184335061604e-06,1.7771843350616041,1.7771843350616041
1.311062803736333e-06,1.3110628037363332,1.3110628037363332
2.7151052652085027e-06,2.7151052652085026,2.7151052652085026
2.2485383967127957e-06,2.248538396712796,2.248538396712796
1.7818502692831673e-06,1.7818502692831675,1.7818502692831675
1.315716010679584e-06,1.315716010679584,1.315716010679584
2.7197694327688004e-06,2.7197694327688002,2.7197694327688002
2.2532052289022648e-06,2.253205228902265,2.253205228902265
1.7865162476560718e-06,1.7865162476560719,1.7865162476560719
1.3203694727346428e-06,1.3203694727346427,1.3203694727346427
2.7244335658573e-06,2.7244335658573,2.7244335658573
2.2578720455451874e-06,2.2578720455451875,2.2578720455451875
1.7911822691732522e-06,1.7911822691732522,1.7911822691732522
1.3250231859705743e-06,1.3250231859705746,1.3250231859705746
2.7290976643728235e-06,2.7290976643728238,2.7290976643728238
2.262538846329242e-06,2.2625388463292424,2.2625388463292424
1.7958483328399513e-06,1.7958483328399515,1.7958483328399515
1.329677146516134e-06,1.3296771465161341,1.3296771465161341
2.7337617282153785e-06,2.7337617282153786,2.7337617282153786
2.267205630945568e-06,2.267205630945568,2.267205630945568
1.8005144376735495e-06,1.8005144376735496,1.8005144376735496
1.334331350558696e-06,1.334331350558696,1.334331350558696
2.7384257572861477e-06,2.738425757286148,2.738425757286148
2.2718723990887243e-06,2.2718723990887244,2.2718723990887244
1.8051805827033975e-06,1.8051805827033975,1.8051805827033975
1.3389857943432052e-06,1.3389857943432053,1.3389857943432053
2.743089751487477e-06,2.743089751487477,2.743089751487477
2.2765391504566525e-06,2.2765391504566526,2.2765391504566526
1.809846766970653e-06,1.809846766970653,1.809846766970653
1.3436404741711525e-06,1.3436404741711525,1.3436404741711525
2.747753710722863e-06,2.747753710722863,2.747753710722863
2.2812058847506364e-06,2.2812058847506367,2.2812058847506367
1.8145129895281189e-06,1.814512989528119,1.814512989528119
1.3482953863995677e-06,1.3482953863995677,1.3482953863995677
2.752417634896942e-06,2.752417634896942,2.752417634896942
2.285872601675266e-06,2.2858726016752664,2.2858726016752664
1.8191792494400841e-06,1.8191792494400842,1.8191792494400842
1.352950527440037e-06,1.352950527440037,1.352950527440037
2.757081523915479e-06,2.7570815239154793,2.7570815239154793
2.2905393009383988e-06,2.290539300938399,2.290539300938399
1.8238455457821677e-06,1.823845545782168,1.823845545782168
1.3576058937577388e-06,1.3576058937577389,1.3576058937577389
2.761745377685356e-06,2.7617453776853558,2.7617453776853558
2.2952059822511236e-06,2.2952059822511233,2.2952059822511233
1.828511877641165e-06,1.828511877641165,1.828511877641165
1.3622614818705004e-06,1.3622614818705006,1.3622614818705006
2.76640919611456e-06,2.76640919611456,2.76640919611456
2.299872645327722e-06,2.2998726453277225,2.2998726453277225
1.8331782441148938e-06,1.8331782441148938,1.8331782441148938
1.3669172883478741e-06,1.3669172883478742,1.3669172883478742
2.771072979112174e-06,2.7710729791121738,2.7710729791121738
2.3045392898856376e-06,2.3045392898856374,2.3045392898856374
1.8378446443120492e-06,1.8378446443120493,1.8378446443120493
1.3715733098102313e-06,1.3715733098102312,1.3715733098102312
2.775736726588365e-06,2.7757367265883652,2.7757367265883652
2.3092059156454334e-06,2.3092059156454336,2.3092059156454336
1.8425110773520536e-06,1.8425110773520537,1.8425110773520537
1.3762295429278753e-06,1.3762295429278755,1.3762295429278755
2.780400438454374e-06,2.7804004384543743,2.7804004384543743
2.313872522330762e-06,2.3138725223307626,2.3138725223307626
1.8471775423649127e-06,1.8471775423649128,1.8471775423649128
1.3808859844201745e-06,1.3808859844201746,1.3808859844201746
2.785064114622503e-06,2.7850641146225033,2.7850641146225033
2.318539109668331e-06,2.3185391096683308,2.3185391096683308
1.8518440384910744e-06,1.8518440384910746,1.8518440384910746
1.3855426310547104e-06,1.3855426310547105,1.3855426310547105
2.7897277550061064e-06,2.7897277550061066,2.7897277550061066
2.3232056773878625e-06,2.3232056773878624,2.3232056773878624
1.8565105648812884e-06,1.8565105648812885,1.8565105648812885
1.3901994796464434e-06,1.3901994796464436,1.3901994796464436
2.7943913595195823e-06,2.794391359519582,2.794391359519582
2.327872225222069e-06,2.3278722252220687,2.3278722252220687
1.8611771206964666e-06,1.8611771206964665,1.8611771206964665
1.3948565270568977e-06,1.3948565270568978,1.3948565270568978
2.799054928078358e-06,2.799054928078358,2.799054928078358
2.332538752906611e-06,2.3325387529066113,2.3325387529066113
1.8658437051075497e-06,1.8658437051075498,1.8658437051075498
1.3995137701933584e-06,1.3995137701933587,1.3995137701933587
2.8037184605988828e-06,2.803718460598883,2.803718460598883
2.337205260180071e-06,2.337205260180071,2.337205260180071
1.870510317295372e-06,1.8705103172953719,1.8705103172953719
1.4041712060080906e-06,1.4041712060080909,1.4041712060080909
2.808381956998618e-06,2.808381956998618,2.808381956998618
2.3418717467839165e-06,2.3418717467839167,2.3418717467839167
1.8751769564505304e-06,1.8751769564505303,1.8751769564505303
1.408828831497568e-06,1.408828831497568,1.408828831497568
2.813045417196024e-06,2.813045417196024,2.813045417196024
2.3465382124624707e-06,2.346538212462471,2.346538212462471
1.8798436217732548e-06,1.8798436217732548,1.8798436217732548
1.413486643701721e-06,1.413486643701721,1.413486643701721
2.8177088411105547e-06,2.8177088411105546,2.8177088411105546
2.351204656962878e-06,2.351204656962878,2.351204656962878
1.8845103124732801e-06,1.88451031247328,1.88451031247328
1.4181446397031994e-06,1.4181446397031994,1.4181446397031994
2.8223722286626444e-06,2.8223722286626445,2.8223722286626445
2.355871080035075e-06,2.355871080035075,2.355871080035075
1.8891770277697213e-06,1.8891770277697215,1.8891770277697215
1.4228028166266466e-06,1.4228028166266466,1.4228028166266466
2.8270355797736996e-06,2.8270355797736997,2.8270355797736997
2.3605374814317602e-06,2.36053748143176,2.36053748143176
1.8938437668909486e-06,1.8938437668909487,1.8938437668909487
1.4274611716379928e-06,1.4274611716379926,1.4274611716379926
2.831698894366089e-06,2.831698894366089,2.831698894366089
2.365203860908361e-06,2.3652038609083608,2.3652038609083608
1.8985105290744672e-06,1.8985105290744673,1.8985105290744673
1.4321197019437586e-06,1.4321197019437586,1.4321197019437586
2.836362172363134e-06,2.8363621723631343,2.8363621723631343
2.3698702182230044e-06,2.3698702182230047,2.3698702182230047
1.9031773135667955e-06,1.9031773135667955,1.9031773135667955
1.4367784047903736e-06,1.4367784047903738,1.4367784047903738
