distance,bs_index,pos_x,pos_y,pos_z,vel_x,vel_y,vel_z,time_norm,sin_time,cos_time
21.73131381210073,0.0,0.0,0.0,1.5,5.0,0.0,0.0,0.0,0.0,1.0
54.51834553615874,1.0,0.0,0.0,1.5,5.0,0.0,0.0,0.0,0.0,1.0
102.33401194128959,2.0,0.0,0.0,1.5,5.0,0.0,0.0,0.0,0.0,1.0
151.56599222780815,3.0,0.0,0.0,1.5,5.0,0.0,0.0,0.0,0.0,1.0
21.737065119284157,0.0,0.5,0.0,1.5,5.0,0.0,0.0,0.0016666666666666668,0.010471784116245792,0.9999451693655121
54.060151683102035,1.0,0.5,0.0,1.5,5.0,0.0,0.0,0.0016666666666666668,0.010471784116245792,0.9999451693655121
101.84547118060773,2.0,0.5,0.0,1.5,5.0,0.0,0.0,0.0016666666666666668,0.010471784116245792,0.9999451693655121
151.07117527840975,3.0,0.5,0.0,1.5,5.0,0.0,0.0,0.0016666666666666668,0.010471784116245792,0.9999451693655121
21.754309917807092,0.0,1.0,0.0,1.5,5.0,0.0,0.0,0.0033333333333333335,0.020942419883356957,0.9997806834748455
53.60270515561691,1.0,1.0,0.0,1.5,5.0,0.0,0.0,0.0033333333333333335,0.020942419883356957,0.9997806834748455
101.35704218257358,2.0,1.0,0.0,1.5,5.0,0.0,0.0,0.0033333333333333335,0.020942419883356957,0.9997806834748455
150.57639257200978,3.0,1.0,0.0,1.5,5.0,0.0,0.0,0.0033333333333333335,0.020942419883356957,0.9997806834748455
21.783020910791965,0.0,1.5000000000000002,0.0,1.5,5.0,0.0,0.0,0.005,0.03141075907812829,0.9995065603657316
53.146025251188824,1.0,1.5000000000000002,0.0,1.5,5.0,0.0,0.0,0.005,0.03141075907812829,0.9995065603657316
100.86872657072657,2.0,1.5000000000000002,0.0,1.5,5.0,0.0,0.0,0.005,0.03141075907812829,0.9995065603657316
150.08164444728075,3.0,1.5000000000000002,0.0,1.5,5.0,0.0,0.0,0.005,0.03141075907812829,0.9995065603657316
21.823152842795196,0.0,2.0,0.0,1.5,5.0,0.0,0.0,0.006666666666666667,0.04187565372919962,0.9991228300988584
52.690131903421914,1.0,2.0,0.0,1.5,5.0,0.0,0.0,0.006666666666666667,0.04187565372919962,0.9991228300988584
100.38052599981731,2.0,2.0,0.0,1.5,5.0,0.0,0.0,0.006666666666666667,0.04187565372919962,0.9991228300988584
149.58693124735194,3.0,2.0,0.0,1.5,5.0,0.0,0.0,0.006666666666666667,0.04187565372919962,0.9991228300988584
21.874642854227357,0.0,2.5,0.0,1.5,5.0,0.0,0.0,0.008333333333333333,0.05233595624294383,0.9986295347545738
52.23504570688151,1.0,2.5,0.0,1.5,5.0,0.0,0.0,0.008333333333333333,0.05233595624294383,0.9986295347545738
99.89244215655157,2.0,2.5,0.0,1.5,5.0,0.0,0.0,0.008333333333333333,0.05233595624294383,0.9986295347545738
149.09225331988245,3.0,2.5,0.0,1.5,5.0,0.0,0.0,0.008333333333333333,0.05233595624294383,0.9986295347545738
21.937410968480304,0.0,3.0000000000000004,0.0,1.5,5.0,0.0,0.0,0.01,0.06279051952931337,0.9980267284282716
51.780787943019945,1.0,3.0000000000000004,0.0,1.5,5.0,0.0,0.0,0.01,0.06279051952931337,0.9980267284282716
99.40447676035521,2.0,3.0000000000000004,0.0,1.5,5.0,0.0,0.0,0.01,0.06279051952931337,0.9980267284282716
148.5976110171358,3.0,3.0000000000000004,0.0,1.5,5.0,0.0,0.0,0.01,0.06279051952931337,0.9980267284282716
22.01136070305514,0.0,3.5000000000000004,0.0,1.5,5.0,0.0,0.0,0.011666666666666667,0.07323819712763169,0.9973144772244581
51.327380607235355,1.0,3.5000000000000004,0.0,1.5,5.0,0.0,0.0,0.011666666666666667,0.07323819712763169,0.9973144772244581
98.91663156416114,2.0,3.5000000000000004,0.0,1.5,5.0,0.0,0.0,0.011666666666666667,0.07323819712763169,0.9973144772244581
148.10300469605605,3.0,3.5000000000000004,0.0,1.5,5.0,0.0,0.0,0.011666666666666667,0.07323819712763169,0.9973144772244581
22.096379793984354,0.0,4.0,0.0,1.5,5.0,0.0,0.0,0.013333333333333334,0.08367784333231548,0.9964928592495044
50.87484643711468,1.0,4.0,0.0,1.5,5.0,0.0,0.0,0.013333333333333334,0.08367784333231548,0.9964928592495044
98.42890835521848,2.0,4.0,0.0,1.5,5.0,0.0,0.0,0.013333333333333334,0.08367784333231548,0.9964928592495044
147.60843471834528,3.0,4.0,0.0,1.5,5.0,0.0,0.0,0.013333333333333334,0.08367784333231548,0.9964928592495044
22.192341021172147,0.0,4.5,0.0,1.5,5.0,0.0,0.0,0.015,0.09410831331851431,0.99556196460308
50.42320894191484,1.0,4.5,0.0,1.5,5.0,0.0,0.0,0.015,0.09410831331851431,0.99556196460308
97.94130895592524,2.0,4.5,0.0,1.5,5.0,0.0,0.0,0.015,0.09410831331851431,0.99556196460308
147.11390145054273,3.0,4.5,0.0,1.5,5.0,0.0,0.0,0.015,0.09410831331851431,0.99556196460308
22.299103120977758,0.0,5.0,0.0,1.5,5.0,0.0,0.0,0.016666666666666666,0.10452846326765346,0.9945218953682733
49.97249243333776,1.0,5.0,0.0,1.5,5.0,0.0,0.0,0.016666666666666666,0.10452846326765346,0.9945218953682733
97.45383522468472,2.0,5.0,0.0,1.5,5.0,0.0,0.0,0.016666666666666666,0.10452846326765346,0.9945218953682733
146.61940526410547,3.0,5.0,0.0,1.5,5.0,0.0,0.0,0.016666666666666666,0.10452846326765346,0.9945218953682733
22.416511771459895,0.0,5.5,0.0,1.5,5.0,0.0,0.0,0.018333333333333333,0.11493715049286658,0.9933727656003964
49.52272205765753,1.0,5.5,0.0,1.5,5.0,0.0,0.0,0.018333333333333333,0.11493715049286658,0.9933727656003964
96.96648905678704,2.0,5.5,0.0,1.5,5.0,0.0,0.0,0.018333333333333333,0.11493715049286658,0.9933727656003964
146.12494653549064,3.0,5.5,0.0,1.5,5.0,0.0,0.0,0.018333333333333333,0.11493715049286658,0.9933727656003964
22.544400635190993,0.0,6.000000000000001,0.0,1.5,5.0,0.0,0.0,0.02,0.12533323356430426,0.9921147013144779
49.073923829259876,1.0,6.000000000000001,0.0,1.5,5.0,0.0,0.0,0.02,0.12533323356430426,0.9921147013144779
96.47927238531601,2.0,6.000000000000001,0.0,1.5,5.0,0.0,0.0,0.02,0.12533323356430426,0.9921147013144779
145.63052564623942,3.0,6.000000000000001,0.0,1.5,5.0,0.0,0.0,0.02,0.12533323356430426,0.9921147013144779
22.68259244442751,0.0,6.5,0.0,1.5,5.0,0.0,0.0,0.021666666666666667,0.13571557243430438,0.9907478404714436
48.62612466565683,1.0,6.5,0.0,1.5,5.0,0.0,0.0,0.021666666666666667,0.13571557243430438,0.9907478404714436
95.99218718208269,2.0,6.5,0.0,1.5,5.0,0.0,0.0,0.021666666666666667,0.13571557243430438,0.9907478404714436
145.13614298306263,3.0,6.5,0.0,1.5,5.0,0.0,0.0,0.021666666666666667,0.13571557243430438,0.9907478404714436
22.830900113661748,0.0,7.000000000000001,0.0,1.5,5.0,0.0,0.0,0.023333333333333334,0.14608302856241162,0.9892723329629883
48.17935242404157,1.0,7.000000000000001,0.0,1.5,5.0,0.0,0.0,0.023333333333333334,0.14608302856241162,0.9892723329629883
95.50523545858624,2.0,7.000000000000001,0.0,1.5,5.0,0.0,0.0,0.023333333333333334,0.14608302856241162,0.9892723329629883
144.64179893792803,3.0,7.000000000000001,0.0,1.5,5.0,0.0,0.0,0.023333333333333334,0.14608302856241162,0.9892723329629883
22.9891278651453,0.0,7.5,0.0,1.5,5.0,0.0,0.0,0.025,0.15643446504023087,0.9876883405951378
47.733635939450494,1.0,7.5,0.0,1.5,5.0,0.0,0.0,0.025,0.15643446504023087,0.9876883405951378
95.01841926700317,2.0,7.5,0.0,1.5,5.0,0.0,0.0,0.025,0.15643446504023087,0.9876883405951378
144.1474939081495,3.0,7.5,0.0,1.5,5.0,0.0,0.0,0.025,0.15643446504023087,0.9876883405951378
23.157072353818823,0.0,8.0,0.0,1.5,5.0,0.0,0.0,0.02666666666666667,0.16676874671610226,0.985996037070505
47.28900506460249,1.0,8.0,0.0,1.5,5.0,0.0,0.0,0.02666666666666667,0.16676874671610226,0.985996037070505
94.53174070120575,2.0,8.0,0.0,1.5,5.0,0.0,0.0,0.02666666666666667,0.16676874671610226,0.985996037070505
143.6532282964779,3.0,8.0,0.0,1.5,5.0,0.0,0.0,0.02666666666666667,0.16676874671610226,0.985996037070505
23.33452377915607,0.0,8.5,0.0,1.5,5.0,0.0,0.0,0.028333333333333332,0.1770847403195833,0.9841956079692419
46.84549071148684,1.0,8.5,0.0,1.5,5.0,0.0,0.0,0.028333333333333332,0.1770847403195833,0.9841956079692419
94.04520189781083,2.0,8.5,0.0,1.5,5.0,0.0,0.0,0.028333333333333332,0.1770847403195833,0.9841956079692419
143.15900251119382,3.0,8.5,0.0,1.5,5.0,0.0,0.0,0.028333333333333332,0.1770847403195833,0.9841956079692419
23.521266972678152,0.0,9.0,0.0,1.5,5.0,0.0,0.0,0.03,0.1873813145857246,0.9822872507286887
46.40312489477406,1.0,9.0,0.0,1.5,5.0,0.0,0.0,0.03,0.1873813145857246,0.9822872507286887
93.55880503725986,2.0,9.0,0.0,1.5,5.0,0.0,0.0,0.03,0.1873813145857246,0.9822872507286887
142.6648169662023,3.0,9.0,0.0,1.5,5.0,0.0,0.0,0.03,0.1873813145857246,0.9822872507286887
23.717082451262844,0.0,9.5,0.0,1.5,5.0,0.0,0.0,0.03166666666666667,0.19765734037912613,0.9802711746217219
45.96194077712559,1.0,9.5,0.0,1.5,5.0,0.0,0.0,0.03166666666666667,0.19765734037912613,0.9802711746217219
93.07255234493142,2.0,9.5,0.0,1.5,5.0,0.0,0.0,0.03166666666666667,0.19765734037912613,0.9802711746217219
142.1706720811293,3.0,9.5,0.0,1.5,5.0,0.0,0.0,0.03166666666666667,0.19765734037912613,0.9802711746217219
23.921747427811372,0.0,10.0,0.0,1.5,5.0,0.0,0.0,0.03333333333333333,0.20791169081775931,0.9781476007338057
45.521972716480555,1.0,10.0,0.0,1.5,5.0,0.0,0.0,0.03333333333333333,0.20791169081775931,0.9781476007338057
92.58644609228718,2.0,10.0,0.0,1.5,5.0,0.0,0.0,0.03333333333333333,0.20791169081775931,0.9781476007338057
141.6765682814205,3.0,10.0,0.0,1.5,5.0,0.0,0.0,0.03333333333333333,0.20791169081775931,0.9781476007338057
24.13503677229434,0.0,10.5,0.0,1.5,5.0,0.0,0.0,0.035,0.21814324139654254,0.9759167619387474
45.0832563153994,1.0,10.5,0.0,1.5,5.0,0.0,0.0,0.035,0.21814324139654254,0.9759167619387474
92.10048859805251,2.0,10.5,0.0,1.5,5.0,0.0,0.0,0.035,0.21814324139654254,0.9759167619387474
141.1825059984416,3.0,10.5,0.0,1.5,5.0,0.0,0.0,0.035,0.21814324139654254,0.9759167619387474
24.3567239176372,0.0,11.0,0.0,1.5,5.0,0.0,0.0,0.03666666666666667,0.2283508701106557,0.9735789028731603
44.64582847254601,1.0,11.0,0.0,1.5,5.0,0.0,0.0,0.03666666666666667,0.2283508701106557,0.9735789028731603
91.61468222943307,2.0,11.0,0.0,1.5,5.0,0.0,0.0,0.03666666666666667,0.2283508701106557,0.9735789028731603
140.68848566958135,3.0,11.0,0.0,1.5,5.0,0.0,0.0,0.03666666666666667,0.2283508701106557,0.9735789028731603
24.586581706288495,0.0,11.500000000000002,0.0,1.5,5.0,0.0,0.0,0.03833333333333333,0.23853345757858085,0.9711342799096361
44.20972743639119,1.0,11.500000000000002,0.0,1.5,5.0,0.0,0.0,0.03833333333333333,0.23853345757858085,0.9711342799096361
91.12902940336849,2.0,11.500000000000002,0.0,1.5,5.0,0.0,0.0,0.03833333333333333,0.23853345757858085,0.9711342799096361
140.19450773835615,3.0,11.500000000000002,0.0,1.5,5.0,0.0,0.0,0.03833333333333333,0.23853345757858085,0.9711342799096361
24.82438317461282,0.0,12.000000000000002,0.0,1.5,5.0,0.0,0.0,0.04,0.2486898871648548,0.9685831611286311
43.77499286122158,1.0,12.000000000000002,0.0,1.5,5.0,0.0,0.0,0.04,0.2486898871648548,0.9685831611286311
90.6435325878245,2.0,12.000000000000002,0.0,1.5,5.0,0.0,0.0,0.04,0.2486898871648548,0.9685831611286311
139.70057265451706,3.0,12.000000000000002,0.0,1.5,5.0,0.0,0.0,0.04,0.2486898871648548,0.9685831611286311
25.06990227344335,0.0,12.5,0.0,1.5,5.0,0.0,0.0,0.041666666666666664,0.2588190451025208,0.9659258262890683
43.34166586553867,1.0,12.5,0.0,1.5,5.0,0.0,0.0,0.041666666666666664,0.2588190451025208,0.9659258262890683
90.15819430312477,2.0,12.5,0.0,1.5,5.0,0.0,0.0,0.041666666666666664,0.2588190451025208,0.9659258262890683
139.2066808741592,3.0,12.5,0.0,1.5,5.0,0.0,0.0,0.041666666666666664,0.2588190451025208,0.9659258262890683
25.3229145242012,0.0,13.0,0.0,1.5,5.0,0.0,0.0,0.043333333333333335,0.2689198206152657,0.9631625667976582
42.909789092933096,1.0,13.0,0.0,1.5,5.0,0.0,0.0,0.043333333333333335,0.2689198206152657,0.9631625667976582
89.67301712332423,2.0,13.0,0.0,1.5,5.0,0.0,0.0,0.043333333333333335,0.2689198206152657,0.9631625667976582
138.71283285983313,3.0,13.0,0.0,1.5,5.0,0.0,0.0,0.043333333333333335,0.2689198206152657,0.9631625667976582
25.583197610932064,0.0,13.5,0.0,1.5,5.0,0.0,0.0,0.045,0.2789911060392293,0.9602936856769431
42.47940677551889,1.0,13.5,0.0,1.5,5.0,0.0,0.0,0.045,0.2789911060392293,0.9602936856769431
89.18800367762472,2.0,13.5,0.0,1.5,5.0,0.0,0.0,0.045,0.2789911060392293,0.9602936856769431
138.2190290806588,3.0,13.5,0.0,1.5,5.0,0.0,0.0,0.045,0.2789911060392293,0.9602936856769431
25.85053190942113,0.0,14.000000000000002,0.0,1.5,5.0,0.0,0.0,0.04666666666666667,0.2890317969444716,0.9573194975320672
42.050564800011905,1.0,14.000000000000002,0.0,1.5,5.0,0.0,0.0,0.04666666666666667,0.2890317969444716,0.9573194975320672
88.70315665183512,2.0,14.000000000000002,0.0,1.5,5.0,0.0,0.0,0.04666666666666667,0.2890317969444716,0.9573194975320672
137.7252700124418,3.0,14.000000000000002,0.0,1.5,5.0,0.0,0.0,0.04666666666666667,0.2890317969444716,0.9573194975320672
26.124700955226263,0.0,14.500000000000002,0.0,1.5,5.0,0.0,0.0,0.04833333333333333,0.29904079225608665,0.9542403285162769
41.62331077653482,1.0,14.500000000000002,0.0,1.5,5.0,0.0,0.0,0.04833333333333333,0.29904079225608665,0.9542403285162769
88.21847878987712,2.0,14.500000000000002,0.0,1.5,5.0,0.0,0.0,0.04833333333333333,0.29904079225608665,0.9542403285162769
137.23155613779215,3.0,14.500000000000002,0.0,1.5,5.0,0.0,0.0,0.04833333333333333,0.29904079225608665,0.9542403285162769
26.405491853021786,0.0,15.0,0.0,1.5,5.0,0.0,0.0,0.05,0.3090169943749474,0.9510565162951535
41.19769411022904,1.0,15.0,0.0,1.5,5.0,0.0,0.0,0.05,0.3090169943749474,0.9510565162951535
87.73397289533855,2.0,15.0,0.0,1.5,5.0,0.0,0.0,0.05,0.3090169943749474,0.9510565162951535
136.73788794624554,3.0,15.0,0.0,1.5,5.0,0.0,0.0,0.05,0.3090169943749474,0.9510565162951535
26.692695630078276,0.0,15.5,0.0,1.5,5.0,0.0,0.0,0.051666666666666666,0.31895930929807,0.9477684100095857
40.773766075750224,1.0,15.5,0.0,1.5,5.0,0.0,0.0,0.051666666666666666,0.31895930929807,0.9477684100095857
87.24964183307574,2.0,15.5,0.0,1.5,5.0,0.0,0.0,0.051666666666666666,0.31895930929807,0.9477684100095857
136.24426593438713,3.0,15.5,0.0,1.5,5.0,0.0,0.0,0.051666666666666666,0.31895930929807,0.9477684100095857
26.98610753702727,0.0,16.0,0.0,1.5,5.0,0.0,0.0,0.05333333333333334,0.32886664673858323,0.9443763702374811
40.35157989472035,1.0,16.0,0.0,1.5,5.0,0.0,0.0,0.05333333333333334,0.32886664673858323,0.9443763702374811
86.76548853086693,2.0,16.0,0.0,1.5,5.0,0.0,0.0,0.05333333333333334,0.32886664673858323,0.9443763702374811
135.75069060597812,3.0,16.0,0.0,1.5,5.0,0.0,0.0,0.05333333333333334,0.32886664673858323,0.9443763702374811
27.285527299284507,0.0,16.5,0.0,1.5,5.0,0.0,0.0,0.055,0.33873792024529137,0.9408807689542255
39.931190816202815,1.0,16.5,0.0,1.5,5.0,0.0,0.0,0.055,0.33873792024529137,0.9408807689542255
86.28151598111846,2.0,16.5,0.0,1.5,5.0,0.0,0.0,0.055,0.33873792024529137,0.9408807689542255
135.257162472085,3.0,16.5,0.0,1.5,5.0,0.0,0.0,0.055,0.33873792024529137,0.9408807689542255
27.59075932264279,0.0,17.0,0.0,1.5,5.0,0.0,0.0,0.056666666666666664,0.3485720473218152,0.9372819894918916
39.51265620026069,1.0,17.0,0.0,1.5,5.0,0.0,0.0,0.056666666666666664,0.3485720473218152,0.9372819894918916
85.79772724262573,2.0,17.0,0.0,1.5,5.0,0.0,0.0,0.056666666666666664,0.3485720473218152,0.9372819894918916
134.76368205121142,3.0,17.0,0.0,1.5,5.0,0.0,0.0,0.056666666666666664,0.3485720473218152,0.9372819894918916
27.90161285660741,0.0,17.5,0.0,1.5,5.0,0.0,0.0,0.058333333333333334,0.3583679495453002,0.9335804264972017
39.096035604649224,1.0,17.5,0.0,1.5,5.0,0.0,0.0,0.058333333333333334,0.3583679495453002,0.9335804264972017
85.31412544239085,2.0,17.5,0.0,1.5,5.0,0.0,0.0,0.058333333333333334,0.3583679495453002,0.9335804264972017
134.27024986943312,3.0,17.5,0.0,1.5,5.0,0.0,0.0,0.058333333333333334,0.3583679495453002,0.9335804264972017
28.217902119044926,0.0,18.0,0.0,1.5,5.0,0.0,0.0,0.06,0.3681245526846779,0.9297764858882515
38.68139087468288,1.0,18.0,0.0,1.5,5.0,0.0,0.0,0.06,0.3681245526846779,0.9297764858882515
84.83071377749924,2.0,18.0,0.0,1.5,5.0,0.0,0.0,0.06,0.3681245526846779,0.9297764858882515
133.7768664605357,3.0,18.0,0.0,1.5,5.0,0.0,0.0,0.06,0.3681245526846779,0.9297764858882515
28.53944638566067,0.0,18.5,0.0,1.5,5.0,0.0,0.0,0.06166666666666667,0.3778407868184671,0.9258705848099947
38.268786236304905,1.0,18.5,0.0,1.5,5.0,0.0,0.0,0.06166666666666667,0.3778407868184671,0.9258705848099947
84.3474955170573,2.0,18.5,0.0,1.5,5.0,0.0,0.0,0.06166666666666667,0.3778407868184671,0.9258705848099947
133.2835323661554,3.0,18.5,0.0,1.5,5.0,0.0,0.0,0.06166666666666667,0.3778407868184671,0.9258705848099947
28.86607004772212,0.0,19.0,0.0,1.5,5.0,0.0,0.0,0.06333333333333334,0.38751558645210293,0.9218631515885005
37.85828839237189,1.0,19.0,0.0,1.5,5.0,0.0,0.0,0.06333333333333334,0.38751558645210293,0.9218631515885005
83.86447400419321,2.0,19.0,0.0,1.5,5.0,0.0,0.0,0.06333333333333334,0.38751558645210293,0.9218631515885005
132.79024813592298,3.0,19.0,0.0,1.5,5.0,0.0,0.0,0.06333333333333334,0.38751558645210293,0.9218631515885005
29.197602641312866,0.0,19.5,0.0,1.5,5.0,0.0,0.0,0.065,0.39714789063478056,0.9177546256839811
37.44996662214801,1.0,19.5,0.0,1.5,5.0,0.0,0.0,0.065,0.39714789063478056,0.9177546256839811
83.38165265812378,2.0,19.5,0.0,1.5,5.0,0.0,0.0,0.065,0.39714789063478056,0.9177546256839811
132.29701432761058,3.0,19.5,0.0,1.5,5.0,0.0,0.0,0.065,0.39714789063478056,0.9177546256839811
29.53387885124472,0.0,20.0,0.0,1.5,5.0,0.0,0.0,0.06666666666666667,0.40673664307580015,0.9135454576426009
37.04389288398291,1.0,20.0,0.0,1.5,5.0,0.0,0.0,0.06666666666666667,0.40673664307580015,0.9135454576426009
82.89903497628907,2.0,20.0,0.0,1.5,5.0,0.0,0.0,0.06666666666666667,0.40673664307580015,0.9135454576426009
131.80383150728207,3.0,20.0,0.0,1.5,5.0,0.0,0.0,0.06666666666666667,0.40673664307580015,0.9135454576426009
29.874738492579315,0.0,20.500000000000004,0.0,1.5,5.0,0.0,0.0,0.06833333333333333,0.4162807922604011,0.9092361090470685
36.64014192112252,1.0,20.500000000000004,0.0,1.5,5.0,0.0,0.0,0.06833333333333333,0.4162807922604011,0.9092361090470685
82.41662453655816,2.0,20.500000000000004,0.0,1.5,5.0,0.0,0.0,0.06833333333333333,0.4162807922604011,0.9092361090470685
131.31070024944654,3.0,20.500000000000004,0.0,1.5,5.0,0.0,0.0,0.06833333333333333,0.4162807922604011,0.9092361090470685
30.220026472523152,0.0,21.0,0.0,1.5,5.0,0.0,0.0,0.07,0.42577929156507266,0.9048270524660196
36.238791370574155,1.0,21.0,0.0,1.5,5.0,0.0,0.0,0.07,0.42577929156507266,0.9048270524660196
81.934424999508,2.0,21.0,0.0,1.5,5.0,0.0,0.0,0.07,0.42577929156507266,0.9048270524660196
130.8176211372153,3.0,21.0,0.0,1.5,5.0,0.0,0.0,0.07,0.42577929156507266,0.9048270524660196
30.569592735265545,0.0,21.5,0.0,1.5,5.0,0.0,0.0,0.07166666666666667,0.43523109937232746,0.9003187714021935
35.83992187491485,1.0,21.5,0.0,1.5,5.0,0.0,0.0,0.07166666666666667,0.43523109937232746,0.9003187714021935
81.45244011077875,2.0,21.5,0.0,1.5,5.0,0.0,0.0,0.07166666666666667,0.43523109937232746,0.9003187714021935
130.32459476246223,3.0,21.5,0.0,1.5,5.0,0.0,0.0,0.07166666666666667,0.43523109937232746,0.9003187714021935
30.923292192132454,0.0,22.0,0.0,1.5,5.0,0.0,0.0,0.07333333333333333,0.4446351791849274,0.8957117602394129
35.443617196894564,1.0,22.0,0.0,1.5,5.0,0.0,0.0,0.07333333333333333,0.4446351791849274,0.8957117602394129
80.97067370350824,2.0,22.0,0.0,1.5,5.0,0.0,0.0,0.07333333333333333,0.4446351791849274,0.8957117602394129
129.83162172598784,3.0,22.0,0.0,1.5,5.0,0.0,0.0,0.07333333333333333,0.4446351791849274,0.8957117602394129
31.280984639234106,0.0,22.5,0.0,1.5,5.0,0.0,0.0,0.075,0.45399049973954675,0.8910065241883679
35.04996433664377,1.0,22.5,0.0,1.5,5.0,0.0,0.0,0.075,0.45399049973954675,0.8910065241883679
80.48912970084842,2.0,22.5,0.0,1.5,5.0,0.0,0.0,0.075,0.45399049973954675,0.8910065241883679
129.3387026376869,3.0,22.5,0.0,1.5,5.0,0.0,0.0,0.075,0.45399049973954675,0.8910065241883679
31.64253466459348,0.0,23.000000000000004,0.0,1.5,5.0,0.0,0.0,0.07666666666666666,0.46329603511986167,0.8862035792312147
34.65905365124674,1.0,23.000000000000004,0.0,1.5,5.0,0.0,0.0,0.07666666666666666,0.46329603511986167,0.8862035792312147
80.00781211856753,2.0,23.000000000000004,0.0,1.5,5.0,0.0,0.0,0.07666666666666666,0.46329603511986167,0.8862035792312147
128.84583811671993,3.0,23.000000000000004,0.0,1.5,5.0,0.0,0.0,0.07666666666666666,0.46329603511986167,0.8862035792312147
32.00781154655844,0.0,23.5,0.0,1.5,5.0,0.0,0.0,0.07833333333333334,0.472550764869054,0.8813034520649922
34.27097897638759,1.0,23.5,0.0,1.5,5.0,0.0,0.0,0.07833333333333334,0.472550764869054,0.8813034520649922
79.5267250677406,2.0,23.5,0.0,1.5,5.0,0.0,0.0,0.07833333333333334,0.472550764869054,0.8813034520649922
128.35302879168844,3.0,23.5,0.0,1.5,5.0,0.0,0.0,0.07833333333333334,0.472550764869054,0.8813034520649922
32.37668914512415,0.0,24.000000000000004,0.0,1.5,5.0,0.0,0.0,0.08,0.4817536741017153,0.8763066800438636
33.885837749714845,1.0,24.000000000000004,0.0,1.5,5.0,0.0,0.0,0.08,0.4817536741017153,0.8763066800438636
79.04587275753238,2.0,24.000000000000004,0.0,1.5,5.0,0.0,0.0,0.08,0.4817536741017153,0.8763066800438636
127.86027530081421,3.0,24.000000000000004,0.0,1.5,5.0,0.0,0.0,0.08,0.4817536741017153,0.8763066800438636
32.74904578762563,0.0,24.5,0.0,1.5,5.0,0.0,0.0,0.08166666666666667,0.49090375361514077,0.8712138111201895
33.50373113550191,1.0,24.5,0.0,1.5,5.0,0.0,0.0,0.08166666666666667,0.49090375361514077,0.8712138111201895
78.56525949807586,2.0,24.5,0.0,1.5,5.0,0.0,0.0,0.08166666666666667,0.49090375361514077,0.8712138111201895
127.36757829212267,3.0,24.5,0.0,1.5,5.0,0.0,0.0,0.08166666666666667,0.49090375361514077,0.8712138111201895
33.12476415010377,0.0,25.0,0.0,1.5,5.0,0.0,0.0,0.08333333333333333,0.5,0.8660254037844386
33.12476415010377,1.0,25.0,0.0,1.5,5.0,0.0,0.0,0.08333333333333333,0.5,0.8660254037844386
78.08488970345032,2.0,25.0,0.0,1.5,5.0,0.0,0.0,0.08333333333333333,0.5,0.8660254037844386
126.87493842363038,3.0,25.0,0.0,1.5,5.0,0.0,0.0,0.08333333333333333,0.5,0.8660254037844386
33.50373113550191,0.0,25.500000000000004,0.0,1.5,5.0,0.0,0.0,0.085,0.5090414157503712,0.8607420270039436
32.749045787625626,1.0,25.500000000000004,0.0,1.5,5.0,0.0,0.0,0.085,0.5090414157503712,0.8607420270039436
77.60476789476276,2.0,25.500000000000004,0.0,1.5,5.0,0.0,0.0,0.085,0.5090414157503712,0.8607420270039436
126.38235636353676,3.0,25.500000000000004,0.0,1.5,5.0,0.0,0.0,0.085,0.5090414157503712,0.8607420270039436
33.88583774971485,0.0,26.0,0.0,1.5,5.0,0.0,0.0,0.08666666666666667,0.5180270093731302,0.8553642601605067
32.37668914512415,1.0,26.0,0.0,1.5,5.0,0.0,0.0,0.08666666666666667,0.5180270093731302,0.8553642601605067
77.12489870333704,2.0,26.0,0.0,1.5,5.0,0.0,0.0,0.08666666666666667,0.5180270093731302,0.8553642601605067
125.88983279042037,3.0,26.0,0.0,1.5,5.0,0.0,0.0,0.08666666666666667,0.5180270093731302,0.8553642601605067
34.27097897638759,0.0,26.500000000000004,0.0,1.5,5.0,0.0,0.0,0.08833333333333333,0.5269557954966776,0.849892692986864
32.00781154655844,1.0,26.500000000000004,0.0,1.5,5.0,0.0,0.0,0.08833333333333333,0.5269557954966776,0.849892692986864
76.64528687401463,2.0,26.500000000000004,0.0,1.5,5.0,0.0,0.0,0.08833333333333333,0.5269557954966776,0.849892692986864
125.39736839343958,3.0,26.500000000000004,0.0,1.5,5.0,0.0,0.0,0.08833333333333333,0.5269557954966776,0.849892692986864
34.659053651246744,0.0,27.0,0.0,1.5,5.0,0.0,0.0,0.09,0.5358267949789967,0.8443279255020151
31.64253466459348,1.0,27.0,0.0,1.5,5.0,0.0,0.0,0.09,0.5358267949789967,0.8443279255020151
76.16593726857171,2.0,27.0,0.0,1.5,5.0,0.0,0.0,0.09,0.5358267949789967,0.8443279255020151
124.9049638725379,3.0,27.0,0.0,1.5,5.0,0.0,0.0,0.09,0.5358267949789967,0.8443279255020151
35.04996433664377,0.0,27.5,0.0,1.5,5.0,0.0,0.0,0.09166666666666666,0.5446390350150271,0.838670567945424
31.280984639234106,1.0,27.5,0.0,1.5,5.0,0.0,0.0,0.09166666666666666,0.5446390350150271,0.838670567945424
75.68685486925719,2.0,27.5,0.0,1.5,5.0,0.0,0.0,0.09166666666666666,0.5446390350150271,0.838670567945424
124.41261993865413,3.0,27.5,0.0,1.5,5.0,0.0,0.0,0.09166666666666666,0.5446390350150271,0.838670567945424
35.443617196894564,0.0,28.000000000000004,0.0,1.5,5.0,0.0,0.0,0.09333333333333334,0.5533915492433441,0.8329212407100994
30.92329219213245,1.0,28.000000000000004,0.0,1.5,5.0,0.0,0.0,0.09333333333333334,0.5533915492433441,0.8329212407100994
75.20804478245661,2.0,28.000000000000004,0.0,1.5,5.0,0.0,0.0,0.09333333333333334,0.5533915492433441,0.8329212407100994
123.9203373139373,3.0,28.000000000000004,0.0,1.5,5.0,0.0,0.0,0.09333333333333334,0.5533915492433441,0.8329212407100994
35.83992187491485,0.0,28.5,0.0,1.5,5.0,0.0,0.0,0.095,0.5620833778521306,0.8270805742745618
30.569592735265545,1.0,28.5,0.0,1.5,5.0,0.0,0.0,0.095,0.5620833778521306,0.8270805742745618
74.7295122424869,2.0,28.5,0.0,1.5,5.0,0.0,0.0,0.095,0.5620833778521306,0.8270805742745618
123.42811673196671,3.0,28.5,0.0,1.5,5.0,0.0,0.0,0.095,0.5620833778521306,0.8270805742745618
36.23879137057416,0.0,29.000000000000004,0.0,1.5,5.0,0.0,0.0,0.09666666666666666,0.5707135676844316,0.821149209133704
30.220026472523145,1.0,29.000000000000004,0.0,1.5,5.0,0.0,0.0,0.09666666666666666,0.5707135676844316,0.821149209133704
74.25126261552728,2.0,29.000000000000004,0.0,1.5,5.0,0.0,0.0,0.09666666666666666,0.5707135676844316,0.821149209133704
122.93595893797713,3.0,29.000000000000004,0.0,1.5,5.0,0.0,0.0,0.09666666666666666,0.5707135676844316,0.821149209133704
36.64014192112252,0.0,29.5,0.0,1.5,5.0,0.0,0.0,0.09833333333333333,0.5792811723426788,0.8151277957285542
29.87473849257931,1.0,29.5,0.0,1.5,5.0,0.0,0.0,0.09833333333333333,0.5792811723426788,0.8151277957285542
73.7733014036921,2.0,29.5,0.0,1.5,5.0,0.0,0.0,0.09833333333333333,0.5792811723426788,0.8151277957285542
122.44386468908927,3.0,29.5,0.0,1.5,5.0,0.0,0.0,0.09833333333333333,0.5792811723426788,0.8151277957285542
37.04389288398291,0.0,30.0,0.0,1.5,5.0,0.0,0.0,0.1,0.5877852522924731,0.8090169943749475
29.53387885124472,1.0,30.0,0.0,1.5,5.0,0.0,0.0,0.1,0.5877852522924731,0.8090169943749475
73.29563424925117,2.0,30.0,0.0,1.5,5.0,0.0,0.0,0.1,0.5877852522924731,0.8090169943749475
121.95183475454562,3.0,30.0,0.0,1.5,5.0,0.0,0.0,0.1,0.5877852522924731,0.8090169943749475
37.44996662214801,0.0,30.500000000000004,0.0,1.5,5.0,0.0,0.0,0.10166666666666667,0.5962248749656158,0.8028174751911146
29.197602641312862,1.0,30.500000000000004,0.0,1.5,5.0,0.0,0.0,0.10166666666666667,0.5962248749656158,0.8028174751911146
72.8182669390037,2.0,30.500000000000004,0.0,1.5,5.0,0.0,0.0,0.10166666666666667,0.5962248749656158,0.8028174751911146
121.45986991595207,3.0,30.500000000000004,0.0,1.5,5.0,0.0,0.0,0.10166666666666667,0.5962248749656158,0.8028174751911146
37.85828839237189,0.0,31.0,0.0,1.5,5.0,0.0,0.0,0.10333333333333333,0.6045991148623748,0.7965299180241963
28.86607004772212,1.0,31.0,0.0,1.5,5.0,0.0,0.0,0.10333333333333333,0.6045991148623748,0.7965299180241963
72.34120540881248,2.0,31.0,0.0,1.5,5.0,0.0,0.0,0.10333333333333333,0.6045991148623748,0.7965299180241963
120.96797096752512,3.0,31.0,0.0,1.5,5.0,0.0,0.0,0.10333333333333333,0.6045991148623748,0.7965299180241963
38.26878623630491,0.0,31.500000000000004,0.0,1.5,5.0,0.0,0.0,0.105,0.6129070536529765,0.7901550123756904
28.53944638566067,1.0,31.500000000000004,0.0,1.5,5.0,0.0,0.0,0.105,0.6129070536529765,0.7901550123756904
71.8644557483044,2.0,31.500000000000004,0.0,1.5,5.0,0.0,0.0,0.105,0.6129070536529765,0.7901550123756904
120.47613871634499,3.0,31.500000000000004,0.0,1.5,5.0,0.0,0.0,0.105,0.6129070536529765,0.7901550123756904
38.68139087468288,0.0,32.0,0.0,1.5,5.0,0.0,0.0,0.10666666666666667,0.6211477802783103,0.7836934573258398
28.217902119044926,1.0,32.0,0.0,1.5,5.0,0.0,0.0,0.10666666666666667,0.6211477802783103,0.7836934573258398
71.38802420574476,2.0,32.0,0.0,1.5,5.0,0.0,0.0,0.10666666666666667,0.6211477802783103,0.7836934573258398
119.98437398261493,3.0,32.0,0.0,1.5,5.0,0.0,0.0,0.10666666666666667,0.6211477802783103,0.7836934573258398
39.096035604649224,0.0,32.5,0.0,1.5,5.0,0.0,0.0,0.10833333333333334,0.6293203910498374,0.7771459614569709
27.90161285660741,1.0,32.5,0.0,1.5,5.0,0.0,0.0,0.10833333333333334,0.6293203910498374,0.7771459614569709
70.91191719309245,2.0,32.5,0.0,1.5,5.0,0.0,0.0,0.10833333333333334,0.6293203910498374,0.7771459614569709
119.4926775999266,3.0,32.5,0.0,1.5,5.0,0.0,0.0,0.10833333333333334,0.6293203910498374,0.7771459614569709
39.51265620026069,0.0,33.0,0.0,1.5,5.0,0.0,0.0,0.11,0.6374239897486896,0.7705132427757893
27.59075932264279,1.0,33.0,0.0,1.5,5.0,0.0,0.0,0.11,0.6374239897486896,0.7705132427757893
70.43614129124337,2.0,33.0,0.0,1.5,5.0,0.0,0.0,0.11,0.6374239897486896,0.7705132427757893
119.00105041553205,3.0,33.0,0.0,1.5,5.0,0.0,0.0,0.11,0.6374239897486896,0.7705132427757893
39.931190816202815,0.0,33.5,0.0,1.5,5.0,0.0,0.0,0.11166666666666666,0.6454576877239505,0.7637960286346422
27.285527299284507,1.0,33.5,0.0,1.5,5.0,0.0,0.0,0.11166666666666666,0.6454576877239505,0.7637960286346422
69.96070325547049,2.0,33.5,0.0,1.5,5.0,0.0,0.0,0.11166666666666666,0.6454576877239505,0.7637960286346422
118.50949329062207,3.0,33.5,0.0,1.5,5.0,0.0,0.0,0.11166666666666666,0.6454576877239505,0.7637960286346422
40.35157989472035,0.0,34.0,0.0,1.5,5.0,0.0,0.0,0.11333333333333333,0.6534206039901054,0.7569950556517564
26.98610753702727,1.0,34.0,0.0,1.5,5.0,0.0,0.0,0.11333333333333333,0.6534206039901054,0.7569950556517564
69.4856100210684,2.0,34.0,0.0,1.5,5.0,0.0,0.0,0.11333333333333333,0.6534206039901054,0.7569950556517564
118.01800710061156,3.0,34.0,0.0,1.5,5.0,0.0,0.0,0.11333333333333333,0.6534206039901054,0.7569950556517564
40.773766075750224,0.0,34.5,0.0,1.5,5.0,0.0,0.0,0.115,0.6613118653236518,0.7501110696304596
26.692695630078276,1.0,34.5,0.0,1.5,5.0,0.0,0.0,0.115,0.6613118653236518,0.7501110696304596
69.01086870921131,2.0,34.5,0.0,1.5,5.0,0.0,0.0,0.115,0.6613118653236518,0.7501110696304596
117.52659273543158,3.0,34.5,0.0,1.5,5.0,0.0,0.0,0.115,0.6613118653236518,0.7501110696304596
41.19769411022904,0.0,35.0,0.0,1.5,5.0,0.0,0.0,0.11666666666666667,0.6691306063588581,0.7431448254773944
26.405491853021786,1.0,35.0,0.0,1.5,5.0,0.0,0.0,0.11666666666666667,0.6691306063588581,0.7431448254773944
68.53648663303365,2.0,35.0,0.0,1.5,5.0,0.0,0.0,0.11666666666666667,0.6691306063588581,0.7431448254773944
117.0352510998289,3.0,35.0,0.0,1.5,5.0,0.0,0.0,0.11666666666666667,0.6691306063588581,0.7431448254773944
41.62331077653482,0.0,35.5,0.0,1.5,5.0,0.0,0.0,0.11833333333333333,0.6768759696826607,0.7360970871197343
26.124700955226263,1.0,35.5,0.0,1.5,5.0,0.0,0.0,0.11833333333333333,0.6768759696826607,0.7360970871197343
68.06247130394253,2.0,35.5,0.0,1.5,5.0,0.0,0.0,0.11833333333333333,0.6768759696826607,0.7360970871197343
116.54398311367258,3.0,35.5,0.0,1.5,5.0,0.0,0.0,0.11833333333333333,0.6768759696826607,0.7360970871197343
42.050564800011905,0.0,36.0,0.0,1.5,5.0,0.0,0.0,0.12,0.6845471059286886,0.7289686274214116
25.85053190942113,1.0,36.0,0.0,1.5,5.0,0.0,0.0,0.12,0.6845471059286886,0.7289686274214116
67.58883043817225,2.0,36.0,0.0,1.5,5.0,0.0,0.0,0.12,0.6845471059286886,0.7289686274214116
116.05278971226845,3.0,36.0,0.0,1.5,5.0,0.0,0.0,0.12,0.6845471059286886,0.7289686274214116
42.47940677551889,0.0,36.5,0.0,1.5,5.0,0.0,0.0,0.12166666666666667,0.6921431738704068,0.7217602280983623
25.583197610932064,1.0,36.5,0.0,1.5,5.0,0.0,0.0,0.12166666666666667,0.6921431738704068,0.7217602280983623
67.11557196359128,2.0,36.5,0.0,1.5,5.0,0.0,0.0,0.12166666666666667,0.6921431738704068,0.7217602280983623
115.56167184668107,3.0,36.5,0.0,1.5,5.0,0.0,0.0,0.12166666666666667,0.6921431738704068,0.7217602280983623
42.909789092933096,0.0,37.0,0.0,1.5,5.0,0.0,0.0,0.12333333333333334,0.6996633405133653,0.7144726796328034
25.3229145242012,1.0,37.0,0.0,1.5,5.0,0.0,0.0,0.12333333333333334,0.6996633405133653,0.7144726796328034
66.6427040267725,2.0,37.0,0.0,1.5,5.0,0.0,0.0,0.12333333333333334,0.6996633405133653,0.7144726796328034
115.070630484064,3.0,37.0,0.0,1.5,5.0,0.0,0.0,0.12333333333333334,0.6996633405133653,0.7144726796328034
43.34166586553867,0.0,37.5,0.0,1.5,5.0,0.0,0.0,0.125,0.7071067811865476,0.7071067811865476
25.06990227344335,1.0,37.5,0.0,1.5,5.0,0.0,0.0,0.125,0.7071067811865476,0.7071067811865476
66.17023500033834,2.0,37.5,0.0,1.5,5.0,0.0,0.0,0.125,0.7071067811865476,0.7071067811865476
114.57966660799812,3.0,37.5,0.0,1.5,5.0,0.0,0.0,0.125,0.7071067811865476,0.7071067811865476
43.77499286122158,0.0,38.0,0.0,1.5,5.0,0.0,0.0,0.12666666666666668,0.7144726796328033,0.6996633405133655
24.82438317461282,1.0,38.0,0.0,1.5,5.0,0.0,0.0,0.12666666666666668,0.7144726796328033,0.6996633405133655
65.69817349059257,2.0,38.0,0.0,1.5,5.0,0.0,0.0,0.12666666666666668,0.7144726796328033,0.6996633405133655
114.08878121883852,3.0,38.0,0.0,1.5,5.0,0.0,0.0,0.12666666666666668,0.7144726796328033,0.6996633405133655
44.20972743639119,0.0,38.5,0.0,1.5,5.0,0.0,0.0,0.12833333333333333,0.7217602280983622,0.6921431738704068
24.586581706288495,1.0,38.5,0.0,1.5,5.0,0.0,0.0,0.12833333333333333,0.7217602280983622,0.6921431738704068
65.2265283454516,2.0,38.5,0.0,1.5,5.0,0.0,0.0,0.12833333333333333,0.7217602280983622,0.6921431738704068
113.5979753340701,3.0,38.5,0.0,1.5,5.0,0.0,0.0,0.12833333333333333,0.7217602280983622,0.6921431738704068
44.64582847254601,0.0,39.0,0.0,1.5,5.0,0.0,0.0,0.13,0.7289686274214114,0.6845471059286887
24.3567239176372,1.0,39.0,0.0,1.5,5.0,0.0,0.0,0.13,0.7289686274214114,0.6845471059286887
64.75530866268804,2.0,39.0,0.0,1.5,5.0,0.0,0.0,0.13,0.7289686274214114,0.6845471059286887
113.10724998867225,3.0,39.0,0.0,1.5,5.0,0.0,0.0,0.13,0.7289686274214114,0.6845471059286887
45.0832563153994,0.0,39.5,0.0,1.5,5.0,0.0,0.0,0.13166666666666665,0.7360970871197343,0.6768759696826607
24.13503677229434,1.0,39.5,0.0,1.5,5.0,0.0,0.0,0.13166666666666665,0.7360970871197343,0.6768759696826607
64.28452379850067,2.0,39.5,0.0,1.5,5.0,0.0,0.0,0.13166666666666665,0.7360970871197343,0.6768759696826607
112.61660623549264,3.0,39.5,0.0,1.5,5.0,0.0,0.0,0.13166666666666665,0.7360970871197343,0.6768759696826607
45.521972716480555,0.0,40.0,0.0,1.5,5.0,0.0,0.0,0.13333333333333333,0.7431448254773941,0.6691306063588582
23.921747427811372,1.0,40.0,0.0,1.5,5.0,0.0,0.0,0.13333333333333333,0.7431448254773941,0.6691306063588582
63.81418337642503,2.0,40.0,0.0,1.5,5.0,0.0,0.0,0.13333333333333333,0.7431448254773941,0.6691306063588582
112.12604514563064,3.0,40.0,0.0,1.5,5.0,0.0,0.0,0.13333333333333333,0.7431448254773941,0.6691306063588582
45.96194077712559,0.0,40.5,0.0,1.5,5.0,0.0,0.0,0.135,0.7501110696304595,0.6613118653236519
23.717082451262844,1.0,40.5,0.0,1.5,5.0,0.0,0.0,0.135,0.7501110696304595,0.6613118653236519
63.344297296599635,2.0,40.5,0.0,1.5,5.0,0.0,0.0,0.135,0.7501110696304595,0.6613118653236519
111.63556780883053,3.0,40.5,0.0,1.5,5.0,0.0,0.0,0.135,0.7501110696304595,0.6613118653236519
46.403124894774066,0.0,41.00000000000001,0.0,1.5,5.0,0.0,0.0,0.13666666666666666,0.7569950556517563,0.6534206039901056
23.52126697267815,1.0,41.00000000000001,0.0,1.5,5.0,0.0,0.0,0.13666666666666666,0.7569950556517563,0.6534206039901056
62.874875745404054,2.0,41.00000000000001,0.0,1.5,5.0,0.0,0.0,0.13666666666666666,0.7569950556517563,0.6534206039901056
111.14517533388482,3.0,41.00000000000001,0.0,1.5,5.0,0.0,0.0,0.13666666666666666,0.7569950556517563,0.6534206039901056
46.84549071148684,0.0,41.5,0.0,1.5,5.0,0.0,0.0,0.13833333333333334,0.7637960286346422,0.6454576877239505
23.33452377915607,1.0,41.5,0.0,1.5,5.0,0.0,0.0,0.13833333333333334,0.7637960286346422,0.6454576877239505
62.40592920548495,2.0,41.5,0.0,1.5,5.0,0.0,0.0,0.13833333333333334,0.7637960286346422,0.6454576877239505
110.65486884904794,3.0,41.5,0.0,1.5,5.0,0.0,0.0,0.13833333333333334,0.7637960286346422,0.6454576877239505
47.28900506460249,0.0,42.0,0.0,1.5,5.0,0.0,0.0,0.14,0.7705132427757893,0.6374239897486897
23.157072353818823,1.0,42.0,0.0,1.5,5.0,0.0,0.0,0.14,0.7705132427757893,0.6374239897486897
61.93746846618773,2.0,42.0,0.0,1.5,5.0,0.0,0.0,0.14,0.7705132427757893,0.6374239897486897
110.16464950246063,3.0,42.0,0.0,1.5,5.0,0.0,0.0,0.14,0.7705132427757893,0.6374239897486897
47.733635939450494,0.0,42.5,0.0,1.5,5.0,0.0,0.0,0.14166666666666666,0.7771459614569709,0.6293203910498375
22.9891278651453,1.0,42.5,0.0,1.5,5.0,0.0,0.0,0.14166666666666666,0.7771459614569709,0.6293203910498375
61.46950463441201,2.0,42.5,0.0,1.5,5.0,0.0,0.0,0.14166666666666666,0.7771459614569709,0.6293203910498375
109.67451846258547,3.0,42.5,0.0,1.5,5.0,0.0,0.0,0.14166666666666666,0.7771459614569709,0.6293203910498375
48.17935242404157,0.0,43.0,0.0,1.5,5.0,0.0,0.0,0.14333333333333334,0.7836934573258397,0.6211477802783104
22.830900113661748,1.0,43.0,0.0,1.5,5.0,0.0,0.0,0.14333333333333334,0.7836934573258397,0.6211477802783104
61.002049145909844,2.0,43.0,0.0,1.5,5.0,0.0,0.0,0.14333333333333334,0.7836934573258397,0.6211477802783104
109.1844769186536,3.0,43.0,0.0,1.5,5.0,0.0,0.0,0.14333333333333334,0.7836934573258397,0.6211477802783104
48.626124665656846,0.0,43.50000000000001,0.0,1.5,5.0,0.0,0.0,0.145,0.7901550123756903,0.6129070536529766
22.68259244442751,1.0,43.50000000000001,0.0,1.5,5.0,0.0,0.0,0.145,0.7901550123756903,0.6129070536529766
60.53511377704678,2.0,43.50000000000001,0.0,1.5,5.0,0.0,0.0,0.145,0.7901550123756903,0.6129070536529766
108.69452608112333,3.0,43.50000000000001,0.0,1.5,5.0,0.0,0.0,0.145,0.7901550123756903,0.6129070536529766
49.073923829259876,0.0,44.0,0.0,1.5,5.0,0.0,0.0,0.14666666666666667,0.7965299180241961,0.604599114862375
22.544400635190993,1.0,44.0,0.0,1.5,5.0,0.0,0.0,0.14666666666666667,0.7965299180241961,0.604599114862375
60.068710657046736,2.0,44.0,0.0,1.5,5.0,0.0,0.0,0.14666666666666667,0.7965299180241961,0.604599114862375
108.2046671821507,3.0,44.0,0.0,1.5,5.0,0.0,0.0,0.14666666666666667,0.7965299180241961,0.604599114862375
49.52272205765753,0.0,44.5,0.0,1.5,5.0,0.0,0.0,0.14833333333333334,0.8028174751911146,0.5962248749656157
22.416511771459895,1.0,44.5,0.0,1.5,5.0,0.0,0.0,0.14833333333333334,0.8028174751911146,0.5962248749656157
59.602852280742404,2.0,44.5,0.0,1.5,5.0,0.0,0.0,0.14833333333333334,0.8028174751911146,0.5962248749656157
107.71490147607247,3.0,44.5,0.0,1.5,5.0,0.0,0.0,0.14833333333333334,0.8028174751911146,0.5962248749656157
49.97249243333776,0.0,45.0,0.0,1.5,5.0,0.0,0.0,0.15,0.8090169943749475,0.5877852522924731
22.299103120977758,1.0,45.0,0.0,1.5,5.0,0.0,0.0,0.15,0.8090169943749475,0.5877852522924731
59.13755152185454,2.0,45.0,0.0,1.5,5.0,0.0,0.0,0.15,0.8090169943749475,0.5877852522924731
107.22523023990203,3.0,45.0,0.0,1.5,5.0,0.0,0.0,0.15,0.8090169943749475,0.5877852522924731
50.42320894191484,0.0,45.5,0.0,1.5,5.0,0.0,0.0,0.15166666666666667,0.8151277957285542,0.5792811723426788
22.192341021172147,1.0,45.5,0.0,1.5,5.0,0.0,0.0,0.15166666666666667,0.8151277957285542,0.5792811723426788
58.67282164682384,2.0,45.5,0.0,1.5,5.0,0.0,0.0,0.15166666666666667,0.8151277957285542,0.5792811723426788
106.73565477383835,3.0,45.5,0.0,1.5,5.0,0.0,0.0,0.15166666666666667,0.8151277957285542,0.5792811723426788
50.874846437114684,0.0,46.00000000000001,0.0,1.5,5.0,0.0,0.0,0.15333333333333332,0.8211492091337039,0.5707135676844318
22.09637979398435,1.0,46.00000000000001,0.0,1.5,5.0,0.0,0.0,0.15333333333333332,0.8211492091337039,0.5707135676844318
58.20867632922088,2.0,46.00000000000001,0.0,1.5,5.0,0.0,0.0,0.15333333333333332,0.8211492091337039,0.5707135676844318
106.24617640178869,3.0,46.00000000000001,0.0,1.5,5.0,0.0,0.0,0.15333333333333332,0.8211492091337039,0.5707135676844318
51.327380607235355,0.0,46.5,0.0,1.5,5.0,0.0,0.0,0.155,0.8270805742745618,0.5620833778521307
22.01136070305514,1.0,46.5,0.0,1.5,5.0,0.0,0.0,0.155,0.8270805742745618,0.5620833778521307
57.745129664760476,2.0,46.5,0.0,1.5,5.0,0.0,0.0,0.155,0.8270805742745618,0.5620833778521307
105.75679647190529,3.0,46.5,0.0,1.5,5.0,0.0,0.0,0.155,0.8270805742745618,0.5620833778521307
51.780787943019945,0.0,47.0,0.0,1.5,5.0,0.0,0.0,0.15666666666666668,0.8329212407100995,0.5533915492433441
21.937410968480304,1.0,47.0,0.0,1.5,5.0,0.0,0.0,0.15666666666666668,0.8329212407100995,0.5533915492433441
57.282196186948,2.0,47.0,0.0,1.5,5.0,0.0,0.0,0.15666666666666668,0.8329212407100995,0.5533915492433441
105.2675163571365,3.0,47.0,0.0,1.5,5.0,0.0,0.0,0.15666666666666668,0.8329212407100995,0.5533915492433441
52.23504570688151,0.0,47.5,0.0,1.5,5.0,0.0,0.0,0.15833333333333333,0.838670567945424,0.5446390350150271
21.874642854227357,1.0,47.5,0.0,1.5,5.0,0.0,0.0,0.15833333333333333,0.838670567945424,0.5446390350150271
56.819890883386954,2.0,47.5,0.0,1.5,5.0,0.0,0.0,0.15833333333333333,0.838670567945424,0.5446390350150271
104.77833745579284,3.0,47.5,0.0,1.5,5.0,0.0,0.0,0.15833333333333333,0.838670567945424,0.5446390350150271
52.69013190342192,0.0,48.00000000000001,0.0,1.5,5.0,0.0,0.0,0.16,0.8443279255020151,0.5358267949789965
21.823152842795196,1.0,48.00000000000001,0.0,1.5,5.0,0.0,0.0,0.16,0.8443279255020151,0.5358267949789965
56.358229212777786,2.0,48.00000000000001,0.0,1.5,5.0,0.0,0.0,0.16,0.8443279255020151,0.5358267949789965
104.2892611921285,3.0,48.00000000000001,0.0,1.5,5.0,0.0,0.0,0.16,0.8443279255020151,0.5358267949789965
53.14602525118883,0.0,48.50000000000001,0.0,1.5,5.0,0.0,0.0,0.16166666666666665,0.8498926929868639,0.5269557954966777
21.783020910791965,1.0,48.50000000000001,0.0,1.5,5.0,0.0,0.0,0.16166666666666665,0.8498926929868639,0.5269557954966777
55.89722712263998,2.0,48.50000000000001,0.0,1.5,5.0,0.0,0.0,0.16166666666666665,0.8498926929868639,0.5269557954966777
103.80028901693868,3.0,48.50000000000001,0.0,1.5,5.0,0.0,0.0,0.16166666666666665,0.8498926929868639,0.5269557954966777
53.60270515561691,0.0,49.0,0.0,1.5,5.0,0.0,0.0,0.16333333333333333,0.8553642601605066,0.5180270093731303
21.754309917807092,1.0,49.0,0.0,1.5,5.0,0.0,0.0,0.16333333333333333,0.8553642601605066,0.5180270093731303
55.43690106779058,2.0,49.0,0.0,1.5,5.0,0.0,0.0,0.16333333333333333,0.8553642601605066,0.5180270093731303
103.31142240817324,3.0,49.0,0.0,1.5,5.0,0.0,0.0,0.16333333333333333,0.8553642601605066,0.5180270093731303
54.060151683102035,0.0,49.5,0.0,1.5,5.0,0.0,0.0,0.165,0.8607420270039436,0.5090414157503712
21.737065119284157,1.0,49.5,0.0,1.5,5.0,0.0,0.0,0.165,0.8607420270039436,0.5090414157503712
54.97726802961384,2.0,49.5,0.0,1.5,5.0,0.0,0.0,0.165,0.8607420270039436,0.5090414157503712
102.82266287156737,3.0,49.5,0.0,1.5,5.0,0.0,0.0,0.165,0.8607420270039436,0.5090414157503712
54.51834553615874,0.0,50.0,0.0,1.5,5.0,0.0,0.0,0.16666666666666666,0.8660254037844387,0.4999999999999999
21.73131381210073,1.0,50.0,0.0,1.5,5.0,0.0,0.0,0.16666666666666666,0.8660254037844387,0.4999999999999999
54.51834553615874,2.0,50.0,0.0,1.5,5.0,0.0,0.0,0.16666666666666666,0.8660254037844387,0.4999999999999999
102.33401194128959,3.0,50.0,0.0,1.5,5.0,0.0,0.0,0.16666666666666666,0.8660254037844387,0.4999999999999999
54.977268029613846,0.0,50.50000000000001,0.0,1.5,5.0,0.0,0.0,0.16833333333333333,0.8712138111201894,0.49090375361514094
21.737065119284157,1.0,50.50000000000001,0.0,1.5,5.0,0.0,0.0,0.16833333333333333,0.8712138111201894,0.49090375361514094
54.06015168310203,2.0,50.50000000000001,0.0,1.5,5.0,0.0,0.0,0.16833333333333333,0.8712138111201894,0.49090375361514094
101.84547118060773,3.0,50.50000000000001,0.0,1.5,5.0,0.0,0.0,0.16833333333333333,0.8712138111201894,0.49090375361514094
55.436901067790586,0.0,51.00000000000001,0.0,1.5,5.0,0.0,0.0,0.17,0.8763066800438636,0.4817536741017153
21.754309917807092,1.0,51.00000000000001,0.0,1.5,5.0,0.0,0.0,0.17,0.8763066800438636,0.4817536741017153
53.6027051556169,2.0,51.00000000000001,0.0,1.5,5.0,0.0,0.0,0.17,0.8763066800438636,0.4817536741017153
101.35704218257358,3.0,51.00000000000001,0.0,1.5,5.0,0.0,0.0,0.17,0.8763066800438636,0.4817536741017153
55.89722712263999,0.0,51.5,0.0,1.5,5.0,0.0,0.0,0.17166666666666666,0.8813034520649922,0.47255076486905406
21.783020910791965,1.0,51.5,0.0,1.5,5.0,0.0,0.0,0.17166666666666666,0.8813034520649922,0.47255076486905406
53.146025251188824,2.0,51.5,0.0,1.5,5.0,0.0,0.0,0.17166666666666666,0.8813034520649922,0.47255076486905406
100.86872657072657,3.0,51.5,0.0,1.5,5.0,0.0,0.0,0.17166666666666666,0.8813034520649922,0.47255076486905406
56.35822921277779,0.0,52.0,0.0,1.5,5.0,0.0,0.0,0.17333333333333334,0.8862035792312147,0.4632960351198618
21.823152842795196,1.0,52.0,0.0,1.5,5.0,0.0,0.0,0.17333333333333334,0.8862035792312147,0.4632960351198618
52.690131903421914,2.0,52.0,0.0,1.5,5.0,0.0,0.0,0.17333333333333334,0.8862035792312147,0.4632960351198618
100.38052599981731,3.0,52.0,0.0,1.5,5.0,0.0,0.0,0.17333333333333334,0.8862035792312147,0.4632960351198618
56.819890883386954,0.0,52.5,0.0,1.5,5.0,0.0,0.0,0.175,0.8910065241883678,0.4539904997395468
21.874642854227357,1.0,52.5,0.0,1.5,5.0,0.0,0.0,0.175,0.8910065241883678,0.4539904997395468
52.23504570688151,2.0,52.5,0.0,1.5,5.0,0.0,0.0,0.175,0.8910065241883678,0.4539904997395468
99.89244215655157,3.0,52.5,0.0,1.5,5.0,0.0,0.0,0.175,0.8910065241883678,0.4539904997395468
57.282196186948006,0.0,53.00000000000001,0.0,1.5,5.0,0.0,0.0,0.17666666666666667,0.8957117602394129,0.4446351791849275
21.937410968480307,1.0,53.00000000000001,0.0,1.5,5.0,0.0,0.0,0.17666666666666667,0.8957117602394129,0.4446351791849275
51.780787943019945,2.0,53.00000000000001,0.0,1.5,5.0,0.0,0.0,0.17666666666666667,0.8957117602394129,0.4446351791849275
99.40447676035521,3.0,53.00000000000001,0.0,1.5,5.0,0.0,0.0,0.17666666666666667,0.8957117602394129,0.4446351791849275
57.74512966476048,0.0,53.50000000000001,0.0,1.5,5.0,0.0,0.0,0.17833333333333334,0.9003187714021935,0.4352310993723275
22.01136070305514,1.0,53.50000000000001,0.0,1.5,5.0,0.0,0.0,0.17833333333333334,0.9003187714021935,0.4352310993723275
51.32738060723535,2.0,53.50000000000001,0.0,1.5,5.0,0.0,0.0,0.17833333333333334,0.9003187714021935,0.4352310993723275
98.91663156416114,3.0,53.50000000000001,0.0,1.5,5.0,0.0,0.0,0.17833333333333334,0.9003187714021935,0.4352310993723275
58.208676329220886,0.0,54.0,0.0,1.5,5.0,0.0,0.0,0.18,0.9048270524660196,0.42577929156507266
22.096379793984354,1.0,54.0,0.0,1.5,5.0,0.0,0.0,0.18,0.9048270524660196,0.42577929156507266
50.87484643711468,2.0,54.0,0.0,1.5,5.0,0.0,0.0,0.18,0.9048270524660196,0.42577929156507266
98.42890835521848,3.0,54.0,0.0,1.5,5.0,0.0,0.0,0.18,0.9048270524660196,0.42577929156507266
58.67282164682384,0.0,54.5,0.0,1.5,5.0,0.0,0.0,0.18166666666666667,0.9092361090470684,0.4162807922604014
22.192341021172147,1.0,54.5,0.0,1.5,5.0,0.0,0.0,0.18166666666666667,0.9092361090470684,0.4162807922604014
50.42320894191484,2.0,54.5,0.0,1.5,5.0,0.0,0.0,0.18166666666666667,0.9092361090470684,0.4162807922604014
97.94130895592524,3.0,54.5,0.0,1.5,5.0,0.0,0.0,0.18166666666666667,0.9092361090470684,0.4162807922604014
59.13755152185454,0.0,55.0,0.0,1.5,5.0,0.0,0.0,0.18333333333333332,0.9135454576426009,0.4067366430758002
22.299103120977758,1.0,55.0,0.0,1.5,5.0,0.0,0.0,0.18333333333333332,0.9135454576426009,0.4067366430758002
49.97249243333776,2.0,55.0,0.0,1.5,5.0,0.0,0.0,0.18333333333333332,0.9135454576426009,0.4067366430758002
97.45383522468472,3.0,55.0,0.0,1.5,5.0,0.0,0.0,0.18333333333333332,0.9135454576426009,0.4067366430758002
59.60285228074241,0.0,55.50000000000001,0.0,1.5,5.0,0.0,0.0,0.185,0.9177546256839811,0.39714789063478056
22.416511771459895,1.0,55.50000000000001,0.0,1.5,5.0,0.0,0.0,0.185,0.9177546256839811,0.39714789063478056
49.522722057657525,2.0,55.50000000000001,0.0,1.5,5.0,0.0,0.0,0.185,0.9177546256839811,0.39714789063478056
96.96648905678704,3.0,55.50000000000001,0.0,1.5,5.0,0.0,0.0,0.185,0.9177546256839811,0.39714789063478056
60.06871065704674,0.0,56.00000000000001,0.0,1.5,5.0,0.0,0.0,0.18666666666666668,0.9218631515885005,0.38751558645210293
22.544400635190993,1.0,56.00000000000001,0.0,1.5,5.0,0.0,0.0,0.18666666666666668,0.9218631515885005,0.38751558645210293
49.07392382925986,2.0,56.00000000000001,0.0,1.5,5.0,0.0,0.0,0.18666666666666668,0.9218631515885005,0.38751558645210293
96.47927238531601,3.0,56.00000000000001,0.0,1.5,5.0,0.0,0.0,0.18666666666666668,0.9218631515885005,0.38751558645210293
60.53511377704679,0.0,56.5,0.0,1.5,5.0,0.0,0.0,0.18833333333333332,0.9258705848099947,0.3778407868184673
22.68259244442751,1.0,56.5,0.0,1.5,5.0,0.0,0.0,0.18833333333333332,0.9258705848099947,0.3778407868184673
48.62612466565683,2.0,56.5,0.0,1.5,5.0,0.0,0.0,0.18833333333333332,0.9258705848099947,0.3778407868184673
95.99218718208269,3.0,56.5,0.0,1.5,5.0,0.0,0.0,0.18833333333333332,0.9258705848099947,0.3778407868184673
61.002049145909844,0.0,57.0,0.0,1.5,5.0,0.0,0.0,0.19,0.9297764858882513,0.3681245526846781
22.830900113661748,1.0,57.0,0.0,1.5,5.0,0.0,0.0,0.19,0.9297764858882513,0.3681245526846781
48.17935242404157,2.0,57.0,0.0,1.5,5.0,0.0,0.0,0.19,0.9297764858882513,0.3681245526846781
95.50523545858624,3.0,57.0,0.0,1.5,5.0,0.0,0.0,0.19,0.9297764858882513,0.3681245526846781
61.46950463441201,0.0,57.5,0.0,1.5,5.0,0.0,0.0,0.19166666666666668,0.9335804264972017,0.35836794954530016
22.9891278651453,1.0,57.5,0.0,1.5,5.0,0.0,0.0,0.19166666666666668,0.9335804264972017,0.35836794954530016
47.733635939450494,2.0,57.5,0.0,1.5,5.0,0.0,0.0,0.19166666666666668,0.9335804264972017,0.35836794954530016
95.01841926700317,3.0,57.5,0.0,1.5,5.0,0.0,0.0,0.19166666666666668,0.9335804264972017,0.35836794954530016
61.937468466187745,0.0,58.00000000000001,0.0,1.5,5.0,0.0,0.0,0.19333333333333333,0.9372819894918915,0.3485720473218153
23.157072353818826,1.0,58.00000000000001,0.0,1.5,5.0,0.0,0.0,0.19333333333333333,0.9372819894918915,0.3485720473218153
47.28900506460248,2.0,58.00000000000001,0.0,1.5,5.0,0.0,0.0,0.19333333333333333,0.9372819894918915,0.3485720473218153
94.53174070120575,3.0,58.00000000000001,0.0,1.5,5.0,0.0,0.0,0.19333333333333333,0.9372819894918915,0.3485720473218153
62.40592920548496,0.0,58.50000000000001,0.0,1.5,5.0,0.0,0.0,0.195,0.9408807689542255,0.3387379202452915
23.334523779156072,1.0,58.50000000000001,0.0,1.5,5.0,0.0,0.0,0.195,0.9408807689542255,0.3387379202452915
46.84549071148683,2.0,58.50000000000001,0.0,1.5,5.0,0.0,0.0,0.195,0.9408807689542255,0.3387379202452915
94.04520189781083,3.0,58.50000000000001,0.0,1.5,5.0,0.0,0.0,0.195,0.9408807689542255,0.3387379202452915
62.87487574540406,0.0,59.0,0.0,1.5,5.0,0.0,0.0,0.19666666666666666,0.944376370237481,0.3288666467385833
23.521266972678152,1.0,59.0,0.0,1.5,5.0,0.0,0.0,0.19666666666666666,0.944376370237481,0.3288666467385833
46.40312489477406,2.0,59.0,0.0,1.5,5.0,0.0,0.0,0.19666666666666666,0.944376370237481,0.3288666467385833
93.55880503725986,3.0,59.0,0.0,1.5,5.0,0.0,0.0,0.19666666666666666,0.944376370237481,0.3288666467385833
63.344297296599635,0.0,59.5,0.0,1.5,5.0,0.0,0.0,0.19833333333333333,0.9477684100095857,0.31895930929807004
23.717082451262844,1.0,59.5,0.0,1.5,5.0,0.0,0.0,0.19833333333333333,0.9477684100095857,0.31895930929807004
45.96194077712559,2.0,59.5,0.0,1.5,5.0,0.0,0.0,0.19833333333333333,0.9477684100095857,0.31895930929807004
93.07255234493142,3.0,59.5,0.0,1.5,5.0,0.0,0.0,0.19833333333333333,0.9477684100095857,0.31895930929807004
63.81418337642503,0.0,60.0,0.0,1.5,5.0,0.0,0.0,0.2,0.9510565162951535,0.30901699437494745
23.921747427811372,1.0,60.0,0.0,1.5,5.0,0.0,0.0,0.2,0.9510565162951535,0.30901699437494745
45.521972716480555,2.0,60.0,0.0,1.5,5.0,0.0,0.0,0.2,0.9510565162951535,0.30901699437494745
92.58644609228718,3.0,60.0,0.0,1.5,5.0,0.0,0.0,0.2,0.9510565162951535,0.30901699437494745
64.28452379850069,0.0,60.50000000000001,0.0,1.5,5.0,0.0,0.0,0.20166666666666666,0.9542403285162768,0.2990407922560867
24.135036772294345,1.0,60.50000000000001,0.0,1.5,5.0,0.0,0.0,0.20166666666666666,0.9542403285162768,0.2990407922560867
45.083256315399396,2.0,60.50000000000001,0.0,1.5,5.0,0.0,0.0,0.20166666666666666,0.9542403285162768,0.2990407922560867
92.10048859805251,3.0,60.50000000000001,0.0,1.5,5.0,0.0,0.0,0.20166666666666666,0.9542403285162768,0.2990407922560867
64.75530866268804,0.0,61.00000000000001,0.0,1.5,5.0,0.0,0.0,0.20333333333333334,0.9573194975320672,0.2890317969444716
24.3567239176372,1.0,61.00000000000001,0.0,1.5,5.0,0.0,0.0,0.20333333333333334,0.9573194975320672,0.2890317969444716
44.64582847254601,2.0,61.00000000000001,0.0,1.5,5.0,0.0,0.0,0.20333333333333334,0.9573194975320672,0.2890317969444716
91.61468222943307,3.0,61.00000000000001,0.0,1.5,5.0,0.0,0.0,0.20333333333333334,0.9573194975320672,0.2890317969444716
65.2265283454516,0.0,61.5,0.0,1.5,5.0,0.0,0.0,0.205,0.9602936856769431,0.2789911060392293
24.586581706288495,1.0,61.5,0.0,1.5,5.0,0.0,0.0,0.205,0.9602936856769431,0.2789911060392293
44.20972743639119,2.0,61.5,0.0,1.5,5.0,0.0,0.0,0.205,0.9602936856769431,0.2789911060392293
91.12902940336849,3.0,61.5,0.0,1.5,5.0,0.0,0.0,0.205,0.9602936856769431,0.2789911060392293
65.69817349059257,0.0,62.0,0.0,1.5,5.0,0.0,0.0,0.20666666666666667,0.9631625667976582,0.2689198206152657
24.82438317461282,1.0,62.0,0.0,1.5,5.0,0.0,0.0,0.20666666666666667,0.9631625667976582,0.2689198206152657
43.77499286122158,2.0,62.0,0.0,1.5,5.0,0.0,0.0,0.20666666666666667,0.9631625667976582,0.2689198206152657
90.6435325878245,3.0,62.0,0.0,1.5,5.0,0.0,0.0,0.20666666666666667,0.9631625667976582,0.2689198206152657
66.17023500033834,0.0,62.5,0.0,1.5,5.0,0.0,0.0,0.20833333333333334,0.9659258262890682,0.25881904510252096
25.06990227344335,1.0,62.5,0.0,1.5,5.0,0.0,0.0,0.20833333333333334,0.9659258262890682,0.25881904510252096
43.34166586553867,2.0,62.5,0.0,1.5,5.0,0.0,0.0,0.20833333333333334,0.9659258262890682,0.25881904510252096
90.15819430312477,3.0,62.5,0.0,1.5,5.0,0.0,0.0,0.20833333333333334,0.9659258262890682,0.25881904510252096
66.6427040267725,0.0,63.00000000000001,0.0,1.5,5.0,0.0,0.0,0.21,0.9685831611286311,0.24868988716485474
25.322914524201202,1.0,63.00000000000001,0.0,1.5,5.0,0.0,0.0,0.21,0.9685831611286311,0.24868988716485474
42.90978909293309,2.0,63.00000000000001,0.0,1.5,5.0,0.0,0.0,0.21,0.9685831611286311,0.24868988716485474
89.67301712332423,3.0,63.00000000000001,0.0,1.5,5.0,0.0,0.0,0.21,0.9685831611286311,0.24868988716485474
67.1155719635913,0.0,63.50000000000001,0.0,1.5,5.0,0.0,0.0,0.21166666666666667,0.9711342799096361,0.23853345757858083
25.583197610932068,1.0,63.50000000000001,0.0,1.5,5.0,0.0,0.0,0.21166666666666667,0.9711342799096361,0.23853345757858083
42.47940677551888,2.0,63.50000000000001,0.0,1.5,5.0,0.0,0.0,0.21166666666666667,0.9711342799096361,0.23853345757858083
89.18800367762472,3.0,63.50000000000001,0.0,1.5,5.0,0.0,0.0,0.21166666666666667,0.9711342799096361,0.23853345757858083
67.58883043817225,0.0,64.0,0.0,1.5,5.0,0.0,0.0,0.21333333333333335,0.9735789028731602,0.22835087011065588
25.85053190942113,1.0,64.0,0.0,1.5,5.0,0.0,0.0,0.21333333333333335,0.9735789028731602,0.22835087011065588
42.050564800011905,2.0,64.0,0.0,1.5,5.0,0.0,0.0,0.21333333333333335,0.9735789028731602,0.22835087011065588
88.70315665183512,3.0,64.0,0.0,1.5,5.0,0.0,0.0,0.21333333333333335,0.9735789028731602,0.22835087011065588
68.06247130394253,0.0,64.5,0.0,1.5,5.0,0.0,0.0,0.215,0.9759167619387473,0.2181432413965427
26.124700955226263,1.0,64.5,0.0,1.5,5.0,0.0,0.0,0.215,0.9759167619387473,0.2181432413965427
41.62331077653482,2.0,64.5,0.0,1.5,5.0,0.0,0.0,0.215,0.9759167619387473,0.2181432413965427
88.21847878987712,3.0,64.5,0.0,1.5,5.0,0.0,0.0,0.215,0.9759167619387473,0.2181432413965427
68.53648663303365,0.0,65.0,0.0,1.5,5.0,0.0,0.0,0.21666666666666667,0.9781476007338056,0.20791169081775945
26.405491853021786,1.0,65.0,0.0,1.5,5.0,0.0,0.0,0.21666666666666667,0.9781476007338056,0.20791169081775945
41.19769411022904,2.0,65.0,0.0,1.5,5.0,0.0,0.0,0.21666666666666667,0.9781476007338056,0.20791169081775945
87.73397289533855,3.0,65.0,0.0,1.5,5.0,0.0,0.0,0.21666666666666667,0.9781476007338056,0.20791169081775945
69.01086870921131,0.0,65.5,0.0,1.5,5.0,0.0,0.0,0.21833333333333332,0.9802711746217219,0.19765734037912605
26.692695630078276,1.0,65.5,0.0,1.5,5.0,0.0,0.0,0.21833333333333332,0.9802711746217219,0.19765734037912605
40.773766075750224,2.0,65.5,0.0,1.5,5.0,0.0,0.0,0.21833333333333332,0.9802711746217219,0.19765734037912605
87.24964183307574,3.0,65.5,0.0,1.5,5.0,0.0,0.0,0.21833333333333332,0.9802711746217219,0.19765734037912605
69.4856100210684,0.0,66.0,0.0,1.5,5.0,0.0,0.0,0.22,0.9822872507286886,0.18738131458572474
26.98610753702727,1.0,66.0,0.0,1.5,5.0,0.0,0.0,0.22,0.9822872507286886,0.18738131458572474
40.35157989472035,2.0,66.0,0.0,1.5,5.0,0.0,0.0,0.22,0.9822872507286886,0.18738131458572474
86.76548853086693,3.0,66.0,0.0,1.5,5.0,0.0,0.0,0.22,0.9822872507286886,0.18738131458572474
69.96070325547049,0.0,66.5,0.0,1.5,5.0,0.0,0.0,0.22166666666666668,0.9841956079692419,0.17708474031958338
27.285527299284507,1.0,66.5,0.0,1.5,5.0,0.0,0.0,0.22166666666666668,0.9841956079692419,0.17708474031958338
39.931190816202815,2.0,66.5,0.0,1.5,5.0,0.0,0.0,0.22166666666666668,0.9841956079692419,0.17708474031958338
86.28151598111846,3.0,66.5,0.0,1.5,5.0,0.0,0.0,0.22166666666666668,0.9841956079692419,0.17708474031958338
70.43614129124337,0.0,67.0,0.0,1.5,5.0,0.0,0.0,0.22333333333333333,0.9859960370705049,0.16676874671610234
27.59075932264279,1.0,67.0,0.0,1.5,5.0,0.0,0.0,0.22333333333333333,0.9859960370705049,0.16676874671610234
39.51265620026069,2.0,67.0,0.0,1.5,5.0,0.0,0.0,0.22333333333333333,0.9859960370705049,0.16676874671610234
85.79772724262573,3.0,67.0,0.0,1.5,5.0,0.0,0.0,0.22333333333333333,0.9859960370705049,0.16676874671610234
70.91191719309245,0.0,67.5,0.0,1.5,5.0,0.0,0.0,0.225,0.9876883405951378,0.15643446504023092
27.90161285660741,1.0,67.5,0.0,1.5,5.0,0.0,0.0,0.225,0.9876883405951378,0.15643446504023092
39.096035604649224,2.0,67.5,0.0,1.5,5.0,0.0,0.0,0.225,0.9876883405951378,0.15643446504023092
85.31412544239085,3.0,67.5,0.0,1.5,5.0,0.0,0.0,0.225,0.9876883405951378,0.15643446504023092
71.38802420574476,0.0,68.0,0.0,1.5,5.0,0.0,0.0,0.22666666666666666,0.9892723329629883,0.14608302856241165
28.217902119044926,1.0,68.0,0.0,1.5,5.0,0.0,0.0,0.22666666666666666,0.9892723329629883,0.14608302856241165
38.68139087468288,2.0,68.0,0.0,1.5,5.0,0.0,0.0,0.22666666666666666,0.9892723329629883,0.14608302856241165
84.83071377749924,3.0,68.0,0.0,1.5,5.0,0.0,0.0,0.22666666666666666,0.9892723329629883,0.14608302856241165
71.8644557483044,0.0,68.5,0.0,1.5,5.0,0.0,0.0,0.22833333333333333,0.9907478404714436,0.1357155724343044
28.53944638566067,1.0,68.5,0.0,1.5,5.0,0.0,0.0,0.22833333333333333,0.9907478404714436,0.1357155724343044
38.268786236304905,2.0,68.5,0.0,1.5,5.0,0.0,0.0,0.22833333333333333,0.9907478404714436,0.1357155724343044
84.3474955170573,3.0,68.5,0.0,1.5,5.0,0.0,0.0,0.22833333333333333,0.9907478404714436,0.1357155724343044
72.34120540881248,0.0,69.0,0.0,1.5,5.0,0.0,0.0,0.23,0.9921147013144779,0.12533323356430426
28.86607004772212,1.0,69.0,0.0,1.5,5.0,0.0,0.0,0.23,0.9921147013144779,0.12533323356430426
37.85828839237189,2.0,69.0,0.0,1.5,5.0,0.0,0.0,0.23,0.9921147013144779,0.12533323356430426
83.86447400419321,3.0,69.0,0.0,1.5,5.0,0.0,0.0,0.23,0.9921147013144779,0.12533323356430426
72.8182669390037,0.0,69.5,0.0,1.5,5.0,0.0,0.0,0.23166666666666666,0.9933727656003964,0.11493715049286661
29.197602641312866,1.0,69.5,0.0,1.5,5.0,0.0,0.0,0.23166666666666666,0.9933727656003964,0.11493715049286661
37.44996662214801,2.0,69.5,0.0,1.5,5.0,0.0,0.0,0.23166666666666666,0.9933727656003964,0.11493715049286661
83.38165265812378,3.0,69.5,0.0,1.5,5.0,0.0,0.0,0.23166666666666666,0.9933727656003964,0.11493715049286661
73.29563424925117,0.0,70.0,0.0,1.5,5.0,0.0,0.0,0.23333333333333334,0.9945218953682733,0.10452846326765368
29.53387885124472,1.0,70.0,0.0,1.5,5.0,0.0,0.0,0.23333333333333334,0.9945218953682733,0.10452846326765368
37.04389288398291,2.0,70.0,0.0,1.5,5.0,0.0,0.0,0.23333333333333334,0.9945218953682733,0.10452846326765368
82.89903497628907,3.0,70.0,0.0,1.5,5.0,0.0,0.0,0.23333333333333334,0.9945218953682733,0.10452846326765368
73.7733014036921,0.0,70.5,0.0,1.5,5.0,0.0,0.0,0.235,0.99556196460308,0.0941083133185145
29.87473849257931,1.0,70.5,0.0,1.5,5.0,0.0,0.0,0.235,0.99556196460308,0.0941083133185145
36.64014192112252,2.0,70.5,0.0,1.5,5.0,0.0,0.0,0.235,0.99556196460308,0.0941083133185145
82.41662453655816,3.0,70.5,0.0,1.5,5.0,0.0,0.0,0.235,0.99556196460308,0.0941083133185145
74.25126261552728,0.0,71.0,0.0,1.5,5.0,0.0,0.0,0.23666666666666666,0.9964928592495044,0.08367784333231544
30.220026472523152,1.0,71.0,0.0,1.5,5.0,0.0,0.0,0.23666666666666666,0.9964928592495044,0.08367784333231544
36.238791370574155,2.0,71.0,0.0,1.5,5.0,0.0,0.0,0.23666666666666666,0.9964928592495044,0.08367784333231544
81.934424999508,3.0,71.0,0.0,1.5,5.0,0.0,0.0,0.23666666666666666,0.9964928592495044,0.08367784333231544
74.7295122424869,0.0,71.5,0.0,1.5,5.0,0.0,0.0,0.23833333333333334,0.9973144772244581,0.07323819712763163
30.569592735265545,1.0,71.5,0.0,1.5,5.0,0.0,0.0,0.23833333333333334,0.9973144772244581,0.07323819712763163
35.83992187491485,2.0,71.5,0.0,1.5,5.0,0.0,0.0,0.23833333333333334,0.9973144772244581,0.07323819712763163
81.45244011077875,3.0,71.5,0.0,1.5,5.0,0.0,0.0,0.23833333333333334,0.9973144772244581,0.07323819712763163
75.20804478245661,0.0,72.0,0.0,1.5,5.0,0.0,0.0,0.24,0.9980267284282716,0.06279051952931353
30.923292192132454,1.0,72.0,0.0,1.5,5.0,0.0,0.0,0.24,0.9980267284282716,0.06279051952931353
35.443617196894564,2.0,72.0,0.0,1.5,5.0,0.0,0.0,0.24,0.9980267284282716,0.06279051952931353
80.97067370350824,3.0,72.0,0.0,1.5,5.0,0.0,0.0,0.24,0.9980267284282716,0.06279051952931353
75.68685486925719,0.0,72.5,0.0,1.5,5.0,0.0,0.0,0.24166666666666667,0.9986295347545738,0.052335956242943966
31.280984639234106,1.0,72.5,0.0,1.5,5.0,0.0,0.0,0.24166666666666667,0.9986295347545738,0.052335956242943966
35.04996433664377,2.0,72.5,0.0,1.5,5.0,0.0,0.0,0.24166666666666667,0.9986295347545738,0.052335956242943966
80.48912970084842,3.0,72.5,0.0,1.5,5.0,0.0,0.0,0.24166666666666667,0.9986295347545738,0.052335956242943966
76.16593726857171,0.0,73.0,0.0,1.5,5.0,0.0,0.0,0.24333333333333335,0.9991228300988584,0.04187565372919975
31.64253466459348,1.0,73.0,0.0,1.5,5.0,0.0,0.0,0.24333333333333335,0.9991228300988584,0.04187565372919975
34.659053651246744,2.0,73.0,0.0,1.5,5.0,0.0,0.0,0.24333333333333335,0.9991228300988584,0.04187565372919975
80.00781211856753,3.0,73.0,0.0,1.5,5.0,0.0,0.0,0.24333333333333335,0.9991228300988584,0.04187565372919975
76.64528687401463,0.0,73.5,0.0,1.5,5.0,0.0,0.0,0.245,0.9995065603657316,0.031410759078128174
32.00781154655844,1.0,73.5,0.0,1.5,5.0,0.0,0.0,0.245,0.9995065603657316,0.031410759078128174
34.27097897638759,2.0,73.5,0.0,1.5,5.0,0.0,0.0,0.245,0.9995065603657316,0.031410759078128174
79.5267250677406,3.0,73.5,0.0,1.5,5.0,0.0,0.0,0.245,0.9995065603657316,0.031410759078128174
77.12489870333704,0.0,74.0,0.0,1.5,5.0,0.0,0.0,0.24666666666666667,0.9997806834748455,0.02094241988335705
32.37668914512415,1.0,74.0,0.0,1.5,5.0,0.0,0.0,0.24666666666666667,0.9997806834748455,0.02094241988335705
33.88583774971485,2.0,74.0,0.0,1.5,5.0,0.0,0.0,0.24666666666666667,0.9997806834748455,0.02094241988335705
79.04587275753238,3.0,74.0,0.0,1.5,5.0,0.0,0.0,0.24666666666666667,0.9997806834748455,0.02094241988335705
77.60476789476276,0.0,74.5,0.0,1.5,5.0,0.0,0.0,0.24833333333333332,0.9999451693655121,0.010471784116245868
32.74904578762563,1.0,74.5,0.0,1.5,5.0,0.0,0.0,0.24833333333333332,0.9999451693655121,0.010471784116245868
33.50373113550191,2.0,74.5,0.0,1.5,5.0,0.0,0.0,0.24833333333333332,0.9999451693655121,0.010471784116245868
78.56525949807586,3.0,74.5,0.0,1.5,5.0,0.0,0.0,0.24833333333333332,0.9999451693655121,0.010471784116245868
78.08488970345032,0.0,75.0,0.0,1.5,5.0,0.0,0.0,0.25,1.0,6.123233995736766e-17
33.12476415010377,1.0,75.0,0.0,1.5,5.0,0.0,0.0,0.25,1.0,6.123233995736766e-17
33.12476415010377,2.0,75.0,0.0,1.5,5.0,0.0,0.0,0.25,1.0,6.123233995736766e-17
78.08488970345032,3.0,75.0,0.0,1.5,5.0,0.0,0.0,0.25,1.0,6.123233995736766e-17
78.56525949807586,0.0,75.5,0.0,1.5,5.0,0.0,0.0,0.25166666666666665,0.9999451693655121,-0.010471784116245747
33.50373113550191,1.0,75.5,0.0,1.5,5.0,0.0,0.0,0.25166666666666665,0.9999451693655121,-0.010471784116245747
32.74904578762563,2.0,75.5,0.0,1.5,5.0,0.0,0.0,0.25166666666666665,0.9999451693655121,-0.010471784116245747
77.60476789476276,3.0,75.5,0.0,1.5,5.0,0.0,0.0,0.25166666666666665,0.9999451693655121,-0.010471784116245747
79.04587275753238,0.0,76.0,0.0,1.5,5.0,0.0,0.0,0.25333333333333335,0.9997806834748455,-0.020942419883356704
33.88583774971485,1.0,76.0,0.0,1.5,5.0,0.0,0.0,0.25333333333333335,0.9997806834748455,-0.020942419883356704
32.37668914512415,2.0,76.0,0.0,1.5,5.0,0.0,0.0,0.25333333333333335,0.9997806834748455,-0.020942419883356704
77.12489870333704,3.0,76.0,0.0,1.5,5.0,0.0,0.0,0.25333333333333335,0.9997806834748455,-0.020942419883356704
79.5267250677406,0.0,76.5,0.0,1.5,5.0,0.0,0.0,0.255,0.9995065603657316,-0.03141075907812828
34.27097897638759,1.0,76.5,0.0,1.5,5.0,0.0,0.0,0.255,0.9995065603657316,-0.03141075907812828
32.00781154655844,2.0,76.5,0.0,1.5,5.0,0.0,0.0,0.255,0.9995065603657316,-0.03141075907812828
76.64528687401463,3.0,76.5,0.0,1.5,5.0,0.0,0.0,0.255,0.9995065603657316,-0.03141075907812828
80.00781211856753,0.0,77.0,0.0,1.5,5.0,0.0,0.0,0.25666666666666665,0.9991228300988584,-0.04187565372919962
34.659053651246744,1.0,77.0,0.0,1.5,5.0,0.0,0.0,0.25666666666666665,0.9991228300988584,-0.04187565372919962
31.64253466459348,2.0,77.0,0.0,1.5,5.0,0.0,0.0,0.25666666666666665,0.9991228300988584,-0.04187565372919962
76.16593726857171,3.0,77.0,0.0,1.5,5.0,0.0,0.0,0.25666666666666665,0.9991228300988584,-0.04187565372919962
80.48912970084842,0.0,77.5,0.0,1.5,5.0,0.0,0.0,0.25833333333333336,0.9986295347545738,-0.05233595624294384
35.04996433664377,1.0,77.5,0.0,1.5,5.0,0.0,0.0,0.25833333333333336,0.9986295347545738,-0.05233595624294384
31.280984639234106,2.0,77.5,0.0,1.5,5.0,0.0,0.0,0.25833333333333336,0.9986295347545738,-0.05233595624294384
75.68685486925719,3.0,77.5,0.0,1.5,5.0,0.0,0.0,0.25833333333333336,0.9986295347545738,-0.05233595624294384
80.97067370350824,0.0,78.0,0.0,1.5,5.0,0.0,0.0,0.26,0.9980267284282716,-0.06279051952931318
35.443617196894564,1.0,78.0,0.0,1.5,5.0,0.0,0.0,0.26,0.9980267284282716,-0.06279051952931318
30.923292192132454,2.0,78.0,0.0,1.5,5.0,0.0,0.0,0.26,0.9980267284282716,-0.06279051952931318
75.20804478245661,3.0,78.0,0.0,1.5,5.0,0.0,0.0,0.26,0.9980267284282716,-0.06279051952931318
81.45244011077875,0.0,78.5,0.0,1.5,5.0,0.0,0.0,0.26166666666666666,0.9973144772244581,-0.07323819712763151
35.83992187491485,1.0,78.5,0.0,1.5,5.0,0.0,0.0,0.26166666666666666,0.9973144772244581,-0.07323819712763151
30.569592735265545,2.0,78.5,0.0,1.5,5.0,0.0,0.0,0.26166666666666666,0.9973144772244581,-0.07323819712763151
74.7295122424869,3.0,78.5,0.0,1.5,5.0,0.0,0.0,0.26166666666666666,0.9973144772244581,-0.07323819712763151
81.934424999508,0.0,79.0,0.0,1.5,5.0,0.0,0.0,0.2633333333333333,0.9964928592495044,-0.08367784333231554
36.238791370574155,1.0,79.0,0.0,1.5,5.0,0.0,0.0,0.2633333333333333,0.9964928592495044,-0.08367784333231554
30.220026472523152,2.0,79.0,0.0,1.5,5.0,0.0,0.0,0.2633333333333333,0.9964928592495044,-0.08367784333231554
74.25126261552728,3.0,79.0,0.0,1.5,5.0,0.0,0.0,0.2633333333333333,0.9964928592495044,-0.08367784333231554
82.41662453655816,0.0,79.5,0.0,1.5,5.0,0.0,0.0,0.265,0.99556196460308,-0.09410831331851438
36.64014192112252,1.0,79.5,0.0,1.5,5.0,0.0,0.0,0.265,0.99556196460308,-0.09410831331851438
29.87473849257931,2.0,79.5,0.0,1.5,5.0,0.0,0.0,0.265,0.99556196460308,-0.09410831331851438
73.7733014036921,3.0,79.5,0.0,1.5,5.0,0.0,0.0,0.265,0.99556196460308,-0.09410831331851438
82.89903497628907,0.0,80.0,0.0,1.5,5.0,0.0,0.0,0.26666666666666666,0.9945218953682734,-0.10452846326765333
37.04389288398291,1.0,80.0,0.0,1.5,5.0,0.0,0.0,0.26666666666666666,0.9945218953682734,-0.10452846326765333
29.53387885124472,2.0,80.0,0.0,1.5,5.0,0.0,0.0,0.26666666666666666,0.9945218953682734,-0.10452846326765333
73.29563424925117,3.0,80.0,0.0,1.5,5.0,0.0,0.0,0.26666666666666666,0.9945218953682734,-0.10452846326765333
83.38165265812378,0.0,80.5,0.0,1.5,5.0,0.0,0.0,0.2683333333333333,0.9933727656003964,-0.11493715049286649
37.44996662214801,1.0,80.5,0.0,1.5,5.0,0.0,0.0,0.2683333333333333,0.9933727656003964,-0.11493715049286649
29.197602641312866,2.0,80.5,0.0,1.5,5.0,0.0,0.0,0.2683333333333333,0.9933727656003964,-0.11493715049286649
72.8182669390037,3.0,80.5,0.0,1.5,5.0,0.0,0.0,0.2683333333333333,0.9933727656003964,-0.11493715049286649
83.86447400419321,0.0,81.0,0.0,1.5,5.0,0.0,0.0,0.27,0.9921147013144779,-0.12533323356430415
37.85828839237189,1.0,81.0,0.0,1.5,5.0,0.0,0.0,0.27,0.9921147013144779,-0.12533323356430415
28.86607004772212,2.0,81.0,0.0,1.5,5.0,0.0,0.0,0.27,0.9921147013144779,-0.12533323356430415
72.34120540881248,3.0,81.0,0.0,1.5,5.0,0.0,0.0,0.27,0.9921147013144779,-0.12533323356430415
84.3474955170573,0.0,81.5,0.0,1.5,5.0,0.0,0.0,0.27166666666666667,0.9907478404714436,-0.1357155724343043
38.268786236304905,1.0,81.5,0.0,1.5,5.0,0.0,0.0,0.27166666666666667,0.9907478404714436,-0.1357155724343043
28.53944638566067,2.0,81.5,0.0,1.5,5.0,0.0,0.0,0.27166666666666667,0.9907478404714436,-0.1357155724343043
71.8644557483044,3.0,81.5,0.0,1.5,5.0,0.0,0.0,0.27166666666666667,0.9907478404714436,-0.1357155724343043
84.83071377749926,0.0,82.00000000000001,0.0,1.5,5.0,0.0,0.0,0.2733333333333333,0.9892723329629883,-0.14608302856241132
38.68139087468289,1.0,82.00000000000001,0.0,1.5,5.0,0.0,0.0,0.2733333333333333,0.9892723329629883,-0.14608302856241132
28.217902119044915,2.0,82.00000000000001,0.0,1.5,5.0,0.0,0.0,0.2733333333333333,0.9892723329629883,-0.14608302856241132
71.38802420574474,3.0,82.00000000000001,0.0,1.5,5.0,0.0,0.0,0.2733333333333333,0.9892723329629883,-0.14608302856241132
85.31412544239085,0.0,82.5,0.0,1.5,5.0,0.0,0.0,0.275,0.9876883405951378,-0.1564344650402306
39.096035604649224,1.0,82.5,0.0,1.5,5.0,0.0,0.0,0.275,0.9876883405951378,-0.1564344650402306
27.90161285660741,2.0,82.5,0.0,1.5,5.0,0.0,0.0,0.275,0.9876883405951378,-0.1564344650402306
70.91191719309245,3.0,82.5,0.0,1.5,5.0,0.0,0.0,0.275,0.9876883405951378,-0.1564344650402306
85.79772724262573,0.0,83.0,0.0,1.5,5.0,0.0,0.0,0.27666666666666667,0.9859960370705049,-0.16676874671610245
39.51265620026069,1.0,83.0,0.0,1.5,5.0,0.0,0.0,0.27666666666666667,0.9859960370705049,-0.16676874671610245
27.59075932264279,2.0,83.0,0.0,1.5,5.0,0.0,0.0,0.27666666666666667,0.9859960370705049,-0.16676874671610245
70.43614129124337,3.0,83.0,0.0,1.5,5.0,0.0,0.0,0.27666666666666667,0.9859960370705049,-0.16676874671610245
86.28151598111846,0.0,83.5,0.0,1.5,5.0,0.0,0.0,0.2783333333333333,0.984195607969242,-0.17708474031958327
39.931190816202815,1.0,83.5,0.0,1.5,5.0,0.0,0.0,0.2783333333333333,0.984195607969242,-0.17708474031958327
27.285527299284507,2.0,83.5,0.0,1.5,5.0,0.0,0.0,0.2783333333333333,0.984195607969242,-0.17708474031958327
69.96070325547049,3.0,83.5,0.0,1.5,5.0,0.0,0.0,0.2783333333333333,0.984195607969242,-0.17708474031958327
86.76548853086693,0.0,84.0,0.0,1.5,5.0,0.0,0.0,0.28,0.9822872507286887,-0.1873813145857246
40.35157989472035,1.0,84.0,0.0,1.5,5.0,0.0,0.0,0.28,0.9822872507286887,-0.1873813145857246
26.98610753702727,2.0,84.0,0.0,1.5,5.0,0.0,0.0,0.28,0.9822872507286887,-0.1873813145857246
69.4856100210684,3.0,84.0,0.0,1.5,5.0,0.0,0.0,0.28,0.9822872507286887,-0.1873813145857246
87.24964183307576,0.0,84.50000000000001,0.0,1.5,5.0,0.0,0.0,0.2816666666666667,0.9802711746217219,-0.19765734037912613
40.77376607575024,1.0,84.50000000000001,0.0,1.5,5.0,0.0,0.0,0.2816666666666667,0.9802711746217219,-0.19765734037912613
26.69269563007827,2.0,84.50000000000001,0.0,1.5,5.0,0.0,0.0,0.2816666666666667,0.9802711746217219,-0.19765734037912613
69.0108687092113,3.0,84.50000000000001,0.0,1.5,5.0,0.0,0.0,0.2816666666666667,0.9802711746217219,-0.19765734037912613
87.73397289533855,0.0,85.0,0.0,1.5,5.0,0.0,0.0,0.2833333333333333,0.9781476007338057,-0.20791169081775934
41.19769411022904,1.0,85.0,0.0,1.5,5.0,0.0,0.0,0.2833333333333333,0.9781476007338057,-0.20791169081775934
26.405491853021786,2.0,85.0,0.0,1.5,5.0,0.0,0.0,0.2833333333333333,0.9781476007338057,-0.20791169081775934
68.53648663303365,3.0,85.0,0.0,1.5,5.0,0.0,0.0,0.2833333333333333,0.9781476007338057,-0.20791169081775934
88.21847878987712,0.0,85.5,0.0,1.5,5.0,0.0,0.0,0.285,0.9759167619387474,-0.21814324139654256
41.62331077653482,1.0,85.5,0.0,1.5,5.0,0.0,0.0,0.285,0.9759167619387474,-0.21814324139654256
26.124700955226263,2.0,85.5,0.0,1.5,5.0,0.0,0.0,0.285,0.9759167619387474,-0.21814324139654256
68.06247130394253,3.0,85.5,0.0,1.5,5.0,0.0,0.0,0.285,0.9759167619387474,-0.21814324139654256
88.70315665183512,0.0,86.0,0.0,1.5,5.0,0.0,0.0,0.2866666666666667,0.9735789028731603,-0.22835087011065555
42.050564800011905,1.0,86.0,0.0,1.5,5.0,0.0,0.0,0.2866666666666667,0.9735789028731603,-0.22835087011065555
25.85053190942113,2.0,86.0,0.0,1.5,5.0,0.0,0.0,0.2866666666666667,0.9735789028731603,-0.22835087011065555
67.58883043817225,3.0,86.0,0.0,1.5,5.0,0.0,0.0,0.2866666666666667,0.9735789028731603,-0.22835087011065555
89.18800367762472,0.0,86.5,0.0,1.5,5.0,0.0,0.0,0.28833333333333333,0.9711342799096361,-0.23853345757858072
42.47940677551889,1.0,86.5,0.0,1.5,5.0,0.0,0.0,0.28833333333333333,0.9711342799096361,-0.23853345757858072
25.583197610932064,2.0,86.5,0.0,1.5,5.0,0.0,0.0,0.28833333333333333,0.9711342799096361,-0.23853345757858072
67.11557196359128,3.0,86.5,0.0,1.5,5.0,0.0,0.0,0.28833333333333333,0.9711342799096361,-0.23853345757858072
89.67301712332424,0.0,87.00000000000001,0.0,1.5,5.0,0.0,0.0,0.29,0.9685831611286312,-0.24868988716485463
42.90978909293311,1.0,87.00000000000001,0.0,1.5,5.0,0.0,0.0,0.29,0.9685831611286312,-0.24868988716485463
25.32291452420119,2.0,87.00000000000001,0.0,1.5,5.0,0.0,0.0,0.29,0.9685831611286312,-0.24868988716485463
66.64270402677249,3.0,87.00000000000001,0.0,1.5,5.0,0.0,0.0,0.29,0.9685831611286312,-0.24868988716485463
90.15819430312477,0.0,87.5,0.0,1.5,5.0,0.0,0.0,0.2916666666666667,0.9659258262890683,-0.25881904510252063
43.34166586553867,1.0,87.5,0.0,1.5,5.0,0.0,0.0,0.2916666666666667,0.9659258262890683,-0.25881904510252063
25.06990227344335,2.0,87.5,0.0,1.5,5.0,0.0,0.0,0.2916666666666667,0.9659258262890683,-0.25881904510252063
66.17023500033834,3.0,87.5,0.0,1.5,5.0,0.0,0.0,0.2916666666666667,0.9659258262890683,-0.25881904510252063
90.6435325878245,0.0,88.0,0.0,1.5,5.0,0.0,0.0,0.29333333333333333,0.9631625667976582,-0.26891982061526537
43.77499286122158,1.0,88.0,0.0,1.5,5.0,0.0,0.0,0.29333333333333333,0.9631625667976582,-0.26891982061526537
24.82438317461282,2.0,88.0,0.0,1.5,5.0,0.0,0.0,0.29333333333333333,0.9631625667976582,-0.26891982061526537
65.69817349059257,3.0,88.0,0.0,1.5,5.0,0.0,0.0,0.29333333333333333,0.9631625667976582,-0.26891982061526537
91.12902940336849,0.0,88.5,0.0,1.5,5.0,0.0,0.0,0.295,0.9602936856769431,-0.27899110603922933
44.20972743639119,1.0,88.5,0.0,1.5,5.0,0.0,0.0,0.295,0.9602936856769431,-0.27899110603922933
24.586581706288495,2.0,88.5,0.0,1.5,5.0,0.0,0.0,0.295,0.9602936856769431,-0.27899110603922933
65.2265283454516,3.0,88.5,0.0,1.5,5.0,0.0,0.0,0.295,0.9602936856769431,-0.27899110603922933
91.61468222943307,0.0,89.0,0.0,1.5,5.0,0.0,0.0,0.2966666666666667,0.9573194975320672,-0.28903179694447173
44.64582847254601,1.0,89.0,0.0,1.5,5.0,0.0,0.0,0.2966666666666667,0.9573194975320672,-0.28903179694447173
24.3567239176372,2.0,89.0,0.0,1.5,5.0,0.0,0.0,0.2966666666666667,0.9573194975320672,-0.28903179694447173
64.75530866268804,3.0,89.0,0.0,1.5,5.0,0.0,0.0,0.2966666666666667,0.9573194975320672,-0.28903179694447173
92.10048859805252,0.0,89.50000000000001,0.0,1.5,5.0,0.0,0.0,0.29833333333333334,0.9542403285162769,-0.2990407922560866
45.08325631539942,1.0,89.50000000000001,0.0,1.5,5.0,0.0,0.0,0.29833333333333334,0.9542403285162769,-0.2990407922560866
24.135036772294335,2.0,89.50000000000001,0.0,1.5,5.0,0.0,0.0,0.29833333333333334,0.9542403285162769,-0.2990407922560866
64.28452379850066,3.0,89.50000000000001,0.0,1.5,5.0,0.0,0.0,0.29833333333333334,0.9542403285162769,-0.2990407922560866
92.58644609228718,0.0,90.0,0.0,1.5,5.0,0.0,0.0,0.3,0.9510565162951536,-0.30901699437494734
45.521972716480555,1.0,90.0,0.0,1.5,5.0,0.0,0.0,0.3,0.9510565162951536,-0.30901699437494734
23.921747427811372,2.0,90.0,0.0,1.5,5.0,0.0,0.0,0.3,0.9510565162951536,-0.30901699437494734
63.81418337642503,3.0,90.0,0.0,1.5,5.0,0.0,0.0,0.3,0.9510565162951536,-0.30901699437494734
93.07255234493142,0.0,90.5,0.0,1.5,5.0,0.0,0.0,0.3016666666666667,0.9477684100095857,-0.3189593092980699
45.96194077712559,1.0,90.5,0.0,1.5,5.0,0.0,0.0,0.3016666666666667,0.9477684100095857,-0.3189593092980699
23.717082451262844,2.0,90.5,0.0,1.5,5.0,0.0,0.0,0.3016666666666667,0.9477684100095857,-0.3189593092980699
63.344297296599635,3.0,90.5,0.0,1.5,5.0,0.0,0.0,0.3016666666666667,0.9477684100095857,-0.3189593092980699
93.55880503725986,0.0,91.0,0.0,1.5,5.0,0.0,0.0,0.30333333333333334,0.9443763702374811,-0.3288666467385832
46.40312489477406,1.0,91.0,0.0,1.5,5.0,0.0,0.0,0.30333333333333334,0.9443763702374811,-0.3288666467385832
23.521266972678152,2.0,91.0,0.0,1.5,5.0,0.0,0.0,0.30333333333333334,0.9443763702374811,-0.3288666467385832
62.87487574540406,3.0,91.0,0.0,1.5,5.0,0.0,0.0,0.30333333333333334,0.9443763702374811,-0.3288666467385832
94.04520189781083,0.0,91.5,0.0,1.5,5.0,0.0,0.0,0.305,0.9408807689542255,-0.33873792024529137
46.84549071148684,1.0,91.5,0.0,1.5,5.0,0.0,0.0,0.305,0.9408807689542255,-0.33873792024529137
23.33452377915607,2.0,91.5,0.0,1.5,5.0,0.0,0.0,0.305,0.9408807689542255,-0.33873792024529137
62.40592920548495,3.0,91.5,0.0,1.5,5.0,0.0,0.0,0.305,0.9408807689542255,-0.33873792024529137
94.53174070120576,0.0,92.00000000000001,0.0,1.5,5.0,0.0,0.0,0.30666666666666664,0.9372819894918916,-0.348572047321815
47.2890050646025,1.0,92.00000000000001,0.0,1.5,5.0,0.0,0.0,0.30666666666666664,0.9372819894918916,-0.348572047321815
23.157072353818815,2.0,92.00000000000001,0.0,1.5,5.0,0.0,0.0,0.30666666666666664,0.9372819894918916,-0.348572047321815
61.93746846618772,3.0,92.00000000000001,0.0,1.5,5.0,0.0,0.0,0.30666666666666664,0.9372819894918916,-0.348572047321815
95.01841926700317,0.0,92.5,0.0,1.5,5.0,0.0,0.0,0.30833333333333335,0.9335804264972019,-0.35836794954530005
47.733635939450494,1.0,92.5,0.0,1.5,5.0,0.0,0.0,0.30833333333333335,0.9335804264972019,-0.35836794954530005
22.9891278651453,2.0,92.5,0.0,1.5,5.0,0.0,0.0,0.30833333333333335,0.9335804264972019,-0.35836794954530005
61.46950463441201,3.0,92.5,0.0,1.5,5.0,0.0,0.0,0.30833333333333335,0.9335804264972019,-0.35836794954530005
95.50523545858624,0.0,93.0,0.0,1.5,5.0,0.0,0.0,0.31,0.9297764858882515,-0.36812455268467775
48.17935242404157,1.0,93.0,0.0,1.5,5.0,0.0,0.0,0.31,0.9297764858882515,-0.36812455268467775
22.830900113661748,2.0,93.0,0.0,1.5,5.0,0.0,0.0,0.31,0.9297764858882515,-0.36812455268467775
61.002049145909844,3.0,93.0,0.0,1.5,5.0,0.0,0.0,0.31,0.9297764858882515,-0.36812455268467775
95.99218718208269,0.0,93.5,0.0,1.5,5.0,0.0,0.0,0.31166666666666665,0.9258705848099947,-0.37784078681846717
48.62612466565683,1.0,93.5,0.0,1.5,5.0,0.0,0.0,0.31166666666666665,0.9258705848099947,-0.37784078681846717
22.68259244442751,2.0,93.5,0.0,1.5,5.0,0.0,0.0,0.31166666666666665,0.9258705848099947,-0.37784078681846717
60.53511377704679,3.0,93.5,0.0,1.5,5.0,0.0,0.0,0.31166666666666665,0.9258705848099947,-0.37784078681846717
96.47927238531601,0.0,94.0,0.0,1.5,5.0,0.0,0.0,0.31333333333333335,0.9218631515885005,-0.387515586452103
49.073923829259876,1.0,94.0,0.0,1.5,5.0,0.0,0.0,0.31333333333333335,0.9218631515885005,-0.387515586452103
22.544400635190993,2.0,94.0,0.0,1.5,5.0,0.0,0.0,0.31333333333333335,0.9218631515885005,-0.387515586452103
60.068710657046736,3.0,94.0,0.0,1.5,5.0,0.0,0.0,0.31333333333333335,0.9218631515885005,-0.387515586452103
96.96648905678704,0.0,94.50000000000001,0.0,1.5,5.0,0.0,0.0,0.315,0.9177546256839811,-0.3971478906347807
49.522722057657546,1.0,94.50000000000001,0.0,1.5,5.0,0.0,0.0,0.315,0.9177546256839811,-0.3971478906347807
22.41651177145989,2.0,94.50000000000001,0.0,1.5,5.0,0.0,0.0,0.315,0.9177546256839811,-0.3971478906347807
59.60285228074239,3.0,94.50000000000001,0.0,1.5,5.0,0.0,0.0,0.315,0.9177546256839811,-0.3971478906347807
97.45383522468472,0.0,95.0,0.0,1.5,5.0,0.0,0.0,0.31666666666666665,0.9135454576426009,-0.40673664307580026
49.97249243333776,1.0,95.0,0.0,1.5,5.0,0.0,0.0,0.31666666666666665,0.9135454576426009,-0.40673664307580026
22.299103120977758,2.0,95.0,0.0,1.5,5.0,0.0,0.0,0.31666666666666665,0.9135454576426009,-0.40673664307580026
59.13755152185454,3.0,95.0,0.0,1.5,5.0,0.0,0.0,0.31666666666666665,0.9135454576426009,-0.40673664307580026
97.94130895592524,0.0,95.5,0.0,1.5,5.0,0.0,0.0,0.31833333333333336,0.9092361090470686,-0.41628079226040104
50.42320894191484,1.0,95.5,0.0,1.5,5.0,0.0,0.0,0.31833333333333336,0.9092361090470686,-0.41628079226040104
22.192341021172147,2.0,95.5,0.0,1.5,5.0,0.0,0.0,0.31833333333333336,0.9092361090470686,-0.41628079226040104
58.67282164682384,3.0,95.5,0.0,1.5,5.0,0.0,0.0,0.31833333333333336,0.9092361090470686,-0.41628079226040104
98.42890835521851,0.0,96.00000000000001,0.0,1.5,5.0,0.0,0.0,0.32,0.9048270524660195,-0.4257792915650727
50.87484643711469,1.0,96.00000000000001,0.0,1.5,5.0,0.0,0.0,0.32,0.9048270524660195,-0.4257792915650727
22.09637979398435,2.0,96.00000000000001,0.0,1.5,5.0,0.0,0.0,0.32,0.9048270524660195,-0.4257792915650727
58.20867632922088,3.0,96.00000000000001,0.0,1.5,5.0,0.0,0.0,0.32,0.9048270524660195,-0.4257792915650727
98.91663156416114,0.0,96.5,0.0,1.5,5.0,0.0,0.0,0.32166666666666666,0.9003187714021935,-0.4352310993723274
51.327380607235355,1.0,96.5,0.0,1.5,5.0,0.0,0.0,0.32166666666666666,0.9003187714021935,-0.4352310993723274
22.01136070305514,2.0,96.5,0.0,1.5,5.0,0.0,0.0,0.32166666666666666,0.9003187714021935,-0.4352310993723274
57.745129664760476,3.0,96.5,0.0,1.5,5.0,0.0,0.0,0.32166666666666666,0.9003187714021935,-0.4352310993723274
99.40447676035524,0.0,97.00000000000001,0.0,1.5,5.0,0.0,0.0,0.3233333333333333,0.895711760239413,-0.4446351791849272
51.78078794301996,1.0,97.00000000000001,0.0,1.5,5.0,0.0,0.0,0.3233333333333333,0.895711760239413,-0.4446351791849272
21.937410968480304,2.0,97.00000000000001,0.0,1.5,5.0,0.0,0.0,0.3233333333333333,0.895711760239413,-0.4446351791849272
57.282196186947985,3.0,97.00000000000001,0.0,1.5,5.0,0.0,0.0,0.3233333333333333,0.895711760239413,-0.4446351791849272
99.89244215655157,0.0,97.5,0.0,1.5,5.0,0.0,0.0,0.325,0.8910065241883679,-0.45399049973954675
52.23504570688151,1.0,97.5,0.0,1.5,5.0,0.0,0.0,0.325,0.8910065241883679,-0.45399049973954675
21.874642854227357,2.0,97.5,0.0,1.5,5.0,0.0,0.0,0.325,0.8910065241883679,-0.45399049973954675
56.819890883386954,3.0,97.5,0.0,1.5,5.0,0.0,0.0,0.325,0.8910065241883679,-0.45399049973954675
100.38052599981731,0.0,98.0,0.0,1.5,5.0,0.0,0.0,0.32666666666666666,0.8862035792312148,-0.4632960351198615
52.690131903421914,1.0,98.0,0.0,1.5,5.0,0.0,0.0,0.32666666666666666,0.8862035792312148,-0.4632960351198615
21.823152842795196,2.0,98.0,0.0,1.5,5.0,0.0,0.0,0.32666666666666666,0.8862035792312148,-0.4632960351198615
56.35822921277779,3.0,98.0,0.0,1.5,5.0,0.0,0.0,0.32666666666666666,0.8862035792312148,-0.4632960351198615
100.86872657072658,0.0,98.50000000000001,0.0,1.5,5.0,0.0,0.0,0.3283333333333333,0.8813034520649923,-0.47255076486905395
53.14602525118884,1.0,98.50000000000001,0.0,1.5,5.0,0.0,0.0,0.3283333333333333,0.8813034520649923,-0.47255076486905395
21.783020910791965,2.0,98.50000000000001,0.0,1.5,5.0,0.0,0.0,0.3283333333333333,0.8813034520649923,-0.47255076486905395
55.89722712263998,3.0,98.50000000000001,0.0,1.5,5.0,0.0,0.0,0.3283333333333333,0.8813034520649923,-0.47255076486905395
101.35704218257358,0.0,99.0,0.0,1.5,5.0,0.0,0.0,0.33,0.8763066800438635,-0.48175367410171543
53.60270515561691,1.0,99.0,0.0,1.5,5.0,0.0,0.0,0.33,0.8763066800438635,-0.48175367410171543
21.754309917807092,2.0,99.0,0.0,1.5,5.0,0.0,0.0,0.33,0.8763066800438635,-0.48175367410171543
55.43690106779058,3.0,99.0,0.0,1.5,5.0,0.0,0.0,0.33,0.8763066800438635,-0.48175367410171543
101.84547118060775,0.0,99.50000000000001,0.0,1.5,5.0,0.0,0.0,0.33166666666666667,0.8712138111201895,-0.4909037536151408
54.06015168310205,1.0,99.50000000000001,0.0,1.5,5.0,0.0,0.0,0.33166666666666667,0.8712138111201895,-0.4909037536151408
21.737065119284157,2.0,99.50000000000001,0.0,1.5,5.0,0.0,0.0,0.33166666666666667,0.8712138111201895,-0.4909037536151408
54.977268029613825,3.0,99.50000000000001,0.0,1.5,5.0,0.0,0.0,0.33166666666666667,0.8712138111201895,-0.4909037536151408
102.33401194128959,0.0,100.0,0.0,1.5,5.0,0.0,0.0,0.3333333333333333,0.8660254037844386,-0.5000000000000002
54.51834553615874,1.0,100.0,0.0,1.5,5.0,0.0,0.0,0.3333333333333333,0.8660254037844386,-0.5000000000000002
21.73131381210073,2.0,100.0,0.0,1.5,5.0,0.0,0.0,0.3333333333333333,0.8660254037844386,-0.5000000000000002
54.51834553615874,3.0,100.0,0.0,1.5,5.0,0.0,0.0,0.3333333333333333,0.8660254037844386,-0.5000000000000002
102.82266287156737,0.0,100.5,0.0,1.5,5.0,0.0,0.0,0.335,0.8607420270039436,-0.5090414157503713
54.97726802961384,1.0,100.5,0.0,1.5,5.0,0.0,0.0,0.335,0.8607420270039436,-0.5090414157503713
21.737065119284157,2.0,100.5,0.0,1.5,5.0,0.0,0.0,0.335,0.8607420270039436,-0.5090414157503713
54.060151683102035,3.0,100.5,0.0,1.5,5.0,0.0,0.0,0.335,0.8607420270039436,-0.5090414157503713
103.31142240817326,0.0,101.00000000000001,0.0,1.5,5.0,0.0,0.0,0.33666666666666667,0.8553642601605067,-0.5180270093731301
55.436901067790586,1.0,101.00000000000001,0.0,1.5,5.0,0.0,0.0,0.33666666666666667,0.8553642601605067,-0.5180270093731301
21.754309917807092,2.0,101.00000000000001,0.0,1.5,5.0,0.0,0.0,0.33666666666666667,0.8553642601605067,-0.5180270093731301
53.6027051556169,3.0,101.00000000000001,0.0,1.5,5.0,0.0,0.0,0.33666666666666667,0.8553642601605067,-0.5180270093731301
103.80028901693868,0.0,101.5,0.0,1.5,5.0,0.0,0.0,0.3383333333333333,0.8498926929868639,-0.5269557954966776
55.89722712263999,1.0,101.5,0.0,1.5,5.0,0.0,0.0,0.3383333333333333,0.8498926929868639,-0.5269557954966776
21.783020910791965,2.0,101.5,0.0,1.5,5.0,0.0,0.0,0.3383333333333333,0.8498926929868639,-0.5269557954966776
53.146025251188824,3.0,101.5,0.0,1.5,5.0,0.0,0.0,0.3383333333333333,0.8498926929868639,-0.5269557954966776
104.28926119212852,0.0,102.00000000000001,0.0,1.5,5.0,0.0,0.0,0.34,0.8443279255020152,-0.5358267949789964
56.3582292127778,1.0,102.00000000000001,0.0,1.5,5.0,0.0,0.0,0.34,0.8443279255020152,-0.5358267949789964
21.823152842795196,2.0,102.00000000000001,0.0,1.5,5.0,0.0,0.0,0.34,0.8443279255020152,-0.5358267949789964
52.6901319034219,3.0,102.00000000000001,0.0,1.5,5.0,0.0,0.0,0.34,0.8443279255020152,-0.5358267949789964
104.77833745579284,0.0,102.5,0.0,1.5,5.0,0.0,0.0,0.3416666666666667,0.8386705679454243,-0.5446390350150268
56.819890883386954,1.0,102.5,0.0,1.5,5.0,0.0,0.0,0.3416666666666667,0.8386705679454243,-0.5446390350150268
21.874642854227357,2.0,102.5,0.0,1.5,5.0,0.0,0.0,0.3416666666666667,0.8386705679454243,-0.5446390350150268
52.23504570688151,3.0,102.5,0.0,1.5,5.0,0.0,0.0,0.3416666666666667,0.8386705679454243,-0.5446390350150268
105.2675163571365,0.0,103.0,0.0,1.5,5.0,0.0,0.0,0.3433333333333333,0.8329212407100995,-0.553391549243344
57.282196186948,1.0,103.0,0.0,1.5,5.0,0.0,0.0,0.3433333333333333,0.8329212407100995,-0.553391549243344
21.937410968480304,2.0,103.0,0.0,1.5,5.0,0.0,0.0,0.3433333333333333,0.8329212407100995,-0.553391549243344
51.780787943019945,3.0,103.0,0.0,1.5,5.0,0.0,0.0,0.3433333333333333,0.8329212407100995,-0.553391549243344
105.75679647190532,0.0,103.50000000000001,0.0,1.5,5.0,0.0,0.0,0.345,0.827080574274562,-0.5620833778521304
57.74512966476048,1.0,103.50000000000001,0.0,1.5,5.0,0.0,0.0,0.345,0.827080574274562,-0.5620833778521304
22.011360703055143,2.0,103.50000000000001,0.0,1.5,5.0,0.0,0.0,0.345,0.827080574274562,-0.5620833778521304
51.32738060723534,3.0,103.50000000000001,0.0,1.5,5.0,0.0,0.0,0.345,0.827080574274562,-0.5620833778521304
106.24617640178869,0.0,104.0,0.0,1.5,5.0,0.0,0.0,0.3466666666666667,0.8211492091337041,-0.5707135676844316
58.208676329220886,1.0,104.0,0.0,1.5,5.0,0.0,0.0,0.3466666666666667,0.8211492091337041,-0.5707135676844316
22.096379793984354,2.0,104.0,0.0,1.5,5.0,0.0,0.0,0.3466666666666667,0.8211492091337041,-0.5707135676844316
50.87484643711468,3.0,104.0,0.0,1.5,5.0,0.0,0.0,0.3466666666666667,0.8211492091337041,-0.5707135676844316
106.73565477383836,0.0,104.50000000000001,0.0,1.5,5.0,0.0,0.0,0.34833333333333333,0.8151277957285542,-0.579281172342679
58.67282164682385,1.0,104.50000000000001,0.0,1.5,5.0,0.0,0.0,0.34833333333333333,0.8151277957285542,-0.579281172342679
22.19234102117215,2.0,104.50000000000001,0.0,1.5,5.0,0.0,0.0,0.34833333333333333,0.8151277957285542,-0.579281172342679
50.42320894191482,3.0,104.50000000000001,0.0,1.5,5.0,0.0,0.0,0.34833333333333333,0.8151277957285542,-0.579281172342679
107.22523023990203,0.0,105.0,0.0,1.5,5.0,0.0,0.0,0.35,0.8090169943749475,-0.587785252292473
59.13755152185454,1.0,105.0,0.0,1.5,5.0,0.0,0.0,0.35,0.8090169943749475,-0.587785252292473
22.299103120977758,2.0,105.0,0.0,1.5,5.0,0.0,0.0,0.35,0.8090169943749475,-0.587785252292473
49.97249243333776,3.0,105.0,0.0,1.5,5.0,0.0,0.0,0.35,0.8090169943749475,-0.587785252292473
107.71490147607247,0.0,105.5,0.0,1.5,5.0,0.0,0.0,0.3516666666666667,0.8028174751911145,-0.5962248749656159
59.602852280742404,1.0,105.5,0.0,1.5,5.0,0.0,0.0,0.3516666666666667,0.8028174751911145,-0.5962248749656159
22.416511771459895,2.0,105.5,0.0,1.5,5.0,0.0,0.0,0.3516666666666667,0.8028174751911145,-0.5962248749656159
49.52272205765753,3.0,105.5,0.0,1.5,5.0,0.0,0.0,0.3516666666666667,0.8028174751911145,-0.5962248749656159
108.20466718215071,0.0,106.00000000000001,0.0,1.5,5.0,0.0,0.0,0.35333333333333333,0.7965299180241964,-0.6045991148623748
60.06871065704675,1.0,106.00000000000001,0.0,1.5,5.0,0.0,0.0,0.35333333333333333,0.7965299180241964,-0.6045991148623748
22.544400635190996,2.0,106.00000000000001,0.0,1.5,5.0,0.0,0.0,0.35333333333333333,0.7965299180241964,-0.6045991148623748
49.07392382925986,3.0,106.00000000000001,0.0,1.5,5.0,0.0,0.0,0.35333333333333333,0.7965299180241964,-0.6045991148623748
108.69452608112333,0.0,106.5,0.0,1.5,5.0,0.0,0.0,0.355,0.7901550123756905,-0.6129070536529763
60.53511377704679,1.0,106.5,0.0,1.5,5.0,0.0,0.0,0.355,0.7901550123756905,-0.6129070536529763
22.68259244442751,2.0,106.5,0.0,1.5,5.0,0.0,0.0,0.355,0.7901550123756905,-0.6129070536529763
48.62612466565683,3.0,106.5,0.0,1.5,5.0,0.0,0.0,0.355,0.7901550123756905,-0.6129070536529763
109.18447691865362,0.0,107.00000000000001,0.0,1.5,5.0,0.0,0.0,0.3566666666666667,0.7836934573258398,-0.6211477802783103
61.00204914590986,1.0,107.00000000000001,0.0,1.5,5.0,0.0,0.0,0.3566666666666667,0.7836934573258398,-0.6211477802783103
22.83090011366175,2.0,107.00000000000001,0.0,1.5,5.0,0.0,0.0,0.3566666666666667,0.7836934573258398,-0.6211477802783103
48.17935242404156,3.0,107.00000000000001,0.0,1.5,5.0,0.0,0.0,0.3566666666666667,0.7836934573258398,-0.6211477802783103
109.67451846258547,0.0,107.5,0.0,1.5,5.0,0.0,0.0,0.35833333333333334,0.777145961456971,-0.6293203910498373
61.46950463441201,1.0,107.5,0.0,1.5,5.0,0.0,0.0,0.35833333333333334,0.777145961456971,-0.6293203910498373
22.9891278651453,2.0,107.5,0.0,1.5,5.0,0.0,0.0,0.35833333333333334,0.777145961456971,-0.6293203910498373
47.733635939450494,3.0,107.5,0.0,1.5,5.0,0.0,0.0,0.35833333333333334,0.777145961456971,-0.6293203910498373
110.16464950246063,0.0,108.0,0.0,1.5,5.0,0.0,0.0,0.36,0.7705132427757893,-0.6374239897486897
61.93746846618773,1.0,108.0,0.0,1.5,5.0,0.0,0.0,0.36,0.7705132427757893,-0.6374239897486897
23.157072353818823,2.0,108.0,0.0,1.5,5.0,0.0,0.0,0.36,0.7705132427757893,-0.6374239897486897
47.28900506460249,3.0,108.0,0.0,1.5,5.0,0.0,0.0,0.36,0.7705132427757893,-0.6374239897486897
110.65486884904796,0.0,108.50000000000001,0.0,1.5,5.0,0.0,0.0,0.3616666666666667,0.7637960286346424,-0.6454576877239504
62.405929205484966,1.0,108.50000000000001,0.0,1.5,5.0,0.0,0.0,0.3616666666666667,0.7637960286346424,-0.6454576877239504
23.334523779156072,2.0,108.50000000000001,0.0,1.5,5.0,0.0,0.0,0.3616666666666667,0.7637960286346424,-0.6454576877239504
46.84549071148683,3.0,108.50000000000001,0.0,1.5,5.0,0.0,0.0,0.3616666666666667,0.7637960286346424,-0.6454576877239504
111.14517533388482,0.0,109.0,0.0,1.5,5.0,0.0,0.0,0.36333333333333334,0.7569950556517566,-0.6534206039901052
62.87487574540406,1.0,109.0,0.0,1.5,5.0,0.0,0.0,0.36333333333333334,0.7569950556517566,-0.6534206039901052
23.521266972678152,2.0,109.0,0.0,1.5,5.0,0.0,0.0,0.36333333333333334,0.7569950556517566,-0.6534206039901052
46.40312489477406,3.0,109.0,0.0,1.5,5.0,0.0,0.0,0.36333333333333334,0.7569950556517566,-0.6534206039901052
111.63556780883054,0.0,109.50000000000001,0.0,1.5,5.0,0.0,0.0,0.365,0.7501110696304594,-0.661311865323652
63.34429729659965,1.0,109.50000000000001,0.0,1.5,5.0,0.0,0.0,0.365,0.7501110696304594,-0.661311865323652
23.71708245126285,2.0,109.50000000000001,0.0,1.5,5.0,0.0,0.0,0.365,0.7501110696304594,-0.661311865323652
45.96194077712558,3.0,109.50000000000001,0.0,1.5,5.0,0.0,0.0,0.365,0.7501110696304594,-0.661311865323652
112.12604514563064,0.0,110.0,0.0,1.5,5.0,0.0,0.0,0.36666666666666664,0.7431448254773942,-0.6691306063588582
63.81418337642503,1.0,110.0,0.0,1.5,5.0,0.0,0.0,0.36666666666666664,0.7431448254773942,-0.6691306063588582
23.921747427811372,2.0,110.0,0.0,1.5,5.0,0.0,0.0,0.36666666666666664,0.7431448254773942,-0.6691306063588582
45.521972716480555,3.0,110.0,0.0,1.5,5.0,0.0,0.0,0.36666666666666664,0.7431448254773942,-0.6691306063588582
112.61660623549264,0.0,110.5,0.0,1.5,5.0,0.0,0.0,0.36833333333333335,0.7360970871197344,-0.6768759696826606
64.28452379850067,1.0,110.5,0.0,1.5,5.0,0.0,0.0,0.36833333333333335,0.7360970871197344,-0.6768759696826606
24.13503677229434,2.0,110.5,0.0,1.5,5.0,0.0,0.0,0.36833333333333335,0.7360970871197344,-0.6768759696826606
45.0832563153994,3.0,110.5,0.0,1.5,5.0,0.0,0.0,0.36833333333333335,0.7360970871197344,-0.6768759696826606
113.10724998867227,0.0,111.00000000000001,0.0,1.5,5.0,0.0,0.0,0.37,0.7289686274214114,-0.6845471059286887
64.75530866268805,1.0,111.00000000000001,0.0,1.5,5.0,0.0,0.0,0.37,0.7289686274214114,-0.6845471059286887
24.356723917637208,2.0,111.00000000000001,0.0,1.5,5.0,0.0,0.0,0.37,0.7289686274214114,-0.6845471059286887
44.645828472546,3.0,111.00000000000001,0.0,1.5,5.0,0.0,0.0,0.37,0.7289686274214114,-0.6845471059286887
113.5979753340701,0.0,111.5,0.0,1.5,5.0,0.0,0.0,0.37166666666666665,0.7217602280983623,-0.6921431738704067
65.2265283454516,1.0,111.5,0.0,1.5,5.0,0.0,0.0,0.37166666666666665,0.7217602280983623,-0.6921431738704067
24.586581706288495,2.0,111.5,0.0,1.5,5.0,0.0,0.0,0.37166666666666665,0.7217602280983623,-0.6921431738704067
44.20972743639119,3.0,111.5,0.0,1.5,5.0,0.0,0.0,0.37166666666666665,0.7217602280983623,-0.6921431738704067
114.08878121883853,0.0,112.00000000000001,0.0,1.5,5.0,0.0,0.0,0.37333333333333335,0.7144726796328033,-0.6996633405133654
65.69817349059258,1.0,112.00000000000001,0.0,1.5,5.0,0.0,0.0,0.37333333333333335,0.7144726796328033,-0.6996633405133654
24.824383174612827,2.0,112.00000000000001,0.0,1.5,5.0,0.0,0.0,0.37333333333333335,0.7144726796328033,-0.6996633405133654
43.77499286122156,3.0,112.00000000000001,0.0,1.5,5.0,0.0,0.0,0.37333333333333335,0.7144726796328033,-0.6996633405133654
114.57966660799812,0.0,112.5,0.0,1.5,5.0,0.0,0.0,0.375,0.7071067811865476,-0.7071067811865475
66.17023500033834,1.0,112.5,0.0,1.5,5.0,0.0,0.0,0.375,0.7071067811865476,-0.7071067811865475
25.06990227344335,2.0,112.5,0.0,1.5,5.0,0.0,0.0,0.375,0.7071067811865476,-0.7071067811865475
43.34166586553867,3.0,112.5,0.0,1.5,5.0,0.0,0.0,0.375,0.7071067811865476,-0.7071067811865475
115.070630484064,0.0,113.0,0.0,1.5,5.0,0.0,0.0,0.37666666666666665,0.6996633405133657,-0.7144726796328031
66.6427040267725,1.0,113.0,0.0,1.5,5.0,0.0,0.0,0.37666666666666665,0.6996633405133657,-0.7144726796328031
25.3229145242012,2.0,113.0,0.0,1.5,5.0,0.0,0.0,0.37666666666666665,0.6996633405133657,-0.7144726796328031
42.909789092933096,3.0,113.0,0.0,1.5,5.0,0.0,0.0,0.37666666666666665,0.6996633405133657,-0.7144726796328031
115.56167184668108,0.0,113.50000000000001,0.0,1.5,5.0,0.0,0.0,0.37833333333333335,0.6921431738704068,-0.7217602280983622
67.1155719635913,1.0,113.50000000000001,0.0,1.5,5.0,0.0,0.0,0.37833333333333335,0.6921431738704068,-0.7217602280983622
25.58319761093207,2.0,113.50000000000001,0.0,1.5,5.0,0.0,0.0,0.37833333333333335,0.6921431738704068,-0.7217602280983622
42.479406775518875,3.0,113.50000000000001,0.0,1.5,5.0,0.0,0.0,0.37833333333333335,0.6921431738704068,-0.7217602280983622
116.05278971226845,0.0,114.0,0.0,1.5,5.0,0.0,0.0,0.38,0.6845471059286888,-0.7289686274214113
67.58883043817225,1.0,114.0,0.0,1.5,5.0,0.0,0.0,0.38,0.6845471059286888,-0.7289686274214113
25.85053190942113,2.0,114.0,0.0,1.5,5.0,0.0,0.0,0.38,0.6845471059286888,-0.7289686274214113
42.050564800011905,3.0,114.0,0.0,1.5,5.0,0.0,0.0,0.38,0.6845471059286888,-0.7289686274214113
116.5439831136726,0.0,114.50000000000001,0.0,1.5,5.0,0.0,0.0,0.38166666666666665,0.6768759696826611,-0.736097087119734
68.06247130394254,1.0,114.50000000000001,0.0,1.5,5.0,0.0,0.0,0.38166666666666665,0.6768759696826611,-0.736097087119734
26.12470095522627,2.0,114.50000000000001,0.0,1.5,5.0,0.0,0.0,0.38166666666666665,0.6768759696826611,-0.736097087119734
41.623310776534815,3.0,114.50000000000001,0.0,1.5,5.0,0.0,0.0,0.38166666666666665,0.6768759696826611,-0.736097087119734
117.0352510998289,0.0,115.0,0.0,1.5,5.0,0.0,0.0,0.38333333333333336,0.669130606358858,-0.7431448254773944
68.53648663303365,1.0,115.0,0.0,1.5,5.0,0.0,0.0,0.38333333333333336,0.669130606358858,-0.7431448254773944
26.405491853021786,2.0,115.0,0.0,1.5,5.0,0.0,0.0,0.38333333333333336,0.669130606358858,-0.7431448254773944
41.19769411022904,3.0,115.0,0.0,1.5,5.0,0.0,0.0,0.38333333333333336,0.669130606358858,-0.7431448254773944
117.52659273543158,0.0,115.5,0.0,1.5,5.0,0.0,0.0,0.385,0.6613118653236518,-0.7501110696304595
69.01086870921131,1.0,115.5,0.0,1.5,5.0,0.0,0.0,0.385,0.6613118653236518,-0.7501110696304595
26.692695630078276,2.0,115.5,0.0,1.5,5.0,0.0,0.0,0.385,0.6613118653236518,-0.7501110696304595
40.773766075750224,3.0,115.5,0.0,1.5,5.0,0.0,0.0,0.385,0.6613118653236518,-0.7501110696304595
118.01800710061157,0.0,116.00000000000001,0.0,1.5,5.0,0.0,0.0,0.38666666666666666,0.6534206039901056,-0.7569950556517563
69.48561002106841,1.0,116.00000000000001,0.0,1.5,5.0,0.0,0.0,0.38666666666666666,0.6534206039901056,-0.7569950556517563
26.986107537027276,2.0,116.00000000000001,0.0,1.5,5.0,0.0,0.0,0.38666666666666666,0.6534206039901056,-0.7569950556517563
40.351579894720345,3.0,116.00000000000001,0.0,1.5,5.0,0.0,0.0,0.38666666666666666,0.6534206039901056,-0.7569950556517563
118.50949329062207,0.0,116.5,0.0,1.5,5.0,0.0,0.0,0.3883333333333333,0.6454576877239505,-0.7637960286346421
69.96070325547049,1.0,116.5,0.0,1.5,5.0,0.0,0.0,0.3883333333333333,0.6454576877239505,-0.7637960286346421
27.285527299284507,2.0,116.5,0.0,1.5,5.0,0.0,0.0,0.3883333333333333,0.6454576877239505,-0.7637960286346421
39.931190816202815,3.0,116.5,0.0,1.5,5.0,0.0,0.0,0.3883333333333333,0.6454576877239505,-0.7637960286346421
119.00105041553206,0.0,117.00000000000001,0.0,1.5,5.0,0.0,0.0,0.39,0.6374239897486899,-0.7705132427757891
70.43614129124339,1.0,117.00000000000001,0.0,1.5,5.0,0.0,0.0,0.39,0.6374239897486899,-0.7705132427757891
27.590759322642796,2.0,117.00000000000001,0.0,1.5,5.0,0.0,0.0,0.39,0.6374239897486899,-0.7705132427757891
39.512656200260686,3.0,117.00000000000001,0.0,1.5,5.0,0.0,0.0,0.39,0.6374239897486899,-0.7705132427757891
119.4926775999266,0.0,117.5,0.0,1.5,5.0,0.0,0.0,0.39166666666666666,0.6293203910498374,-0.7771459614569709
70.91191719309245,1.0,117.5,0.0,1.5,5.0,0.0,0.0,0.39166666666666666,0.6293203910498374,-0.7771459614569709
27.90161285660741,2.0,117.5,0.0,1.5,5.0,0.0,0.0,0.39166666666666666,0.6293203910498374,-0.7771459614569709
39.096035604649224,3.0,117.5,0.0,1.5,5.0,0.0,0.0,0.39166666666666666,0.6293203910498374,-0.7771459614569709
119.98437398261493,0.0,118.0,0.0,1.5,5.0,0.0,0.0,0.3933333333333333,0.6211477802783105,-0.7836934573258397
71.38802420574476,1.0,118.0,0.0,1.5,5.0,0.0,0.0,0.3933333333333333,0.6211477802783105,-0.7836934573258397
28.217902119044926,2.0,118.0,0.0,1.5,5.0,0.0,0.0,0.3933333333333333,0.6211477802783105,-0.7836934573258397
38.68139087468288,3.0,118.0,0.0,1.5,5.0,0.0,0.0,0.3933333333333333,0.6211477802783105,-0.7836934573258397
120.476138716345,0.0,118.50000000000001,0.0,1.5,5.0,0.0,0.0,0.395,0.6129070536529768,-0.7901550123756902
71.86445574830441,1.0,118.50000000000001,0.0,1.5,5.0,0.0,0.0,0.395,0.6129070536529768,-0.7901550123756902
28.53944638566068,2.0,118.50000000000001,0.0,1.5,5.0,0.0,0.0,0.395,0.6129070536529768,-0.7901550123756902
38.2687862363049,3.0,118.50000000000001,0.0,1.5,5.0,0.0,0.0,0.395,0.6129070536529768,-0.7901550123756902
120.96797096752512,0.0,119.0,0.0,1.5,5.0,0.0,0.0,0.39666666666666667,0.6045991148623749,-0.7965299180241961
72.34120540881248,1.0,119.0,0.0,1.5,5.0,0.0,0.0,0.39666666666666667,0.6045991148623749,-0.7965299180241961
28.86607004772212,2.0,119.0,0.0,1.5,5.0,0.0,0.0,0.39666666666666667,0.6045991148623749,-0.7965299180241961
37.85828839237189,3.0,119.0,0.0,1.5,5.0,0.0,0.0,0.39666666666666667,0.6045991148623749,-0.7965299180241961
121.45986991595208,0.0,119.50000000000001,0.0,1.5,5.0,0.0,0.0,0.3983333333333333,0.596224874965616,-0.8028174751911143
72.81826693900372,1.0,119.50000000000001,0.0,1.5,5.0,0.0,0.0,0.3983333333333333,0.596224874965616,-0.8028174751911143
29.197602641312876,2.0,119.50000000000001,0.0,1.5,5.0,0.0,0.0,0.3983333333333333,0.596224874965616,-0.8028174751911143
37.449966622148,3.0,119.50000000000001,0.0,1.5,5.0,0.0,0.0,0.3983333333333333,0.596224874965616,-0.8028174751911143
121.95183475454562,0.0,120.0,0.0,1.5,5.0,0.0,0.0,0.4,0.5877852522924732,-0.8090169943749473
73.29563424925117,1.0,120.0,0.0,1.5,5.0,0.0,0.0,0.4,0.5877852522924732,-0.8090169943749473
29.53387885124472,2.0,120.0,0.0,1.5,5.0,0.0,0.0,0.4,0.5877852522924732,-0.8090169943749473
37.04389288398291,3.0,120.0,0.0,1.5,5.0,0.0,0.0,0.4,0.5877852522924732,-0.8090169943749473
122.44386468908927,0.0,120.5,0.0,1.5,5.0,0.0,0.0,0.40166666666666667,0.5792811723426787,-0.8151277957285543
73.7733014036921,1.0,120.5,0.0,1.5,5.0,0.0,0.0,0.40166666666666667,0.5792811723426787,-0.8151277957285543
29.87473849257931,2.0,120.5,0.0,1.5,5.0,0.0,0.0,0.40166666666666667,0.5792811723426787,-0.8151277957285543
36.64014192112252,3.0,120.5,0.0,1.5,5.0,0.0,0.0,0.40166666666666667,0.5792811723426787,-0.8151277957285543
122.93595893797715,0.0,121.00000000000001,0.0,1.5,5.0,0.0,0.0,0.4033333333333333,0.5707135676844317,-0.821149209133704
74.2512626155273,1.0,121.00000000000001,0.0,1.5,5.0,0.0,0.0,0.4033333333333333,0.5707135676844317,-0.821149209133704
30.220026472523163,2.0,121.00000000000001,0.0,1.5,5.0,0.0,0.0,0.4033333333333333,0.5707135676844317,-0.821149209133704
36.23879137057414,3.0,121.00000000000001,0.0,1.5,5.0,0.0,0.0,0.4033333333333333,0.5707135676844317,-0.821149209133704
123.42811673196671,0.0,121.5,0.0,1.5,5.0,0.0,0.0,0.405,0.5620833778521305,-0.8270805742745619
74.7295122424869,1.0,121.5,0.0,1.5,5.0,0.0,0.0,0.405,0.5620833778521305,-0.8270805742745619
30.569592735265545,2.0,121.5,0.0,1.5,5.0,0.0,0.0,0.405,0.5620833778521305,-0.8270805742745619
35.83992187491485,3.0,121.5,0.0,1.5,5.0,0.0,0.0,0.405,0.5620833778521305,-0.8270805742745619
123.92033731393731,0.0,122.00000000000001,0.0,1.5,5.0,0.0,0.0,0.4066666666666667,0.5533915492433441,-0.8329212407100994
75.20804478245662,1.0,122.00000000000001,0.0,1.5,5.0,0.0,0.0,0.4066666666666667,0.5533915492433441,-0.8329212407100994
30.923292192132465,2.0,122.00000000000001,0.0,1.5,5.0,0.0,0.0,0.4066666666666667,0.5533915492433441,-0.8329212407100994
35.44361719689455,3.0,122.00000000000001,0.0,1.5,5.0,0.0,0.0,0.4066666666666667,0.5533915492433441,-0.8329212407100994
124.41261993865413,0.0,122.5,0.0,1.5,5.0,0.0,0.0,0.4083333333333333,0.5446390350150273,-0.8386705679454239
75.68685486925719,1.0,122.5,0.0,1.5,5.0,0.0,0.0,0.4083333333333333,0.5446390350150273,-0.8386705679454239
31.280984639234106,2.0,122.5,0.0,1.5,5.0,0.0,0.0,0.4083333333333333,0.5446390350150273,-0.8386705679454239
35.04996433664377,3.0,122.5,0.0,1.5,5.0,0.0,0.0,0.4083333333333333,0.5446390350150273,-0.8386705679454239
124.9049638725379,0.0,123.0,0.0,1.5,5.0,0.0,0.0,0.41,0.5358267949789967,-0.8443279255020151
76.16593726857171,1.0,123.0,0.0,1.5,5.0,0.0,0.0,0.41,0.5358267949789967,-0.8443279255020151
31.64253466459348,2.0,123.0,0.0,1.5,5.0,0.0,0.0,0.41,0.5358267949789967,-0.8443279255020151
34.659053651246744,3.0,123.0,0.0,1.5,5.0,0.0,0.0,0.41,0.5358267949789967,-0.8443279255020151
125.39736839343959,0.0,123.50000000000001,0.0,1.5,5.0,0.0,0.0,0.4116666666666667,0.5269557954966777,-0.8498926929868638
76.64528687401464,1.0,123.50000000000001,0.0,1.5,5.0,0.0,0.0,0.4116666666666667,0.5269557954966777,-0.8498926929868638
32.00781154655846,2.0,123.50000000000001,0.0,1.5,5.0,0.0,0.0,0.4116666666666667,0.5269557954966777,-0.8498926929868638
34.270978976387575,3.0,123.50000000000001,0.0,1.5,5.0,0.0,0.0,0.4116666666666667,0.5269557954966777,-0.8498926929868638
125.88983279042037,0.0,124.0,0.0,1.5,5.0,0.0,0.0,0.41333333333333333,0.5180270093731302,-0.8553642601605066
77.12489870333704,1.0,124.0,0.0,1.5,5.0,0.0,0.0,0.41333333333333333,0.5180270093731302,-0.8553642601605066
32.37668914512415,2.0,124.0,0.0,1.5,5.0,0.0,0.0,0.41333333333333333,0.5180270093731302,-0.8553642601605066
33.88583774971485,3.0,124.0,0.0,1.5,5.0,0.0,0.0,0.41333333333333333,0.5180270093731302,-0.8553642601605066
126.38235636353677,0.0,124.50000000000001,0.0,1.5,5.0,0.0,0.0,0.415,0.5090414157503714,-0.8607420270039435
77.60476789476277,1.0,124.50000000000001,0.0,1.5,5.0,0.0,0.0,0.415,0.5090414157503714,-0.8607420270039435
32.74904578762564,2.0,124.50000000000001,0.0,1.5,5.0,0.0,0.0,0.415,0.5090414157503714,-0.8607420270039435
33.5037311355019,3.0,124.50000000000001,0.0,1.5,5.0,0.0,0.0,0.415,0.5090414157503714,-0.8607420270039435
126.87493842363038,0.0,125.0,0.0,1.5,5.0,0.0,0.0,0.4166666666666667,0.5000000000000003,-0.8660254037844385
78.08488970345032,1.0,125.0,0.0,1.5,5.0,0.0,0.0,0.4166666666666667,0.5000000000000003,-0.8660254037844385
33.12476415010377,2.0,125.0,0.0,1.5,5.0,0.0,0.0,0.4166666666666667,0.5000000000000003,-0.8660254037844385
33.12476415010377,3.0,125.0,0.0,1.5,5.0,0.0,0.0,0.4166666666666667,0.5000000000000003,-0.8660254037844385
127.36757829212267,0.0,125.5,0.0,1.5,5.0,0.0,0.0,0.41833333333333333,0.4909037536151406,-0.8712138111201896
78.56525949807586,1.0,125.5,0.0,1.5,5.0,0.0,0.0,0.41833333333333333,0.4909037536151406,-0.8712138111201896
33.50373113550191,2.0,125.5,0.0,1.5,5.0,0.0,0.0,0.41833333333333333,0.4909037536151406,-0.8712138111201896
32.74904578762563,3.0,125.5,0.0,1.5,5.0,0.0,0.0,0.41833333333333333,0.4909037536151406,-0.8712138111201896
127.86027530081422,0.0,126.00000000000001,0.0,1.5,5.0,0.0,0.0,0.42,0.4817536741017152,-0.8763066800438636
79.0458727575324,1.0,126.00000000000001,0.0,1.5,5.0,0.0,0.0,0.42,0.4817536741017152,-0.8763066800438636
33.88583774971487,2.0,126.00000000000001,0.0,1.5,5.0,0.0,0.0,0.42,0.4817536741017152,-0.8763066800438636
32.37668914512414,3.0,126.00000000000001,0.0,1.5,5.0,0.0,0.0,0.42,0.4817536741017152,-0.8763066800438636
128.35302879168844,0.0,126.5,0.0,1.5,5.0,0.0,0.0,0.4216666666666667,0.4725507648690541,-0.8813034520649922
79.5267250677406,1.0,126.5,0.0,1.5,5.0,0.0,0.0,0.4216666666666667,0.4725507648690541,-0.8813034520649922
34.27097897638759,2.0,126.5,0.0,1.5,5.0,0.0,0.0,0.4216666666666667,0.4725507648690541,-0.8813034520649922
32.00781154655844,3.0,126.5,0.0,1.5,5.0,0.0,0.0,0.4216666666666667,0.4725507648690541,-0.8813034520649922
128.84583811671996,0.0,127.00000000000001,0.0,1.5,5.0,0.0,0.0,0.42333333333333334,0.4632960351198616,-0.8862035792312147
80.00781211856753,1.0,127.00000000000001,0.0,1.5,5.0,0.0,0.0,0.42333333333333334,0.4632960351198616,-0.8862035792312147
34.65905365124675,2.0,127.00000000000001,0.0,1.5,5.0,0.0,0.0,0.42333333333333334,0.4632960351198616,-0.8862035792312147
31.64253466459347,3.0,127.00000000000001,0.0,1.5,5.0,0.0,0.0,0.42333333333333334,0.4632960351198616,-0.8862035792312147
129.3387026376869,0.0,127.5,0.0,1.5,5.0,0.0,0.0,0.425,0.45399049973954686,-0.8910065241883678
80.48912970084842,1.0,127.5,0.0,1.5,5.0,0.0,0.0,0.425,0.45399049973954686,-0.8910065241883678
35.04996433664377,2.0,127.5,0.0,1.5,5.0,0.0,0.0,0.425,0.45399049973954686,-0.8910065241883678
31.280984639234106,3.0,127.5,0.0,1.5,5.0,0.0,0.0,0.425,0.45399049973954686,-0.8910065241883678
129.83162172598784,0.0,128.0,0.0,1.5,5.0,0.0,0.0,0.4266666666666667,0.4446351791849278,-0.8957117602394127
80.97067370350824,1.0,128.0,0.0,1.5,5.0,0.0,0.0,0.4266666666666667,0.4446351791849278,-0.8957117602394127
35.443617196894564,2.0,128.0,0.0,1.5,5.0,0.0,0.0,0.4266666666666667,0.4446351791849278,-0.8957117602394127
30.923292192132454,3.0,128.0,0.0,1.5,5.0,0.0,0.0,0.4266666666666667,0.4446351791849278,-0.8957117602394127
130.32459476246223,0.0,128.5,0.0,1.5,5.0,0.0,0.0,0.42833333333333334,0.43523109937232757,-0.9003187714021935
81.45244011077875,1.0,128.5,0.0,1.5,5.0,0.0,0.0,0.42833333333333334,0.43523109937232757,-0.9003187714021935
35.83992187491485,2.0,128.5,0.0,1.5,5.0,0.0,0.0,0.42833333333333334,0.43523109937232757,-0.9003187714021935
30.569592735265545,3.0,128.5,0.0,1.5,5.0,0.0,0.0,0.42833333333333334,0.43523109937232757,-0.9003187714021935
130.8176211372153,0.0,129.0,0.0,1.5,5.0,0.0,0.0,0.43,0.4257792915650729,-0.9048270524660194
81.934424999508,1.0,129.0,0.0,1.5,5.0,0.0,0.0,0.43,0.4257792915650729,-0.9048270524660194
36.238791370574155,2.0,129.0,0.0,1.5,5.0,0.0,0.0,0.43,0.4257792915650729,-0.9048270524660194
30.220026472523152,3.0,129.0,0.0,1.5,5.0,0.0,0.0,0.43,0.4257792915650729,-0.9048270524660194
131.31070024944654,0.0,129.5,0.0,1.5,5.0,0.0,0.0,0.43166666666666664,0.4162807922604012,-0.9092361090470685
82.41662453655816,1.0,129.5,0.0,1.5,5.0,0.0,0.0,0.43166666666666664,0.4162807922604012,-0.9092361090470685
36.64014192112252,2.0,129.5,0.0,1.5,5.0,0.0,0.0,0.43166666666666664,0.4162807922604012,-0.9092361090470685
29.87473849257931,3.0,129.5,0.0,1.5,5.0,0.0,0.0,0.43166666666666664,0.4162807922604012,-0.9092361090470685
131.80383150728207,0.0,130.0,0.0,1.5,5.0,0.0,0.0,0.43333333333333335,0.40673664307580043,-0.9135454576426008
82.89903497628907,1.0,130.0,0.0,1.5,5.0,0.0,0.0,0.43333333333333335,0.40673664307580043,-0.9135454576426008
37.04389288398291,2.0,130.0,0.0,1.5,5.0,0.0,0.0,0.43333333333333335,0.40673664307580043,-0.9135454576426008
29.53387885124472,3.0,130.0,0.0,1.5,5.0,0.0,0.0,0.43333333333333335,0.40673664307580043,-0.9135454576426008
132.29701432761058,0.0,130.5,0.0,1.5,5.0,0.0,0.0,0.435,0.39714789063478106,-0.9177546256839809
83.38165265812378,1.0,130.5,0.0,1.5,5.0,0.0,0.0,0.435,0.39714789063478106,-0.9177546256839809
37.44996662214801,2.0,130.5,0.0,1.5,5.0,0.0,0.0,0.435,0.39714789063478106,-0.9177546256839809
29.197602641312866,3.0,130.5,0.0,1.5,5.0,0.0,0.0,0.435,0.39714789063478106,-0.9177546256839809
132.79024813592298,0.0,131.0,0.0,1.5,5.0,0.0,0.0,0.43666666666666665,0.38751558645210277,-0.9218631515885006
83.86447400419321,1.0,131.0,0.0,1.5,5.0,0.0,0.0,0.43666666666666665,0.38751558645210277,-0.9218631515885006
37.85828839237189,2.0,131.0,0.0,1.5,5.0,0.0,0.0,0.43666666666666665,0.38751558645210277,-0.9218631515885006
28.86607004772212,3.0,131.0,0.0,1.5,5.0,0.0,0.0,0.43666666666666665,0.38751558645210277,-0.9218631515885006
133.2835323661554,0.0,131.5,0.0,1.5,5.0,0.0,0.0,0.43833333333333335,0.3778407868184671,-0.9258705848099947
84.3474955170573,1.0,131.5,0.0,1.5,5.0,0.0,0.0,0.43833333333333335,0.3778407868184671,-0.9258705848099947
38.268786236304905,2.0,131.5,0.0,1.5,5.0,0.0,0.0,0.43833333333333335,0.3778407868184671,-0.9258705848099947
28.53944638566067,3.0,131.5,0.0,1.5,5.0,0.0,0.0,0.43833333333333335,0.3778407868184671,-0.9258705848099947
133.7768664605357,0.0,132.0,0.0,1.5,5.0,0.0,0.0,0.44,0.36812455268467814,-0.9297764858882513
84.83071377749924,1.0,132.0,0.0,1.5,5.0,0.0,0.0,0.44,0.36812455268467814,-0.9297764858882513
38.68139087468288,2.0,132.0,0.0,1.5,5.0,0.0,0.0,0.44,0.36812455268467814,-0.9297764858882513
28.217902119044926,3.0,132.0,0.0,1.5,5.0,0.0,0.0,0.44,0.36812455268467814,-0.9297764858882513
134.27024986943312,0.0,132.5,0.0,1.5,5.0,0.0,0.0,0.44166666666666665,0.3583679495453002,-0.9335804264972017
85.31412544239085,1.0,132.5,0.0,1.5,5.0,0.0,0.0,0.44166666666666665,0.3583679495453002,-0.9335804264972017
39.096035604649224,2.0,132.5,0.0,1.5,5.0,0.0,0.0,0.44166666666666665,0.3583679495453002,-0.9335804264972017
27.90161285660741,3.0,132.5,0.0,1.5,5.0,0.0,0.0,0.44166666666666665,0.3583679495453002,-0.9335804264972017
134.76368205121142,0.0,133.0,0.0,1.5,5.0,0.0,0.0,0.44333333333333336,0.34857204732181535,-0.9372819894918915
85.79772724262573,1.0,133.0,0.0,1.5,5.0,0.0,0.0,0.44333333333333336,0.34857204732181535,-0.9372819894918915
39.51265620026069,2.0,133.0,0.0,1.5,5.0,0.0,0.0,0.44333333333333336,0.34857204732181535,-0.9372819894918915
27.59075932264279,3.0,133.0,0.0,1.5,5.0,0.0,0.0,0.44333333333333336,0.34857204732181535,-0.9372819894918915
135.257162472085,0.0,133.5,0.0,1.5,5.0,0.0,0.0,0.445,0.3387379202452913,-0.9408807689542255
86.28151598111846,1.0,133.5,0.0,1.5,5.0,0.0,0.0,0.445,0.3387379202452913,-0.9408807689542255
39.931190816202815,2.0,133.5,0.0,1.5,5.0,0.0,0.0,0.445,0.3387379202452913,-0.9408807689542255
27.285527299284507,3.0,133.5,0.0,1.5,5.0,0.0,0.0,0.445,0.3387379202452913,-0.9408807689542255
135.75069060597812,0.0,134.0,0.0,1.5,5.0,0.0,0.0,0.44666666666666666,0.3288666467385834,-0.944376370237481
86.76548853086693,1.0,134.0,0.0,1.5,5.0,0.0,0.0,0.44666666666666666,0.3288666467385834,-0.944376370237481
40.35157989472035,2.0,134.0,0.0,1.5,5.0,0.0,0.0,0.44666666666666666,0.3288666467385834,-0.944376370237481
26.98610753702727,3.0,134.0,0.0,1.5,5.0,0.0,0.0,0.44666666666666666,0.3288666467385834,-0.944376370237481
136.24426593438713,0.0,134.5,0.0,1.5,5.0,0.0,0.0,0.4483333333333333,0.3189593092980703,-0.9477684100095856
87.24964183307574,1.0,134.5,0.0,1.5,5.0,0.0,0.0,0.4483333333333333,0.3189593092980703,-0.9477684100095856
40.773766075750224,2.0,134.5,0.0,1.5,5.0,0.0,0.0,0.4483333333333333,0.3189593092980703,-0.9477684100095856
26.692695630078276,3.0,134.5,0.0,1.5,5.0,0.0,0.0,0.4483333333333333,0.3189593092980703,-0.9477684100095856
136.73788794624554,0.0,135.0,0.0,1.5,5.0,0.0,0.0,0.45,0.3090169943749475,-0.9510565162951535
87.73397289533855,1.0,135.0,0.0,1.5,5.0,0.0,0.0,0.45,0.3090169943749475,-0.9510565162951535
41.19769411022904,2.0,135.0,0.0,1.5,5.0,0.0,0.0,0.45,0.3090169943749475,-0.9510565162951535
26.405491853021786,3.0,135.0,0.0,1.5,5.0,0.0,0.0,0.45,0.3090169943749475,-0.9510565162951535
137.23155613779215,0.0,135.5,0.0,1.5,5.0,0.0,0.0,0.45166666666666666,0.299040792256087,-0.9542403285162768
88.21847878987712,1.0,135.5,0.0,1.5,5.0,0.0,0.0,0.45166666666666666,0.299040792256087,-0.9542403285162768
41.62331077653482,2.0,135.5,0.0,1.5,5.0,0.0,0.0,0.45166666666666666,0.299040792256087,-0.9542403285162768
26.124700955226263,3.0,135.5,0.0,1.5,5.0,0.0,0.0,0.45166666666666666,0.299040792256087,-0.9542403285162768
137.7252700124418,0.0,136.0,0.0,1.5,5.0,0.0,0.0,0.4533333333333333,0.2890317969444717,-0.9573194975320672
88.70315665183512,1.0,136.0,0.0,1.5,5.0,0.0,0.0,0.4533333333333333,0.2890317969444717,-0.9573194975320672
42.050564800011905,2.0,136.0,0.0,1.5,5.0,0.0,0.0,0.4533333333333333,0.2890317969444717,-0.9573194975320672
25.85053190942113,3.0,136.0,0.0,1.5,5.0,0.0,0.0,0.4533333333333333,0.2890317969444717,-0.9573194975320672
138.2190290806588,0.0,136.5,0.0,1.5,5.0,0.0,0.0,0.455,0.2789911060392291,-0.9602936856769431
89.18800367762472,1.0,136.5,0.0,1.5,5.0,0.0,0.0,0.455,0.2789911060392291,-0.9602936856769431
42.47940677551889,2.0,136.5,0.0,1.5,5.0,0.0,0.0,0.455,0.2789911060392291,-0.9602936856769431
25.583197610932064,3.0,136.5,0.0,1.5,5.0,0.0,0.0,0.455,0.2789911060392291,-0.9602936856769431
138.71283285983313,0.0,137.0,0.0,1.5,5.0,0.0,0.0,0.45666666666666667,0.26891982061526576,-0.9631625667976581
89.67301712332423,1.0,137.0,0.0,1.5,5.0,0.0,0.0,0.45666666666666667,0.26891982061526576,-0.9631625667976581
42.909789092933096,2.0,137.0,0.0,1.5,5.0,0.0,0.0,0.45666666666666667,0.26891982061526576,-0.9631625667976581
25.3229145242012,3.0,137.0,0.0,1.5,5.0,0.0,0.0,0.45666666666666667,0.26891982061526576,-0.9631625667976581
139.2066808741592,0.0,137.5,0.0,1.5,5.0,0.0,0.0,0.4583333333333333,0.2588190451025206,-0.9659258262890683
90.15819430312477,1.0,137.5,0.0,1.5,5.0,0.0,0.0,0.4583333333333333,0.2588190451025206,-0.9659258262890683
43.34166586553867,2.0,137.5,0.0,1.5,5.0,0.0,0.0,0.4583333333333333,0.2588190451025206,-0.9659258262890683
25.06990227344335,3.0,137.5,0.0,1.5,5.0,0.0,0.0,0.4583333333333333,0.2588190451025206,-0.9659258262890683
139.70057265451706,0.0,138.0,0.0,1.5,5.0,0.0,0.0,0.46,0.24868988716485482,-0.9685831611286311
90.6435325878245,1.0,138.0,0.0,1.5,5.0,0.0,0.0,0.46,0.24868988716485482,-0.9685831611286311
43.77499286122158,2.0,138.0,0.0,1.5,5.0,0.0,0.0,0.46,0.24868988716485482,-0.9685831611286311
24.82438317461282,3.0,138.0,0.0,1.5,5.0,0.0,0.0,0.46,0.24868988716485482,-0.9685831611286311
140.19450773835615,0.0,138.5,0.0,1.5,5.0,0.0,0.0,0.46166666666666667,0.2385334575785811,-0.971134279909636
91.12902940336849,1.0,138.5,0.0,1.5,5.0,0.0,0.0,0.46166666666666667,0.2385334575785811,-0.971134279909636
44.20972743639119,2.0,138.5,0.0,1.5,5.0,0.0,0.0,0.46166666666666667,0.2385334575785811,-0.971134279909636
24.586581706288495,3.0,138.5,0.0,1.5,5.0,0.0,0.0,0.46166666666666667,0.2385334575785811,-0.971134279909636
140.68848566958135,0.0,139.0,0.0,1.5,5.0,0.0,0.0,0.4633333333333333,0.22835087011065575,-0.9735789028731603
91.61468222943307,1.0,139.0,0.0,1.5,5.0,0.0,0.0,0.4633333333333333,0.22835087011065575,-0.9735789028731603
44.64582847254601,2.0,139.0,0.0,1.5,5.0,0.0,0.0,0.4633333333333333,0.22835087011065575,-0.9735789028731603
24.3567239176372,3.0,139.0,0.0,1.5,5.0,0.0,0.0,0.4633333333333333,0.22835087011065575,-0.9735789028731603
141.1825059984416,0.0,139.5,0.0,1.5,5.0,0.0,0.0,0.465,0.21814324139654276,-0.9759167619387473
92.10048859805251,1.0,139.5,0.0,1.5,5.0,0.0,0.0,0.465,0.21814324139654276,-0.9759167619387473
45.0832563153994,2.0,139.5,0.0,1.5,5.0,0.0,0.0,0.465,0.21814324139654276,-0.9759167619387473
24.13503677229434,3.0,139.5,0.0,1.5,5.0,0.0,0.0,0.465,0.21814324139654276,-0.9759167619387473
141.6765682814205,0.0,140.0,0.0,1.5,5.0,0.0,0.0,0.4666666666666667,0.20791169081775973,-0.9781476007338056
92.58644609228718,1.0,140.0,0.0,1.5,5.0,0.0,0.0,0.4666666666666667,0.20791169081775973,-0.9781476007338056
45.521972716480555,2.0,140.0,0.0,1.5,5.0,0.0,0.0,0.4666666666666667,0.20791169081775973,-0.9781476007338056
23.921747427811372,3.0,140.0,0.0,1.5,5.0,0.0,0.0,0.4666666666666667,0.20791169081775973,-0.9781476007338056
142.1706720811293,0.0,140.5,0.0,1.5,5.0,0.0,0.0,0.4683333333333333,0.19765734037912633,-0.9802711746217218
93.07255234493142,1.0,140.5,0.0,1.5,5.0,0.0,0.0,0.4683333333333333,0.19765734037912633,-0.9802711746217218
45.96194077712559,2.0,140.5,0.0,1.5,5.0,0.0,0.0,0.4683333333333333,0.19765734037912633,-0.9802711746217218
23.717082451262844,3.0,140.5,0.0,1.5,5.0,0.0,0.0,0.4683333333333333,0.19765734037912633,-0.9802711746217218
142.6648169662023,0.0,141.0,0.0,1.5,5.0,0.0,0.0,0.47,0.18738131458572502,-0.9822872507286886
93.55880503725986,1.0,141.0,0.0,1.5,5.0,0.0,0.0,0.47,0.18738131458572502,-0.9822872507286886
46.40312489477406,2.0,141.0,0.0,1.5,5.0,0.0,0.0,0.47,0.18738131458572502,-0.9822872507286886
23.521266972678152,3.0,141.0,0.0,1.5,5.0,0.0,0.0,0.47,0.18738131458572502,-0.9822872507286886
143.15900251119382,0.0,141.5,0.0,1.5,5.0,0.0,0.0,0.4716666666666667,0.17708474031958343,-0.9841956079692419
94.04520189781083,1.0,141.5,0.0,1.5,5.0,0.0,0.0,0.4716666666666667,0.17708474031958343,-0.9841956079692419
46.84549071148684,2.0,141.5,0.0,1.5,5.0,0.0,0.0,0.4716666666666667,0.17708474031958343,-0.9841956079692419
23.33452377915607,3.0,141.5,0.0,1.5,5.0,0.0,0.0,0.4716666666666667,0.17708474031958343,-0.9841956079692419
143.6532282964779,0.0,142.0,0.0,1.5,5.0,0.0,0.0,0.47333333333333333,0.16676874671610217,-0.985996037070505
94.53174070120575,1.0,142.0,0.0,1.5,5.0,0.0,0.0,0.47333333333333333,0.16676874671610217,-0.985996037070505
47.28900506460249,2.0,142.0,0.0,1.5,5.0,0.0,0.0,0.47333333333333333,0.16676874671610217,-0.985996037070505
23.157072353818823,3.0,142.0,0.0,1.5,5.0,0.0,0.0,0.47333333333333333,0.16676874671610217,-0.985996037070505
144.1474939081495,0.0,142.5,0.0,1.5,5.0,0.0,0.0,0.475,0.15643446504023098,-0.9876883405951377
95.01841926700317,1.0,142.5,0.0,1.5,5.0,0.0,0.0,0.475,0.15643446504023098,-0.9876883405951377
47.733635939450494,2.0,142.5,0.0,1.5,5.0,0.0,0.0,0.475,0.15643446504023098,-0.9876883405951377
22.9891278651453,3.0,142.5,0.0,1.5,5.0,0.0,0.0,0.475,0.15643446504023098,-0.9876883405951377
144.64179893792803,0.0,143.0,0.0,1.5,5.0,0.0,0.0,0.4766666666666667,0.14608302856241148,-0.9892723329629883
95.50523545858624,1.0,143.0,0.0,1.5,5.0,0.0,0.0,0.4766666666666667,0.14608302856241148,-0.9892723329629883
48.17935242404157,2.0,143.0,0.0,1.5,5.0,0.0,0.0,0.4766666666666667,0.14608302856241148,-0.9892723329629883
22.830900113661748,3.0,143.0,0.0,1.5,5.0,0.0,0.0,0.4766666666666667,0.14608302856241148,-0.9892723329629883
145.13614298306263,0.0,143.5,0.0,1.5,5.0,0.0,0.0,0.47833333333333333,0.13571557243430446,-0.9907478404714436
95.99218718208269,1.0,143.5,0.0,1.5,5.0,0.0,0.0,0.47833333333333333,0.13571557243430446,-0.9907478404714436
48.62612466565683,2.0,143.5,0.0,1.5,5.0,0.0,0.0,0.47833333333333333,0.13571557243430446,-0.9907478404714436
22.68259244442751,3.0,143.5,0.0,1.5,5.0,0.0,0.0,0.47833333333333333,0.13571557243430446,-0.9907478404714436
145.63052564623942,0.0,144.0,0.0,1.5,5.0,0.0,0.0,0.48,0.12533323356430454,-0.9921147013144778
96.47927238531601,1.0,144.0,0.0,1.5,5.0,0.0,0.0,0.48,0.12533323356430454,-0.9921147013144778
49.073923829259876,2.0,144.0,0.0,1.5,5.0,0.0,0.0,0.48,0.12533323356430454,-0.9921147013144778
22.544400635190993,3.0,144.0,0.0,1.5,5.0,0.0,0.0,0.48,0.12533323356430454,-0.9921147013144778
146.12494653549064,0.0,144.5,0.0,1.5,5.0,0.0,0.0,0.4816666666666667,0.11493715049286667,-0.9933727656003964
96.96648905678704,1.0,144.5,0.0,1.5,5.0,0.0,0.0,0.4816666666666667,0.11493715049286667,-0.9933727656003964
49.52272205765753,2.0,144.5,0.0,1.5,5.0,0.0,0.0,0.4816666666666667,0.11493715049286667,-0.9933727656003964
22.416511771459895,3.0,144.5,0.0,1.5,5.0,0.0,0.0,0.4816666666666667,0.11493715049286667,-0.9933727656003964
146.61940526410547,0.0,145.0,0.0,1.5,5.0,0.0,0.0,0.48333333333333334,0.10452846326765373,-0.9945218953682733
97.45383522468472,1.0,145.0,0.0,1.5,5.0,0.0,0.0,0.48333333333333334,0.10452846326765373,-0.9945218953682733
49.97249243333776,2.0,145.0,0.0,1.5,5.0,0.0,0.0,0.48333333333333334,0.10452846326765373,-0.9945218953682733
22.299103120977758,3.0,145.0,0.0,1.5,5.0,0.0,0.0,0.48333333333333334,0.10452846326765373,-0.9945218953682733
147.11390145054273,0.0,145.5,0.0,1.5,5.0,0.0,0.0,0.485,0.09410831331851435,-0.99556196460308
97.94130895592524,1.0,145.5,0.0,1.5,5.0,0.0,0.0,0.485,0.09410831331851435,-0.99556196460308
50.42320894191484,2.0,145.5,0.0,1.5,5.0,0.0,0.0,0.485,0.09410831331851435,-0.99556196460308
22.192341021172147,3.0,145.5,0.0,1.5,5.0,0.0,0.0,0.485,0.09410831331851435,-0.99556196460308
147.60843471834528,0.0,146.0,0.0,1.5,5.0,0.0,0.0,0.4866666666666667,0.08367784333231573,-0.9964928592495044
98.42890835521848,1.0,146.0,0.0,1.5,5.0,0.0,0.0,0.4866666666666667,0.08367784333231573,-0.9964928592495044
50.87484643711468,2.0,146.0,0.0,1.5,5.0,0.0,0.0,0.4866666666666667,0.08367784333231573,-0.9964928592495044
22.096379793984354,3.0,146.0,0.0,1.5,5.0,0.0,0.0,0.4866666666666667,0.08367784333231573,-0.9964928592495044
148.10300469605605,0.0,146.5,0.0,1.5,5.0,0.0,0.0,0.48833333333333334,0.07323819712763213,-0.9973144772244581
98.91663156416114,1.0,146.5,0.0,1.5,5.0,0.0,0.0,0.48833333333333334,0.07323819712763213,-0.9973144772244581
51.327380607235355,2.0,146.5,0.0,1.5,5.0,0.0,0.0,0.48833333333333334,0.07323819712763213,-0.9973144772244581
22.01136070305514,3.0,146.5,0.0,1.5,5.0,0.0,0.0,0.48833333333333334,0.07323819712763213,-0.9973144772244581
148.5976110171358,0.0,147.0,0.0,1.5,5.0,0.0,0.0,0.49,0.06279051952931314,-0.9980267284282716
99.40447676035521,1.0,147.0,0.0,1.5,5.0,0.0,0.0,0.49,0.06279051952931314,-0.9980267284282716
51.780787943019945,2.0,147.0,0.0,1.5,5.0,0.0,0.0,0.49,0.06279051952931314,-0.9980267284282716
21.937410968480304,3.0,147.0,0.0,1.5,5.0,0.0,0.0,0.49,0.06279051952931314,-0.9980267284282716
149.09225331988245,0.0,147.5,0.0,1.5,5.0,0.0,0.0,0.49166666666666664,0.05233595624294381,-0.9986295347545738
99.89244215655157,1.0,147.5,0.0,1.5,5.0,0.0,0.0,0.49166666666666664,0.05233595624294381,-0.9986295347545738
52.23504570688151,2.0,147.5,0.0,1.5,5.0,0.0,0.0,0.49166666666666664,0.05233595624294381,-0.9986295347545738
21.874642854227357,3.0,147.5,0.0,1.5,5.0,0.0,0.0,0.49166666666666664,0.05233595624294381,-0.9986295347545738
149.58693124735194,0.0,148.0,0.0,1.5,5.0,0.0,0.0,0.49333333333333335,0.04187565372919981,-0.9991228300988584
100.38052599981731,1.0,148.0,0.0,1.5,5.0,0.0,0.0,0.49333333333333335,0.04187565372919981,-0.9991228300988584
52.690131903421914,2.0,148.0,0.0,1.5,5.0,0.0,0.0,0.49333333333333335,0.04187565372919981,-0.9991228300988584
21.823152842795196,3.0,148.0,0.0,1.5,5.0,0.0,0.0,0.49333333333333335,0.04187565372919981,-0.9991228300988584
150.08164444728075,0.0,148.5,0.0,1.5,5.0,0.0,0.0,0.495,0.031410759078128236,-0.9995065603657316
100.86872657072657,1.0,148.5,0.0,1.5,5.0,0.0,0.0,0.495,0.031410759078128236,-0.9995065603657316
53.146025251188824,2.0,148.5,0.0,1.5,5.0,0.0,0.0,0.495,0.031410759078128236,-0.9995065603657316
21.783020910791965,3.0,148.5,0.0,1.5,5.0,0.0,0.0,0.495,0.031410759078128236,-0.9995065603657316
150.57639257200978,0.0,149.0,0.0,1.5,5.0,0.0,0.0,0.49666666666666665,0.02094241988335711,-0.9997806834748455
101.35704218257358,1.0,149.0,0.0,1.5,5.0,0.0,0.0,0.49666666666666665,0.02094241988335711,-0.9997806834748455
53.60270515561691,2.0,149.0,0.0,1.5,5.0,0.0,0.0,0.49666666666666665,0.02094241988335711,-0.9997806834748455
21.754309917807092,3.0,149.0,0.0,1.5,5.0,0.0,0.0,0.49666666666666665,0.02094241988335711,-0.9997806834748455
151.07117527840975,0.0,149.5,0.0,1.5,5.0,0.0,0.0,0.49833333333333335,0.010471784116245709,-0.9999451693655121
101.84547118060773,1.0,149.5,0.0,1.5,5.0,0.0,0.0,0.49833333333333335,0.010471784116245709,-0.9999451693655121
54.060151683102035,2.0,149.5,0.0,1.5,5.0,0.0,0.0,0.49833333333333335,0.010471784116245709,-0.9999451693655121
21.737065119284157,3.0,149.5,0.0,1.5,5.0,0.0,0.0,0.49833333333333335,0.010471784116245709,-0.9999451693655121
151.56599222780815,0.0,150.0,0.0,1.5,5.0,0.0,0.0,0.5,1.2246467991473532e-16,-1.0
102.33401194128959,1.0,150.0,0.0,1.5,5.0,0.0,0.0,0.5,1.2246467991473532e-16,-1.0
54.51834553615874,2.0,150.0,0.0,1.5,5.0,0.0,0.0,0.5,1.2246467991473532e-16,-1.0
21.73131381210073,3.0,150.0,0.0,1.5,5.0,0.0,0.0,0.5,1.2246467991473532e-16,-1.0
152.0608430859174,0.0,150.5,0.0,1.5,5.0,0.0,0.0,0.5016666666666667,-0.010471784116245463,-0.9999451693655121
102.82266287156737,1.0,150.5,0.0,1.5,5.0,0.0,0.0,0.5016666666666667,-0.010471784116245463,-0.9999451693655121
54.97726802961384,2.0,150.5,0.0,1.5,5.0,0.0,0.0,0.5016666666666667,-0.010471784116245463,-0.9999451693655121
21.737065119284157,3.0,150.5,0.0,1.5,5.0,0.0,0.0,0.5016666666666667,-0.010471784116245463,-0.9999451693655121
152.5557275227646,0.0,151.0,0.0,1.5,5.0,0.0,0.0,0.5033333333333333,-0.020942419883356867,-0.9997806834748455
103.31142240817324,1.0,151.0,0.0,1.5,5.0,0.0,0.0,0.5033333333333333,-0.020942419883356867,-0.9997806834748455
55.43690106779058,2.0,151.0,0.0,1.5,5.0,0.0,0.0,0.5033333333333333,-0.020942419883356867,-0.9997806834748455
21.754309917807092,3.0,151.0,0.0,1.5,5.0,0.0,0.0,0.5033333333333333,-0.020942419883356867,-0.9997806834748455
153.05064521262236,0.0,151.5,0.0,1.5,5.0,0.0,0.0,0.505,-0.031410759078127994,-0.9995065603657316
103.80028901693868,1.0,151.5,0.0,1.5,5.0,0.0,0.0,0.505,-0.031410759078127994,-0.9995065603657316
55.89722712263999,2.0,151.5,0.0,1.5,5.0,0.0,0.0,0.505,-0.031410759078127994,-0.9995065603657316
21.783020910791965,3.0,151.5,0.0,1.5,5.0,0.0,0.0,0.505,-0.031410759078127994,-0.9995065603657316
153.54559583394112,0.0,152.0,0.0,1.5,5.0,0.0,0.0,0.5066666666666667,-0.041875653729199123,-0.9991228300988584
104.2892611921285,1.0,152.0,0.0,1.5,5.0,0.0,0.0,0.5066666666666667,-0.041875653729199123,-0.9991228300988584
56.35822921277779,2.0,152.0,0.0,1.5,5.0,0.0,0.0,0.5066666666666667,-0.041875653729199123,-0.9991228300988584
21.823152842795196,3.0,152.0,0.0,1.5,5.0,0.0,0.0,0.5066666666666667,-0.041875653729199123,-0.9991228300988584
154.0405790692829,0.0,152.5,0.0,1.5,5.0,0.0,0.0,0.5083333333333333,-0.052335956242944,-0.9986295347545738
104.77833745579284,1.0,152.5,0.0,1.5,5.0,0.0,0.0,0.5083333333333333,-0.052335956242944,-0.9986295347545738
56.819890883386954,2.0,152.5,0.0,1.5,5.0,0.0,0.0,0.5083333333333333,-0.052335956242944,-0.9986295347545738
21.874642854227357,3.0,152.5,0.0,1.5,5.0,0.0,0.0,0.5083333333333333,-0.052335956242944,-0.9986295347545738
154.5355946052559,0.0,153.0,0.0,1.5,5.0,0.0,0.0,0.51,-0.06279051952931335,-0.9980267284282716
105.2675163571365,1.0,153.0,0.0,1.5,5.0,0.0,0.0,0.51,-0.06279051952931335,-0.9980267284282716
57.282196186948,2.0,153.0,0.0,1.5,5.0,0.0,0.0,0.51,-0.06279051952931335,-0.9980267284282716
21.937410968480304,3.0,153.0,0.0,1.5,5.0,0.0,0.0,0.51,-0.06279051952931335,-0.9980267284282716
155.0306421324507,0.0,153.5,0.0,1.5,5.0,0.0,0.0,0.5116666666666667,-0.07323819712763145,-0.9973144772244581
105.75679647190529,1.0,153.5,0.0,1.5,5.0,0.0,0.0,0.5116666666666667,-0.07323819712763145,-0.9973144772244581
57.745129664760476,2.0,153.5,0.0,1.5,5.0,0.0,0.0,0.5116666666666667,-0.07323819712763145,-0.9973144772244581
22.01136070305514,3.0,153.5,0.0,1.5,5.0,0.0,0.0,0.5116666666666667,-0.07323819712763145,-0.9973144772244581
155.52572134537746,0.0,154.0,0.0,1.5,5.0,0.0,0.0,0.5133333333333333,-0.08367784333231548,-0.9964928592495044
106.24617640178869,1.0,154.0,0.0,1.5,5.0,0.0,0.0,0.5133333333333333,-0.08367784333231548,-0.9964928592495044
58.208676329220886,2.0,154.0,0.0,1.5,5.0,0.0,0.0,0.5133333333333333,-0.08367784333231548,-0.9964928592495044
22.096379793984354,3.0,154.0,0.0,1.5,5.0,0.0,0.0,0.5133333333333333,-0.08367784333231548,-0.9964928592495044
156.0208319424044,0.0,154.5,0.0,1.5,5.0,0.0,0.0,0.515,-0.0941083133185141,-0.99556196460308
106.73565477383835,1.0,154.5,0.0,1.5,5.0,0.0,0.0,0.515,-0.0941083133185141,-0.99556196460308
58.67282164682384,2.0,154.5,0.0,1.5,5.0,0.0,0.0,0.515,-0.0941083133185141,-0.99556196460308
22.192341021172147,3.0,154.5,0.0,1.5,5.0,0.0,0.0,0.515,-0.0941083133185141,-0.99556196460308
156.5159736256974,0.0,155.0,0.0,1.5,5.0,0.0,0.0,0.5166666666666667,-0.1045284632676535,-0.9945218953682733
107.22523023990203,1.0,155.0,0.0,1.5,5.0,0.0,0.0,0.5166666666666667,-0.1045284632676535,-0.9945218953682733
59.13755152185454,2.0,155.0,0.0,1.5,5.0,0.0,0.0,0.5166666666666667,-0.1045284632676535,-0.9945218953682733
22.299103120977758,3.0,155.0,0.0,1.5,5.0,0.0,0.0,0.5166666666666667,-0.1045284632676535,-0.9945218953682733
157.0111461011606,0.0,155.5,0.0,1.5,5.0,0.0,0.0,0.5183333333333333,-0.11493715049286643,-0.9933727656003964
107.71490147607247,1.0,155.5,0.0,1.5,5.0,0.0,0.0,0.5183333333333333,-0.11493715049286643,-0.9933727656003964
59.602852280742404,2.0,155.5,0.0,1.5,5.0,0.0,0.0,0.5183333333333333,-0.11493715049286643,-0.9933727656003964
22.416511771459895,3.0,155.5,0.0,1.5,5.0,0.0,0.0,0.5183333333333333,-0.11493715049286643,-0.9933727656003964
157.50634907837843,0.0,156.0,0.0,1.5,5.0,0.0,0.0,0.52,-0.12533323356430384,-0.9921147013144779
108.2046671821507,1.0,156.0,0.0,1.5,5.0,0.0,0.0,0.52,-0.12533323356430384,-0.9921147013144779
60.068710657046736,2.0,156.0,0.0,1.5,5.0,0.0,0.0,0.52,-0.12533323356430384,-0.9921147013144779
22.544400635190993,3.0,156.0,0.0,1.5,5.0,0.0,0.0,0.52,-0.12533323356430384,-0.9921147013144779
158.0015822705583,0.0,156.5,0.0,1.5,5.0,0.0,0.0,0.5216666666666666,-0.13571557243430424,-0.9907478404714436
108.69452608112333,1.0,156.5,0.0,1.5,5.0,0.0,0.0,0.5216666666666666,-0.13571557243430424,-0.9907478404714436
60.53511377704679,2.0,156.5,0.0,1.5,5.0,0.0,0.0,0.5216666666666666,-0.13571557243430424,-0.9907478404714436
22.68259244442751,3.0,156.5,0.0,1.5,5.0,0.0,0.0,0.5216666666666666,-0.13571557243430424,-0.9907478404714436
158.49684539447466,0.0,157.0,0.0,1.5,5.0,0.0,0.0,0.5233333333333333,-0.14608302856241126,-0.9892723329629883
109.1844769186536,1.0,157.0,0.0,1.5,5.0,0.0,0.0,0.5233333333333333,-0.14608302856241126,-0.9892723329629883
61.002049145909844,2.0,157.0,0.0,1.5,5.0,0.0,0.0,0.5233333333333333,-0.14608302856241126,-0.9892723329629883
22.830900113661748,3.0,157.0,0.0,1.5,5.0,0.0,0.0,0.5233333333333333,-0.14608302856241126,-0.9892723329629883
158.99213817041394,0.0,157.5,0.0,1.5,5.0,0.0,0.0,0.525,-0.15643446504023073,-0.9876883405951378
109.67451846258547,1.0,157.5,0.0,1.5,5.0,0.0,0.0,0.525,-0.15643446504023073,-0.9876883405951378
61.46950463441201,2.0,157.5,0.0,1.5,5.0,0.0,0.0,0.525,-0.15643446504023073,-0.9876883405951378
22.9891278651453,3.0,157.5,0.0,1.5,5.0,0.0,0.0,0.525,-0.15643446504023073,-0.9876883405951378
159.48746032212063,0.0,158.0,0.0,1.5,5.0,0.0,0.0,0.5266666666666666,-0.16676874671610237,-0.9859960370705049
110.16464950246063,1.0,158.0,0.0,1.5,5.0,0.0,0.0,0.5266666666666666,-0.16676874671610237,-0.9859960370705049
61.93746846618773,2.0,158.0,0.0,1.5,5.0,0.0,0.0,0.5266666666666666,-0.16676874671610237,-0.9859960370705049
23.157072353818823,3.0,158.0,0.0,1.5,5.0,0.0,0.0,0.5266666666666666,-0.16676874671610237,-0.9859960370705049
159.98281157674407,0.0,158.5,0.0,1.5,5.0,0.0,0.0,0.5283333333333333,-0.17708474031958318,-0.984195607969242
110.65486884904794,1.0,158.5,0.0,1.5,5.0,0.0,0.0,0.5283333333333333,-0.17708474031958318,-0.984195607969242
62.40592920548495,2.0,158.5,0.0,1.5,5.0,0.0,0.0,0.5283333333333333,-0.17708474031958318,-0.984195607969242
23.33452377915607,3.0,158.5,0.0,1.5,5.0,0.0,0.0,0.5283333333333333,-0.17708474031958318,-0.984195607969242
160.47819166478666,0.0,159.0,0.0,1.5,5.0,0.0,0.0,0.53,-0.18738131458572477,-0.9822872507286886
111.14517533388482,1.0,159.0,0.0,1.5,5.0,0.0,0.0,0.53,-0.18738131458572477,-0.9822872507286886
62.87487574540406,2.0,159.0,0.0,1.5,5.0,0.0,0.0,0.53,-0.18738131458572477,-0.9822872507286886
23.521266972678152,3.0,159.0,0.0,1.5,5.0,0.0,0.0,0.53,-0.18738131458572477,-0.9822872507286886
160.97360032005247,0.0,159.5,0.0,1.5,5.0,0.0,0.0,0.5316666666666666,-0.19765734037912608,-0.9802711746217219
111.63556780883053,1.0,159.5,0.0,1.5,5.0,0.0,0.0,0.5316666666666666,-0.19765734037912608,-0.9802711746217219
63.344297296599635,2.0,159.5,0.0,1.5,5.0,0.0,0.0,0.5316666666666666,-0.19765734037912608,-0.9802711746217219
23.717082451262844,3.0,159.5,0.0,1.5,5.0,0.0,0.0,0.5316666666666666,-0.19765734037912608,-0.9802711746217219
161.46903727959736,0.0,160.0,0.0,1.5,5.0,0.0,0.0,0.5333333333333333,-0.20791169081775907,-0.9781476007338057
112.12604514563064,1.0,160.0,0.0,1.5,5.0,0.0,0.0,0.5333333333333333,-0.20791169081775907,-0.9781476007338057
63.81418337642503,2.0,160.0,0.0,1.5,5.0,0.0,0.0,0.5333333333333333,-0.20791169081775907,-0.9781476007338057
23.921747427811372,3.0,160.0,0.0,1.5,5.0,0.0,0.0,0.5333333333333333,-0.20791169081775907,-0.9781476007338057
161.96450228367942,0.0,160.5,0.0,1.5,5.0,0.0,0.0,0.535,-0.2181432413965425,-0.9759167619387474
112.61660623549264,1.0,160.5,0.0,1.5,5.0,0.0,0.0,0.535,-0.2181432413965425,-0.9759167619387474
64.28452379850067,2.0,160.5,0.0,1.5,5.0,0.0,0.0,0.535,-0.2181432413965425,-0.9759167619387474
24.13503677229434,3.0,160.5,0.0,1.5,5.0,0.0,0.0,0.535,-0.2181432413965425,-0.9759167619387474
162.45999507571088,0.0,161.0,0.0,1.5,5.0,0.0,0.0,0.5366666666666666,-0.2283508701106555,-0.9735789028731603
113.10724998867225,1.0,161.0,0.0,1.5,5.0,0.0,0.0,0.5366666666666666,-0.2283508701106555,-0.9735789028731603
64.75530866268804,2.0,161.0,0.0,1.5,5.0,0.0,0.0,0.5366666666666666,-0.2283508701106555,-0.9735789028731603
24.3567239176372,3.0,161.0,0.0,1.5,5.0,0.0,0.0,0.5366666666666666,-0.2283508701106555,-0.9735789028731603
162.95551540221035,0.0,161.50000000000003,0.0,1.5,5.0,0.0,0.0,0.5383333333333333,-0.23853345757858044,-0.9711342799096362
113.59797533407013,1.0,161.50000000000003,0.0,1.5,5.0,0.0,0.0,0.5383333333333333,-0.23853345757858044,-0.9711342799096362
65.22652834545163,2.0,161.50000000000003,0.0,1.5,5.0,0.0,0.0,0.5383333333333333,-0.23853345757858044,-0.9711342799096362
24.586581706288506,3.0,161.50000000000003,0.0,1.5,5.0,0.0,0.0,0.5383333333333333,-0.23853345757858044,-0.9711342799096362
163.4510630127562,0.0,162.0,0.0,1.5,5.0,0.0,0.0,0.54,-0.24868988716485457,-0.9685831611286312
114.08878121883852,1.0,162.0,0.0,1.5,5.0,0.0,0.0,0.54,-0.24868988716485457,-0.9685831611286312
65.69817349059257,2.0,162.0,0.0,1.5,5.0,0.0,0.0,0.54,-0.24868988716485457,-0.9685831611286312
24.82438317461282,3.0,162.0,0.0,1.5,5.0,0.0,0.0,0.54,-0.24868988716485457,-0.9685831611286312
163.94663765994105,0.0,162.5,0.0,1.5,5.0,0.0,0.0,0.5416666666666666,-0.25881904510252035,-0.9659258262890684
114.57966660799812,1.0,162.5,0.0,1.5,5.0,0.0,0.0,0.5416666666666666,-0.25881904510252035,-0.9659258262890684
66.17023500033834,2.0,162.5,0.0,1.5,5.0,0.0,0.0,0.5416666666666666,-0.25881904510252035,-0.9659258262890684
25.06990227344335,3.0,162.5,0.0,1.5,5.0,0.0,0.0,0.5416666666666666,-0.25881904510252035,-0.9659258262890684
164.44223909932631,0.0,163.0,0.0,1.5,5.0,0.0,0.0,0.5433333333333333,-0.26891982061526554,-0.9631625667976582
115.070630484064,1.0,163.0,0.0,1.5,5.0,0.0,0.0,0.5433333333333333,-0.26891982061526554,-0.9631625667976582
66.6427040267725,2.0,163.0,0.0,1.5,5.0,0.0,0.0,0.5433333333333333,-0.26891982061526554,-0.9631625667976582
25.3229145242012,3.0,163.0,0.0,1.5,5.0,0.0,0.0,0.5433333333333333,-0.26891982061526554,-0.9631625667976582
164.93786708939825,0.0,163.5,0.0,1.5,5.0,0.0,0.0,0.545,-0.2789911060392293,-0.9602936856769431
115.56167184668107,1.0,163.5,0.0,1.5,5.0,0.0,0.0,0.545,-0.2789911060392293,-0.9602936856769431
67.11557196359128,2.0,163.5,0.0,1.5,5.0,0.0,0.0,0.545,-0.2789911060392293,-0.9602936856769431
25.583197610932064,3.0,163.5,0.0,1.5,5.0,0.0,0.0,0.545,-0.2789911060392293,-0.9602936856769431
165.43352139152455,0.0,164.00000000000003,0.0,1.5,5.0,0.0,0.0,0.5466666666666666,-0.289031796944471,-0.9573194975320675
116.05278971226848,1.0,164.00000000000003,0.0,1.5,5.0,0.0,0.0,0.5466666666666666,-0.289031796944471,-0.9573194975320675
67.58883043817228,2.0,164.00000000000003,0.0,1.5,5.0,0.0,0.0,0.5466666666666666,-0.289031796944471,-0.9573194975320675
25.850531909421143,3.0,164.00000000000003,0.0,1.5,5.0,0.0,0.0,0.5466666666666666,-0.289031796944471,-0.9573194975320675
165.9292017699115,0.0,164.5,0.0,1.5,5.0,0.0,0.0,0.5483333333333333,-0.2990407922560867,-0.9542403285162768
116.54398311367258,1.0,164.5,0.0,1.5,5.0,0.0,0.0,0.5483333333333333,-0.2990407922560867,-0.9542403285162768
68.06247130394253,2.0,164.5,0.0,1.5,5.0,0.0,0.0,0.5483333333333333,-0.2990407922560867,-0.9542403285162768
26.124700955226263,3.0,164.5,0.0,1.5,5.0,0.0,0.0,0.5483333333333333,-0.2990407922560867,-0.9542403285162768
166.42490799156238,0.0,165.0,0.0,1.5,5.0,0.0,0.0,0.55,-0.3090169943749469,-0.9510565162951538
117.0352510998289,1.0,165.0,0.0,1.5,5.0,0.0,0.0,0.55,-0.3090169943749469,-0.9510565162951538
68.53648663303365,2.0,165.0,0.0,1.5,5.0,0.0,0.0,0.55,-0.3090169943749469,-0.9510565162951538
26.405491853021786,3.0,165.0,0.0,1.5,5.0,0.0,0.0,0.55,-0.3090169943749469,-0.9510565162951538
166.920639826236,0.0,165.5,0.0,1.5,5.0,0.0,0.0,0.5516666666666666,-0.31895930929806965,-0.9477684100095858
117.52659273543158,1.0,165.5,0.0,1.5,5.0,0.0,0.0,0.5516666666666666,-0.31895930929806965,-0.9477684100095858
69.01086870921131,2.0,165.5,0.0,1.5,5.0,0.0,0.0,0.5516666666666666,-0.31895930929806965,-0.9477684100095858
26.692695630078276,3.0,165.5,0.0,1.5,5.0,0.0,0.0,0.5516666666666666,-0.31895930929806965,-0.9477684100095858
167.41639704640642,0.0,166.0,0.0,1.5,5.0,0.0,0.0,0.5533333333333333,-0.32886664673858357,-0.9443763702374809
118.01800710061156,1.0,166.0,0.0,1.5,5.0,0.0,0.0,0.5533333333333333,-0.32886664673858357,-0.9443763702374809
69.4856100210684,2.0,166.0,0.0,1.5,5.0,0.0,0.0,0.5533333333333333,-0.32886664673858357,-0.9443763702374809
26.98610753702727,3.0,166.0,0.0,1.5,5.0,0.0,0.0,0.5533333333333333,-0.32886664673858357,-0.9443763702374809
167.91217942722324,0.0,166.50000000000003,0.0,1.5,5.0,0.0,0.0,0.555,-0.3387379202452911,-0.9408807689542256
118.50949329062212,1.0,166.50000000000003,0.0,1.5,5.0,0.0,0.0,0.555,-0.3387379202452911,-0.9408807689542256
69.96070325547052,2.0,166.50000000000003,0.0,1.5,5.0,0.0,0.0,0.555,-0.3387379202452911,-0.9408807689542256
27.28552729928452,3.0,166.50000000000003,0.0,1.5,5.0,0.0,0.0,0.555,-0.3387379202452911,-0.9408807689542256
168.40798674647232,0.0,167.0,0.0,1.5,5.0,0.0,0.0,0.5566666666666666,-0.3485720473218151,-0.9372819894918916
119.00105041553205,1.0,167.0,0.0,1.5,5.0,0.0,0.0,0.5566666666666666,-0.3485720473218151,-0.9372819894918916
70.43614129124337,2.0,167.0,0.0,1.5,5.0,0.0,0.0,0.5566666666666666,-0.3485720473218151,-0.9372819894918916
27.59075932264279,3.0,167.0,0.0,1.5,5.0,0.0,0.0,0.5566666666666666,-0.3485720473218151,-0.9372819894918916
168.90381878453783,0.0,167.5,0.0,1.5,5.0,0.0,0.0,0.5583333333333333,-0.3583679495453,-0.9335804264972019
119.4926775999266,1.0,167.5,0.0,1.5,5.0,0.0,0.0,0.5583333333333333,-0.3583679495453,-0.9335804264972019
70.91191719309245,2.0,167.5,0.0,1.5,5.0,0.0,0.0,0.5583333333333333,-0.3583679495453,-0.9335804264972019
27.90161285660741,3.0,167.5,0.0,1.5,5.0,0.0,0.0,0.5583333333333333,-0.3583679495453,-0.9335804264972019
169.39967532436418,0.0,168.0,0.0,1.5,5.0,0.0,0.0,0.56,-0.3681245526846779,-0.9297764858882515
119.98437398261493,1.0,168.0,0.0,1.5,5.0,0.0,0.0,0.56,-0.3681245526846779,-0.9297764858882515
71.38802420574476,2.0,168.0,0.0,1.5,5.0,0.0,0.0,0.56,-0.3681245526846779,-0.9297764858882515
28.217902119044926,3.0,168.0,0.0,1.5,5.0,0.0,0.0,0.56,-0.3681245526846779,-0.9297764858882515
169.8955561514191,0.0,168.5,0.0,1.5,5.0,0.0,0.0,0.5616666666666666,-0.3778407868184669,-0.9258705848099948
120.47613871634499,1.0,168.5,0.0,1.5,5.0,0.0,0.0,0.5616666666666666,-0.3778407868184669,-0.9258705848099948
71.8644557483044,2.0,168.5,0.0,1.5,5.0,0.0,0.0,0.5616666666666666,-0.3778407868184669,-0.9258705848099948
28.53944638566067,3.0,168.5,0.0,1.5,5.0,0.0,0.0,0.5616666666666666,-0.3778407868184669,-0.9258705848099948
170.3914610536573,0.0,169.00000000000003,0.0,1.5,5.0,0.0,0.0,0.5633333333333334,-0.38751558645210293,-0.9218631515885005
120.96797096752515,1.0,169.00000000000003,0.0,1.5,5.0,0.0,0.0,0.5633333333333334,-0.38751558645210293,-0.9218631515885005
72.3412054088125,2.0,169.00000000000003,0.0,1.5,5.0,0.0,0.0,0.5633333333333334,-0.38751558645210293,-0.9218631515885005
28.866070047722136,3.0,169.00000000000003,0.0,1.5,5.0,0.0,0.0,0.5633333333333334,-0.38751558645210293,-0.9218631515885005
170.88738982148448,0.0,169.5,0.0,1.5,5.0,0.0,0.0,0.565,-0.3971478906347804,-0.9177546256839813
121.45986991595207,1.0,169.5,0.0,1.5,5.0,0.0,0.0,0.565,-0.3971478906347804,-0.9177546256839813
72.8182669390037,2.0,169.5,0.0,1.5,5.0,0.0,0.0,0.565,-0.3971478906347804,-0.9177546256839813
29.197602641312866,3.0,169.5,0.0,1.5,5.0,0.0,0.0,0.565,-0.3971478906347804,-0.9177546256839813
171.38334224772254,0.0,170.0,0.0,1.5,5.0,0.0,0.0,0.5666666666666667,-0.4067366430758002,-0.9135454576426009
121.95183475454562,1.0,170.0,0.0,1.5,5.0,0.0,0.0,0.5666666666666667,-0.4067366430758002,-0.9135454576426009
73.29563424925117,2.0,170.0,0.0,1.5,5.0,0.0,0.0,0.5666666666666667,-0.4067366430758002,-0.9135454576426009
29.53387885124472,3.0,170.0,0.0,1.5,5.0,0.0,0.0,0.5666666666666667,-0.4067366430758002,-0.9135454576426009
171.8793181275746,0.0,170.5,0.0,1.5,5.0,0.0,0.0,0.5683333333333334,-0.4162807922604006,-0.9092361090470689
122.44386468908927,1.0,170.5,0.0,1.5,5.0,0.0,0.0,0.5683333333333334,-0.4162807922604006,-0.9092361090470689
73.7733014036921,2.0,170.5,0.0,1.5,5.0,0.0,0.0,0.5683333333333334,-0.4162807922604006,-0.9092361090470689
29.87473849257931,3.0,170.5,0.0,1.5,5.0,0.0,0.0,0.5683333333333334,-0.4162807922604006,-0.9092361090470689
172.37531725859128,0.0,171.0,0.0,1.5,5.0,0.0,0.0,0.57,-0.42577929156507266,-0.9048270524660195
122.93595893797713,1.0,171.0,0.0,1.5,5.0,0.0,0.0,0.57,-0.42577929156507266,-0.9048270524660195
74.25126261552728,2.0,171.0,0.0,1.5,5.0,0.0,0.0,0.57,-0.42577929156507266,-0.9048270524660195
30.220026472523152,3.0,171.0,0.0,1.5,5.0,0.0,0.0,0.57,-0.42577929156507266,-0.9048270524660195
172.8713394406372,0.0,171.50000000000003,0.0,1.5,5.0,0.0,0.0,0.5716666666666667,-0.43523109937232773,-0.9003187714021934
123.42811673196674,1.0,171.50000000000003,0.0,1.5,5.0,0.0,0.0,0.5716666666666667,-0.43523109937232773,-0.9003187714021934
74.72951224248693,2.0,171.50000000000003,0.0,1.5,5.0,0.0,0.0,0.5716666666666667,-0.43523109937232773,-0.9003187714021934
30.569592735265566,3.0,171.50000000000003,0.0,1.5,5.0,0.0,0.0,0.5716666666666667,-0.43523109937232773,-0.9003187714021934
173.36738447585807,0.0,172.0,0.0,1.5,5.0,0.0,0.0,0.5733333333333334,-0.4446351791849271,-0.895711760239413
123.9203373139373,1.0,172.0,0.0,1.5,5.0,0.0,0.0,0.5733333333333334,-0.4446351791849271,-0.895711760239413
75.20804478245661,2.0,172.0,0.0,1.5,5.0,0.0,0.0,0.5733333333333334,-0.4446351791849271,-0.895711760239413
30.923292192132454,3.0,172.0,0.0,1.5,5.0,0.0,0.0,0.5733333333333334,-0.4446351791849271,-0.895711760239413
173.8634521686487,0.0,172.5,0.0,1.5,5.0,0.0,0.0,0.575,-0.4539904997395471,-0.8910065241883677
124.41261993865413,1.0,172.5,0.0,1.5,5.0,0.0,0.0,0.575,-0.4539904997395471,-0.8910065241883677
75.68685486925719,2.0,172.5,0.0,1.5,5.0,0.0,0.0,0.575,-0.4539904997395471,-0.8910065241883677
31.280984639234106,3.0,172.5,0.0,1.5,5.0,0.0,0.0,0.575,-0.4539904997395471,-0.8910065241883677
174.35954232562094,0.0,173.0,0.0,1.5,5.0,0.0,0.0,0.5766666666666667,-0.4632960351198614,-0.8862035792312148
124.9049638725379,1.0,173.0,0.0,1.5,5.0,0.0,0.0,0.5766666666666667,-0.4632960351198614,-0.8862035792312148
76.16593726857171,2.0,173.0,0.0,1.5,5.0,0.0,0.0,0.5766666666666667,-0.4632960351198614,-0.8862035792312148
31.64253466459348,3.0,173.0,0.0,1.5,5.0,0.0,0.0,0.5766666666666667,-0.4632960351198614,-0.8862035792312148
174.8556547555726,0.0,173.5,0.0,1.5,5.0,0.0,0.0,0.5783333333333334,-0.4725507648690539,-0.8813034520649923
125.39736839343958,1.0,173.5,0.0,1.5,5.0,0.0,0.0,0.5783333333333334,-0.4725507648690539,-0.8813034520649923
76.64528687401463,2.0,173.5,0.0,1.5,5.0,0.0,0.0,0.5783333333333334,-0.4725507648690539,-0.8813034520649923
32.00781154655844,3.0,173.5,0.0,1.5,5.0,0.0,0.0,0.5783333333333334,-0.4725507648690539,-0.8813034520649923
175.35178926945687,0.0,174.00000000000003,0.0,1.5,5.0,0.0,0.0,0.58,-0.481753674101715,-0.8763066800438637
125.8898327904204,1.0,174.00000000000003,0.0,1.5,5.0,0.0,0.0,0.58,-0.481753674101715,-0.8763066800438637
77.12489870333707,2.0,174.00000000000003,0.0,1.5,5.0,0.0,0.0,0.58,-0.481753674101715,-0.8763066800438637
32.376689145124175,3.0,174.00000000000003,0.0,1.5,5.0,0.0,0.0,0.58,-0.481753674101715,-0.8763066800438637
175.84794568035193,0.0,174.5,0.0,1.5,5.0,0.0,0.0,0.5816666666666667,-0.49090375361514077,-0.8712138111201895
126.38235636353676,1.0,174.5,0.0,1.5,5.0,0.0,0.0,0.5816666666666667,-0.49090375361514077,-0.8712138111201895
77.60476789476276,2.0,174.5,0.0,1.5,5.0,0.0,0.0,0.5816666666666667,-0.49090375361514077,-0.8712138111201895
32.74904578762563,3.0,174.5,0.0,1.5,5.0,0.0,0.0,0.5816666666666667,-0.49090375361514077,-0.8712138111201895
176.34412380343156,0.0,175.0,0.0,1.5,5.0,0.0,0.0,0.5833333333333334,-0.4999999999999997,-0.8660254037844388
126.87493842363038,1.0,175.0,0.0,1.5,5.0,0.0,0.0,0.5833333333333334,-0.4999999999999997,-0.8660254037844388
78.08488970345032,2.0,175.0,0.0,1.5,5.0,0.0,0.0,0.5833333333333334,-0.4999999999999997,-0.8660254037844388
33.12476415010377,3.0,175.0,0.0,1.5,5.0,0.0,0.0,0.5833333333333334,-0.4999999999999997,-0.8660254037844388
176.84032345593582,0.0,175.5,0.0,1.5,5.0,0.0,0.0,0.585,-0.5090414157503712,-0.8607420270039436
127.36757829212267,1.0,175.5,0.0,1.5,5.0,0.0,0.0,0.585,-0.5090414157503712,-0.8607420270039436
78.56525949807586,2.0,175.5,0.0,1.5,5.0,0.0,0.0,0.585,-0.5090414157503712,-0.8607420270039436
33.50373113550191,3.0,175.5,0.0,1.5,5.0,0.0,0.0,0.585,-0.5090414157503712,-0.8607420270039436
177.33654445714228,0.0,176.0,0.0,1.5,5.0,0.0,0.0,0.5866666666666667,-0.5180270093731296,-0.855364260160507
127.86027530081421,1.0,176.0,0.0,1.5,5.0,0.0,0.0,0.5866666666666667,-0.5180270093731296,-0.855364260160507
79.04587275753238,2.0,176.0,0.0,1.5,5.0,0.0,0.0,0.5866666666666667,-0.5180270093731296,-0.855364260160507
33.88583774971485,3.0,176.0,0.0,1.5,5.0,0.0,0.0,0.5866666666666667,-0.5180270093731296,-0.855364260160507
177.83278662833806,0.0,176.50000000000003,0.0,1.5,5.0,0.0,0.0,0.5883333333333334,-0.5269557954966775,-0.849892692986864
128.35302879168847,1.0,176.50000000000003,0.0,1.5,5.0,0.0,0.0,0.5883333333333334,-0.5269557954966775,-0.849892692986864
79.52672506774063,2.0,176.50000000000003,0.0,1.5,5.0,0.0,0.0,0.5883333333333334,-0.5269557954966775,-0.849892692986864
34.27097897638761,3.0,176.50000000000003,0.0,1.5,5.0,0.0,0.0,0.5883333333333334,-0.5269557954966775,-0.849892692986864
178.32904979279175,0.0,177.0,0.0,1.5,5.0,0.0,0.0,0.59,-0.5358267949789968,-0.844327925502015
128.84583811671993,1.0,177.0,0.0,1.5,5.0,0.0,0.0,0.59,-0.5358267949789968,-0.844327925502015
80.00781211856753,2.0,177.0,0.0,1.5,5.0,0.0,0.0,0.59,-0.5358267949789968,-0.844327925502015
34.659053651246744,3.0,177.0,0.0,1.5,5.0,0.0,0.0,0.59,-0.5358267949789968,-0.844327925502015
178.82533377572653,0.0,177.5,0.0,1.5,5.0,0.0,0.0,0.5916666666666667,-0.5446390350150268,-0.8386705679454243
129.3387026376869,1.0,177.5,0.0,1.5,5.0,0.0,0.0,0.5916666666666667,-0.5446390350150268,-0.8386705679454243
80.48912970084842,2.0,177.5,0.0,1.5,5.0,0.0,0.0,0.5916666666666667,-0.5446390350150268,-0.8386705679454243
35.04996433664377,3.0,177.5,0.0,1.5,5.0,0.0,0.0,0.5916666666666667,-0.5446390350150268,-0.8386705679454243
179.32163840429297,0.0,178.0,0.0,1.5,5.0,0.0,0.0,0.5933333333333334,-0.5533915492433443,-0.8329212407100993
129.83162172598784,1.0,178.0,0.0,1.5,5.0,0.0,0.0,0.5933333333333334,-0.5533915492433443,-0.8329212407100993
80.97067370350824,2.0,178.0,0.0,1.5,5.0,0.0,0.0,0.5933333333333334,-0.5533915492433443,-0.8329212407100993
35.443617196894564,3.0,178.0,0.0,1.5,5.0,0.0,0.0,0.5933333333333334,-0.5533915492433443,-0.8329212407100993
179.81796350754283,0.0,178.5,0.0,1.5,5.0,0.0,0.0,0.595,-0.5620833778521303,-0.827080574274562
130.32459476246223,1.0,178.5,0.0,1.5,5.0,0.0,0.0,0.595,-0.5620833778521303,-0.827080574274562
81.45244011077875,2.0,178.5,0.0,1.5,5.0,0.0,0.0,0.595,-0.5620833778521303,-0.827080574274562
35.83992187491485,3.0,178.5,0.0,1.5,5.0,0.0,0.0,0.595,-0.5620833778521303,-0.827080574274562
180.314308916403,0.0,179.00000000000003,0.0,1.5,5.0,0.0,0.0,0.5966666666666667,-0.5707135676844315,-0.8211492091337041
130.81762113721533,1.0,179.00000000000003,0.0,1.5,5.0,0.0,0.0,0.5966666666666667,-0.5707135676844315,-0.8211492091337041
81.93442499950802,2.0,179.00000000000003,0.0,1.5,5.0,0.0,0.0,0.5966666666666667,-0.5707135676844315,-0.8211492091337041
36.238791370574184,3.0,179.00000000000003,0.0,1.5,5.0,0.0,0.0,0.5966666666666667,-0.5707135676844315,-0.8211492091337041
180.81067446364997,0.0,179.5,0.0,1.5,5.0,0.0,0.0,0.5983333333333334,-0.5792811723426785,-0.8151277957285544
131.31070024944654,1.0,179.5,0.0,1.5,5.0,0.0,0.0,0.5983333333333334,-0.5792811723426785,-0.8151277957285544
82.41662453655816,2.0,179.5,0.0,1.5,5.0,0.0,0.0,0.5983333333333334,-0.5792811723426785,-0.8151277957285544
36.64014192112252,3.0,179.5,0.0,1.5,5.0,0.0,0.0,0.5983333333333334,-0.5792811723426785,-0.8151277957285544
181.30705998388478,0.0,180.0,0.0,1.5,5.0,0.0,0.0,0.6,-0.587785252292473,-0.8090169943749475
131.80383150728207,1.0,180.0,0.0,1.5,5.0,0.0,0.0,0.6,-0.587785252292473,-0.8090169943749475
82.89903497628907,2.0,180.0,0.0,1.5,5.0,0.0,0.0,0.6,-0.587785252292473,-0.8090169943749475
37.04389288398291,3.0,180.0,0.0,1.5,5.0,0.0,0.0,0.6,-0.587785252292473,-0.8090169943749475
181.80346531350827,0.0,180.5,0.0,1.5,5.0,0.0,0.0,0.6016666666666667,-0.5962248749656155,-0.8028174751911148
132.29701432761058,1.0,180.5,0.0,1.5,5.0,0.0,0.0,0.6016666666666667,-0.5962248749656155,-0.8028174751911148
83.38165265812378,2.0,180.5,0.0,1.5,5.0,0.0,0.0,0.6016666666666667,-0.5962248749656155,-0.8028174751911148
37.44996662214801,3.0,180.5,0.0,1.5,5.0,0.0,0.0,0.6016666666666667,-0.5962248749656155,-0.8028174751911148
182.29989029069657,0.0,181.0,0.0,1.5,5.0,0.0,0.0,0.6033333333333334,-0.6045991148623747,-0.7965299180241964
132.79024813592298,1.0,181.0,0.0,1.5,5.0,0.0,0.0,0.6033333333333334,-0.6045991148623747,-0.7965299180241964
83.86447400419321,2.0,181.0,0.0,1.5,5.0,0.0,0.0,0.6033333333333334,-0.6045991148623747,-0.7965299180241964
37.85828839237189,3.0,181.0,0.0,1.5,5.0,0.0,0.0,0.6033333333333334,-0.6045991148623747,-0.7965299180241964
182.79633475537744,0.0,181.50000000000003,0.0,1.5,5.0,0.0,0.0,0.605,-0.6129070536529766,-0.7901550123756903
133.28353236615544,1.0,181.50000000000003,0.0,1.5,5.0,0.0,0.0,0.605,-0.6129070536529766,-0.7901550123756903
84.34749551705733,2.0,181.50000000000003,0.0,1.5,5.0,0.0,0.0,0.605,-0.6129070536529766,-0.7901550123756903
38.26878623630493,3.0,181.50000000000003,0.0,1.5,5.0,0.0,0.0,0.605,-0.6129070536529766,-0.7901550123756903
183.2927985492065,0.0,182.0,0.0,1.5,5.0,0.0,0.0,0.6066666666666667,-0.6211477802783103,-0.7836934573258398
133.7768664605357,1.0,182.0,0.0,1.5,5.0,0.0,0.0,0.6066666666666667,-0.6211477802783103,-0.7836934573258398
84.83071377749924,2.0,182.0,0.0,1.5,5.0,0.0,0.0,0.6066666666666667,-0.6211477802783103,-0.7836934573258398
38.68139087468288,3.0,182.0,0.0,1.5,5.0,0.0,0.0,0.6066666666666667,-0.6211477802783103,-0.7836934573258398
183.7892815155443,0.0,182.5,0.0,1.5,5.0,0.0,0.0,0.6083333333333333,-0.6293203910498376,-0.7771459614569708
134.27024986943312,1.0,182.5,0.0,1.5,5.0,0.0,0.0,0.6083333333333333,-0.6293203910498376,-0.7771459614569708
85.31412544239085,2.0,182.5,0.0,1.5,5.0,0.0,0.0,0.6083333333333333,-0.6293203910498376,-0.7771459614569708
39.096035604649224,3.0,182.5,0.0,1.5,5.0,0.0,0.0,0.6083333333333333,-0.6293203910498376,-0.7771459614569708
184.28578349943328,0.0,183.0,0.0,1.5,5.0,0.0,0.0,0.61,-0.6374239897486896,-0.7705132427757893
134.76368205121142,1.0,183.0,0.0,1.5,5.0,0.0,0.0,0.61,-0.6374239897486896,-0.7705132427757893
85.79772724262573,2.0,183.0,0.0,1.5,5.0,0.0,0.0,0.61,-0.6374239897486896,-0.7705132427757893
39.51265620026069,3.0,183.0,0.0,1.5,5.0,0.0,0.0,0.61,-0.6374239897486896,-0.7705132427757893
184.78230434757543,0.0,183.5,0.0,1.5,5.0,0.0,0.0,0.6116666666666667,-0.6454576877239507,-0.763796028634642
135.257162472085,1.0,183.5,0.0,1.5,5.0,0.0,0.0,0.6116666666666667,-0.6454576877239507,-0.763796028634642
86.28151598111846,2.0,183.5,0.0,1.5,5.0,0.0,0.0,0.6116666666666667,-0.6454576877239507,-0.763796028634642
39.931190816202815,3.0,183.5,0.0,1.5,5.0,0.0,0.0,0.6116666666666667,-0.6454576877239507,-0.763796028634642
185.27884390831028,0.0,184.00000000000003,0.0,1.5,5.0,0.0,0.0,0.6133333333333333,-0.653420603990105,-0.7569950556517567
135.75069060597815,1.0,184.00000000000003,0.0,1.5,5.0,0.0,0.0,0.6133333333333333,-0.653420603990105,-0.7569950556517567
86.76548853086695,2.0,184.00000000000003,0.0,1.5,5.0,0.0,0.0,0.6133333333333333,-0.653420603990105,-0.7569950556517567
40.35157989472038,3.0,184.00000000000003,0.0,1.5,5.0,0.0,0.0,0.6133333333333333,-0.653420603990105,-0.7569950556517567
185.775402031593,0.0,184.5,0.0,1.5,5.0,0.0,0.0,0.615,-0.661311865323652,-0.7501110696304594
136.24426593438713,1.0,184.5,0.0,1.5,5.0,0.0,0.0,0.615,-0.661311865323652,-0.7501110696304594
87.24964183307574,2.0,184.5,0.0,1.5,5.0,0.0,0.0,0.615,-0.661311865323652,-0.7501110696304594
40.773766075750224,3.0,184.5,0.0,1.5,5.0,0.0,0.0,0.615,-0.661311865323652,-0.7501110696304594
186.27197856897317,0.0,185.0,0.0,1.5,5.0,0.0,0.0,0.6166666666666667,-0.6691306063588579,-0.7431448254773945
136.73788794624554,1.0,185.0,0.0,1.5,5.0,0.0,0.0,0.6166666666666667,-0.6691306063588579,-0.7431448254773945
87.73397289533855,2.0,185.0,0.0,1.5,5.0,0.0,0.0,0.6166666666666667,-0.6691306063588579,-0.7431448254773945
41.19769411022904,3.0,185.0,0.0,1.5,5.0,0.0,0.0,0.6166666666666667,-0.6691306063588579,-0.7431448254773945
186.76857337357376,0.0,185.5,0.0,1.5,5.0,0.0,0.0,0.6183333333333333,-0.6768759696826605,-0.7360970871197344
137.23155613779215,1.0,185.5,0.0,1.5,5.0,0.0,0.0,0.6183333333333333,-0.6768759696826605,-0.7360970871197344
88.21847878987712,2.0,185.5,0.0,1.5,5.0,0.0,0.0,0.6183333333333333,-0.6768759696826605,-0.7360970871197344
41.62331077653482,3.0,185.5,0.0,1.5,5.0,0.0,0.0,0.6183333333333333,-0.6768759696826605,-0.7360970871197344
187.2651863000702,0.0,186.0,0.0,1.5,5.0,0.0,0.0,0.62,-0.6845471059286884,-0.7289686274214119
137.7252700124418,1.0,186.0,0.0,1.5,5.0,0.0,0.0,0.62,-0.6845471059286884,-0.7289686274214119
88.70315665183512,2.0,186.0,0.0,1.5,5.0,0.0,0.0,0.62,-0.6845471059286884,-0.7289686274214119
42.050564800011905,3.0,186.0,0.0,1.5,5.0,0.0,0.0,0.62,-0.6845471059286884,-0.7289686274214119
187.76181720467025,0.0,186.50000000000003,0.0,1.5,5.0,0.0,0.0,0.6216666666666667,-0.6921431738704067,-0.7217602280983623
138.21902908065883,1.0,186.50000000000003,0.0,1.5,5.0,0.0,0.0,0.6216666666666667,-0.6921431738704067,-0.7217602280983623
89.18800367762475,2.0,186.50000000000003,0.0,1.5,5.0,0.0,0.0,0.6216666666666667,-0.6921431738704067,-0.7217602280983623
42.47940677551891,3.0,186.50000000000003,0.0,1.5,5.0,0.0,0.0,0.6216666666666667,-0.6921431738704067,-0.7217602280983623
188.2584659450937,0.0,187.0,0.0,1.5,5.0,0.0,0.0,0.6233333333333333,-0.6996633405133654,-0.7144726796328034
138.71283285983313,1.0,187.0,0.0,1.5,5.0,0.0,0.0,0.6233333333333333,-0.6996633405133654,-0.7144726796328034
89.67301712332423,2.0,187.0,0.0,1.5,5.0,0.0,0.0,0.6233333333333333,-0.6996633405133654,-0.7144726796328034
42.909789092933096,3.0,187.0,0.0,1.5,5.0,0.0,0.0,0.6233333333333333,-0.6996633405133654,-0.7144726796328034
188.75513238055277,0.0,187.5,0.0,1.5,5.0,0.0,0.0,0.625,-0.7071067811865475,-0.7071067811865477
139.2066808741592,1.0,187.5,0.0,1.5,5.0,0.0,0.0,0.625,-0.7071067811865475,-0.7071067811865477
90.15819430312477,2.0,187.5,0.0,1.5,5.0,0.0,0.0,0.625,-0.7071067811865475,-0.7071067811865477
43.34166586553867,3.0,187.5,0.0,1.5,5.0,0.0,0.0,0.625,-0.7071067811865475,-0.7071067811865477
189.25181637173262,0.0,188.0,0.0,1.5,5.0,0.0,0.0,0.6266666666666667,-0.7144726796328035,-0.6996633405133653
139.70057265451706,1.0,188.0,0.0,1.5,5.0,0.0,0.0,0.6266666666666667,-0.7144726796328035,-0.6996633405133653
90.6435325878245,2.0,188.0,0.0,1.5,5.0,0.0,0.0,0.6266666666666667,-0.7144726796328035,-0.6996633405133653
43.77499286122158,3.0,188.0,0.0,1.5,5.0,0.0,0.0,0.6266666666666667,-0.7144726796328035,-0.6996633405133653
189.74851778077215,0.0,188.5,0.0,1.5,5.0,0.0,0.0,0.6283333333333333,-0.7217602280983622,-0.6921431738704069
140.19450773835615,1.0,188.5,0.0,1.5,5.0,0.0,0.0,0.6283333333333333,-0.7217602280983622,-0.6921431738704069
91.12902940336849,2.0,188.5,0.0,1.5,5.0,0.0,0.0,0.6283333333333333,-0.7217602280983622,-0.6921431738704069
44.20972743639119,3.0,188.5,0.0,1.5,5.0,0.0,0.0,0.6283333333333333,-0.7217602280983622,-0.6921431738704069
190.2452364712452,0.0,189.00000000000003,0.0,1.5,5.0,0.0,0.0,0.63,-0.7289686274214116,-0.6845471059286886
140.68848566958138,1.0,189.00000000000003,0.0,1.5,5.0,0.0,0.0,0.63,-0.7289686274214116,-0.6845471059286886
91.6146822294331,2.0,189.00000000000003,0.0,1.5,5.0,0.0,0.0,0.63,-0.7289686274214116,-0.6845471059286886
44.645828472546036,3.0,189.00000000000003,0.0,1.5,5.0,0.0,0.0,0.63,-0.7289686274214116,-0.6845471059286886
190.74197230814198,0.0,189.5,0.0,1.5,5.0,0.0,0.0,0.6316666666666667,-0.736097087119734,-0.6768759696826612
141.1825059984416,1.0,189.5,0.0,1.5,5.0,0.0,0.0,0.6316666666666667,-0.736097087119734,-0.6768759696826612
92.10048859805251,2.0,189.5,0.0,1.5,5.0,0.0,0.0,0.6316666666666667,-0.736097087119734,-0.6768759696826612
45.0832563153994,3.0,189.5,0.0,1.5,5.0,0.0,0.0,0.6316666666666667,-0.736097087119734,-0.6768759696826612
191.2387251578508,0.0,190.0,0.0,1.5,5.0,0.0,0.0,0.6333333333333333,-0.7431448254773944,-0.6691306063588581
141.6765682814205,1.0,190.0,0.0,1.5,5.0,0.0,0.0,0.6333333333333333,-0.7431448254773944,-0.6691306063588581
92.58644609228718,2.0,190.0,0.0,1.5,5.0,0.0,0.0,0.6333333333333333,-0.7431448254773944,-0.6691306063588581
45.521972716480555,3.0,190.0,0.0,1.5,5.0,0.0,0.0,0.6333333333333333,-0.7431448254773944,-0.6691306063588581
191.7354948881401,0.0,190.5,0.0,1.5,5.0,0.0,0.0,0.635,-0.7501110696304591,-0.6613118653236523
142.1706720811293,1.0,190.5,0.0,1.5,5.0,0.0,0.0,0.635,-0.7501110696304591,-0.6613118653236523
93.07255234493142,2.0,190.5,0.0,1.5,5.0,0.0,0.0,0.635,-0.7501110696304591,-0.6613118653236523
45.96194077712559,3.0,190.5,0.0,1.5,5.0,0.0,0.0,0.635,-0.7501110696304591,-0.6613118653236523
192.23228136814066,0.0,191.0,0.0,1.5,5.0,0.0,0.0,0.6366666666666667,-0.7569950556517562,-0.6534206039901056
142.6648169662023,1.0,191.0,0.0,1.5,5.0,0.0,0.0,0.6366666666666667,-0.7569950556517562,-0.6534206039901056
93.55880503725986,2.0,191.0,0.0,1.5,5.0,0.0,0.0,0.6366666666666667,-0.7569950556517562,-0.6534206039901056
46.40312489477406,3.0,191.0,0.0,1.5,5.0,0.0,0.0,0.6366666666666667,-0.7569950556517562,-0.6534206039901056
192.72908446832827,0.0,191.50000000000003,0.0,1.5,5.0,0.0,0.0,0.6383333333333333,-0.7637960286346416,-0.6454576877239513
143.15900251119385,1.0,191.50000000000003,0.0,1.5,5.0,0.0,0.0,0.6383333333333333,-0.7637960286346416,-0.6454576877239513
94.04520189781086,2.0,191.50000000000003,0.0,1.5,5.0,0.0,0.0,0.6383333333333333,-0.7637960286346416,-0.6454576877239513
46.84549071148687,3.0,191.50000000000003,0.0,1.5,5.0,0.0,0.0,0.6383333333333333,-0.7637960286346416,-0.6454576877239513
193.22590406050637,0.0,192.00000000000003,0.0,1.5,5.0,0.0,0.0,0.64,-0.7705132427757894,-0.6374239897486895
143.65322829647792,1.0,192.00000000000003,0.0,1.5,5.0,0.0,0.0,0.64,-0.7705132427757894,-0.6374239897486895
94.53174070120578,2.0,192.00000000000003,0.0,1.5,5.0,0.0,0.0,0.64,-0.7705132427757894,-0.6374239897486895
47.28900506460252,3.0,192.00000000000003,0.0,1.5,5.0,0.0,0.0,0.64,-0.7705132427757894,-0.6374239897486895
193.72274001778933,0.0,192.5,0.0,1.5,5.0,0.0,0.0,0.6416666666666667,-0.7771459614569711,-0.6293203910498371
144.1474939081495,1.0,192.5,0.0,1.5,5.0,0.0,0.0,0.6416666666666667,-0.7771459614569711,-0.6293203910498371
95.01841926700317,2.0,192.5,0.0,1.5,5.0,0.0,0.0,0.6416666666666667,-0.7771459614569711,-0.6293203910498371
47.733635939450494,3.0,192.5,0.0,1.5,5.0,0.0,0.0,0.6416666666666667,-0.7771459614569711,-0.6293203910498371
194.21959221458582,0.0,193.0,0.0,1.5,5.0,0.0,0.0,0.6433333333333333,-0.7836934573258396,-0.6211477802783105
144.64179893792803,1.0,193.0,0.0,1.5,5.0,0.0,0.0,0.6433333333333333,-0.7836934573258396,-0.6211477802783105
95.50523545858624,2.0,193.0,0.0,1.5,5.0,0.0,0.0,0.6433333333333333,-0.7836934573258396,-0.6211477802783105
48.17935242404157,3.0,193.0,0.0,1.5,5.0,0.0,0.0,0.6433333333333333,-0.7836934573258396,-0.6211477802783105
194.7164605265821,0.0,193.5,0.0,1.5,5.0,0.0,0.0,0.645,-0.7901550123756904,-0.6129070536529765
145.13614298306263,1.0,193.5,0.0,1.5,5.0,0.0,0.0,0.645,-0.7901550123756904,-0.6129070536529765
95.99218718208269,2.0,193.5,0.0,1.5,5.0,0.0,0.0,0.645,-0.7901550123756904,-0.6129070536529765
48.62612466565683,3.0,193.5,0.0,1.5,5.0,0.0,0.0,0.645,-0.7901550123756904,-0.6129070536529765
195.2133448307262,0.0,194.00000000000003,0.0,1.5,5.0,0.0,0.0,0.6466666666666666,-0.7965299180241959,-0.6045991148623754
145.63052564623945,1.0,194.00000000000003,0.0,1.5,5.0,0.0,0.0,0.6466666666666666,-0.7965299180241959,-0.6045991148623754
96.47927238531604,2.0,194.00000000000003,0.0,1.5,5.0,0.0,0.0,0.6466666666666666,-0.7965299180241959,-0.6045991148623754
49.073923829259904,3.0,194.00000000000003,0.0,1.5,5.0,0.0,0.0,0.6466666666666666,-0.7965299180241959,-0.6045991148623754
195.71024500521176,0.0,194.50000000000003,0.0,1.5,5.0,0.0,0.0,0.6483333333333333,-0.8028174751911143,-0.5962248749656162
146.12494653549066,1.0,194.50000000000003,0.0,1.5,5.0,0.0,0.0,0.6483333333333333,-0.8028174751911143,-0.5962248749656162
96.96648905678707,2.0,194.50000000000003,0.0,1.5,5.0,0.0,0.0,0.6483333333333333,-0.8028174751911143,-0.5962248749656162
49.52272205765756,3.0,194.50000000000003,0.0,1.5,5.0,0.0,0.0,0.6483333333333333,-0.8028174751911143,-0.5962248749656162
196.2071609294625,0.0,195.0,0.0,1.5,5.0,0.0,0.0,0.65,-0.8090169943749473,-0.5877852522924732
146.61940526410547,1.0,195.0,0.0,1.5,5.0,0.0,0.0,0.65,-0.8090169943749473,-0.5877852522924732
97.45383522468472,2.0,195.0,0.0,1.5,5.0,0.0,0.0,0.65,-0.8090169943749473,-0.5877852522924732
49.97249243333776,3.0,195.0,0.0,1.5,5.0,0.0,0.0,0.65,-0.8090169943749473,-0.5877852522924732
196.70409248411687,0.0,195.5,0.0,1.5,5.0,0.0,0.0,0.6516666666666666,-0.8151277957285543,-0.5792811723426787
147.11390145054273,1.0,195.5,0.0,1.5,5.0,0.0,0.0,0.6516666666666666,-0.8151277957285543,-0.5792811723426787
97.94130895592524,2.0,195.5,0.0,1.5,5.0,0.0,0.0,0.6516666666666666,-0.8151277957285543,-0.5792811723426787
50.42320894191484,3.0,195.5,0.0,1.5,5.0,0.0,0.0,0.6516666666666666,-0.8151277957285543,-0.5792811723426787
197.2010395510125,0.0,196.0,0.0,1.5,5.0,0.0,0.0,0.6533333333333333,-0.8211492091337037,-0.5707135676844322
147.60843471834528,1.0,196.0,0.0,1.5,5.0,0.0,0.0,0.6533333333333333,-0.8211492091337037,-0.5707135676844322
98.42890835521848,2.0,196.0,0.0,1.5,5.0,0.0,0.0,0.6533333333333333,-0.8211492091337037,-0.5707135676844322
50.87484643711468,3.0,196.0,0.0,1.5,5.0,0.0,0.0,0.6533333333333333,-0.8211492091337037,-0.5707135676844322
197.69800201317165,0.0,196.50000000000003,0.0,1.5,5.0,0.0,0.0,0.655,-0.8270805742745616,-0.5620833778521309
148.10300469605608,1.0,196.50000000000003,0.0,1.5,5.0,0.0,0.0,0.655,-0.8270805742745616,-0.5620833778521309
98.91663156416116,2.0,196.50000000000003,0.0,1.5,5.0,0.0,0.0,0.655,-0.8270805742745616,-0.5620833778521309
51.32738060723538,3.0,196.50000000000003,0.0,1.5,5.0,0.0,0.0,0.655,-0.8270805742745616,-0.5620833778521309
198.19497975478595,0.0,197.00000000000003,0.0,1.5,5.0,0.0,0.0,0.6566666666666666,-0.8329212407100994,-0.5533915492433441
148.59761101713582,1.0,197.00000000000003,0.0,1.5,5.0,0.0,0.0,0.6566666666666666,-0.8329212407100994,-0.5533915492433441
99.40447676035524,2.0,197.00000000000003,0.0,1.5,5.0,0.0,0.0,0.6566666666666666,-0.8329212407100994,-0.5533915492433441
51.78078794301997,3.0,197.00000000000003,0.0,1.5,5.0,0.0,0.0,0.6566666666666666,-0.8329212407100994,-0.5533915492433441
198.69197266120239,0.0,197.5,0.0,1.5,5.0,0.0,0.0,0.6583333333333333,-0.8386705679454242,-0.544639035015027
149.09225331988245,1.0,197.5,0.0,1.5,5.0,0.0,0.0,0.6583333333333333,-0.8386705679454242,-0.544639035015027
99.89244215655157,2.0,197.5,0.0,1.5,5.0,0.0,0.0,0.6583333333333333,-0.8386705679454242,-0.544639035015027
52.23504570688151,3.0,197.5,0.0,1.5,5.0,0.0,0.0,0.6583333333333333,-0.8386705679454242,-0.544639035015027
199.18898061890874,0.0,198.0,0.0,1.5,5.0,0.0,0.0,0.66,-0.8443279255020153,-0.5358267949789963
149.58693124735194,1.0,198.0,0.0,1.5,5.0,0.0,0.0,0.66,-0.8443279255020153,-0.5358267949789963
100.38052599981731,2.0,198.0,0.0,1.5,5.0,0.0,0.0,0.66,-0.8443279255020153,-0.5358267949789963
52.690131903421914,3.0,198.0,0.0,1.5,5.0,0.0,0.0,0.66,-0.8443279255020153,-0.5358267949789963
199.68600351551933,0.0,198.5,0.0,1.5,5.0,0.0,0.0,0.6616666666666666,-0.8498926929868638,-0.5269557954966778
150.08164444728075,1.0,198.5,0.0,1.5,5.0,0.0,0.0,0.6616666666666666,-0.8498926929868638,-0.5269557954966778
100.86872657072657,2.0,198.5,0.0,1.5,5.0,0.0,0.0,0.6616666666666666,-0.8498926929868638,-0.5269557954966778
53.146025251188824,3.0,198.5,0.0,1.5,5.0,0.0,0.0,0.6616666666666666,-0.8498926929868638,-0.5269557954966778
200.1830412397614,0.0,199.00000000000003,0.0,1.5,5.0,0.0,0.0,0.6633333333333333,-0.8553642601605066,-0.5180270093731303
150.5763925720098,1.0,199.00000000000003,0.0,1.5,5.0,0.0,0.0,0.6633333333333333,-0.8553642601605066,-0.5180270093731303
101.35704218257361,2.0,199.00000000000003,0.0,1.5,5.0,0.0,0.0,0.6633333333333333,-0.8553642601605066,-0.5180270093731303
53.60270515561694,3.0,199.00000000000003,0.0,1.5,5.0,0.0,0.0,0.6633333333333333,-0.8553642601605066,-0.5180270093731303
200.68009368146113,0.0,199.50000000000003,0.0,1.5,5.0,0.0,0.0,0.665,-0.8607420270039433,-0.5090414157503719
151.07117527840978,1.0,199.50000000000003,0.0,1.5,5.0,0.0,0.0,0.665,-0.8607420270039433,-0.5090414157503719
101.84547118060776,2.0,199.50000000000003,0.0,1.5,5.0,0.0,0.0,0.665,-0.8607420270039433,-0.5090414157503719
54.06015168310206,3.0,199.50000000000003,0.0,1.5,5.0,0.0,0.0,0.665,-0.8607420270039433,-0.5090414157503719
201.17716073153036,0.0,200.0,0.0,1.5,5.0,0.0,0.0,0.6666666666666666,-0.8660254037844388,-0.4999999999999996
151.56599222780815,1.0,200.0,0.0,1.5,5.0,0.0,0.0,0.6666666666666666,-0.8660254037844388,-0.4999999999999996
102.33401194128959,2.0,200.0,0.0,1.5,5.0,0.0,0.0,0.6666666666666666,-0.8660254037844388,-0.4999999999999996
54.51834553615874,3.0,200.0,0.0,1.5,5.0,0.0,0.0,0.6666666666666666,-0.8660254037844388,-0.4999999999999996
201.6742422819533,0.0,200.5,0.0,1.5,5.0,0.0,0.0,0.6683333333333333,-0.8712138111201894,-0.49090375361514105
152.0608430859174,1.0,200.5,0.0,1.5,5.0,0.0,0.0,0.6683333333333333,-0.8712138111201894,-0.49090375361514105
102.82266287156737,2.0,200.5,0.0,1.5,5.0,0.0,0.0,0.6683333333333333,-0.8712138111201894,-0.49090375361514105
54.97726802961384,3.0,200.5,0.0,1.5,5.0,0.0,0.0,0.6683333333333333,-0.8712138111201894,-0.49090375361514105
202.17133822577324,0.0,201.0,0.0,1.5,5.0,0.0,0.0,0.67,-0.8763066800438636,-0.48175367410171527
152.5557275227646,1.0,201.0,0.0,1.5,5.0,0.0,0.0,0.67,-0.8763066800438636,-0.48175367410171527
103.31142240817324,2.0,201.0,0.0,1.5,5.0,0.0,0.0,0.67,-0.8763066800438636,-0.48175367410171527
55.43690106779058,3.0,201.0,0.0,1.5,5.0,0.0,0.0,0.67,-0.8763066800438636,-0.48175367410171527
202.66844845707982,0.0,201.50000000000003,0.0,1.5,5.0,0.0,0.0,0.6716666666666666,-0.8813034520649919,-0.47255076486905456
153.05064521262238,1.0,201.50000000000003,0.0,1.5,5.0,0.0,0.0,0.6716666666666666,-0.8813034520649919,-0.47255076486905456
103.8002890169387,2.0,201.50000000000003,0.0,1.5,5.0,0.0,0.0,0.6716666666666666,-0.8813034520649919,-0.47255076486905456
55.89722712264002,3.0,201.50000000000003,0.0,1.5,5.0,0.0,0.0,0.6716666666666666,-0.8813034520649919,-0.47255076486905456
203.16557287099607,0.0,202.00000000000003,0.0,1.5,5.0,0.0,0.0,0.6733333333333333,-0.8862035792312145,-0.46329603511986206
153.54559583394115,1.0,202.00000000000003,0.0,1.5,5.0,0.0,0.0,0.6733333333333333,-0.8862035792312145,-0.46329603511986206
104.28926119212854,2.0,202.00000000000003,0.0,1.5,5.0,0.0,0.0,0.6733333333333333,-0.8862035792312145,-0.46329603511986206
56.35822921277782,3.0,202.00000000000003,0.0,1.5,5.0,0.0,0.0,0.6733333333333333,-0.8862035792312145,-0.46329603511986206
203.66271136366618,0.0,202.5,0.0,1.5,5.0,0.0,0.0,0.675,-0.8910065241883678,-0.4539904997395469
154.0405790692829,1.0,202.5,0.0,1.5,5.0,0.0,0.0,0.675,-0.8910065241883678,-0.4539904997395469
104.77833745579284,2.0,202.5,0.0,1.5,5.0,0.0,0.0,0.675,-0.8910065241883678,-0.4539904997395469
56.819890883386954,3.0,202.5,0.0,1.5,5.0,0.0,0.0,0.675,-0.8910065241883678,-0.4539904997395469
204.159863832243,0.0,203.0,0.0,1.5,5.0,0.0,0.0,0.6766666666666666,-0.8957117602394129,-0.4446351791849274
154.5355946052559,1.0,203.0,0.0,1.5,5.0,0.0,0.0,0.6766666666666666,-0.8957117602394129,-0.4446351791849274
105.2675163571365,2.0,203.0,0.0,1.5,5.0,0.0,0.0,0.6766666666666666,-0.8957117602394129,-0.4446351791849274
57.282196186948,3.0,203.0,0.0,1.5,5.0,0.0,0.0,0.6766666666666666,-0.8957117602394129,-0.4446351791849274
204.65703017487573,0.0,203.5,0.0,1.5,5.0,0.0,0.0,0.6783333333333333,-0.9003187714021936,-0.43523109937232723
155.0306421324507,1.0,203.5,0.0,1.5,5.0,0.0,0.0,0.6783333333333333,-0.9003187714021936,-0.43523109937232723
105.75679647190529,2.0,203.5,0.0,1.5,5.0,0.0,0.0,0.6783333333333333,-0.9003187714021936,-0.43523109937232723
57.745129664760476,3.0,203.5,0.0,1.5,5.0,0.0,0.0,0.6783333333333333,-0.9003187714021936,-0.43523109937232723
205.1542102906982,0.0,204.00000000000003,0.0,1.5,5.0,0.0,0.0,0.68,-0.9048270524660194,-0.42577929156507294
155.5257213453775,1.0,204.00000000000003,0.0,1.5,5.0,0.0,0.0,0.68,-0.9048270524660194,-0.42577929156507294
106.24617640178872,2.0,204.00000000000003,0.0,1.5,5.0,0.0,0.0,0.68,-0.9048270524660194,-0.42577929156507294
58.208676329220914,3.0,204.00000000000003,0.0,1.5,5.0,0.0,0.0,0.68,-0.9048270524660194,-0.42577929156507294
205.65140407981661,0.0,204.50000000000003,0.0,1.5,5.0,0.0,0.0,0.6816666666666666,-0.9092361090470685,-0.41628079226040127
156.02083194240444,1.0,204.50000000000003,0.0,1.5,5.0,0.0,0.0,0.6816666666666666,-0.9092361090470685,-0.41628079226040127
106.73565477383836,2.0,204.50000000000003,0.0,1.5,5.0,0.0,0.0,0.6816666666666666,-0.9092361090470685,-0.41628079226040127
58.67282164682386,3.0,204.50000000000003,0.0,1.5,5.0,0.0,0.0,0.6816666666666666,-0.9092361090470685,-0.41628079226040127
206.14861144329836,0.0,205.0,0.0,1.5,5.0,0.0,0.0,0.6833333333333333,-0.9135454576426005,-0.40673664307580093
156.5159736256974,1.0,205.0,0.0,1.5,5.0,0.0,0.0,0.6833333333333333,-0.9135454576426005,-0.40673664307580093
107.22523023990203,2.0,205.0,0.0,1.5,5.0,0.0,0.0,0.6833333333333333,-0.9135454576426005,-0.40673664307580093
59.13755152185454,3.0,205.0,0.0,1.5,5.0,0.0,0.0,0.6833333333333333,-0.9135454576426005,-0.40673664307580093
206.64583228316027,0.0,205.5,0.0,1.5,5.0,0.0,0.0,0.685,-0.9177546256839813,-0.3971478906347803
157.0111461011606,1.0,205.5,0.0,1.5,5.0,0.0,0.0,0.685,-0.9177546256839813,-0.3971478906347803
107.71490147607247,2.0,205.5,0.0,1.5,5.0,0.0,0.0,0.685,-0.9177546256839813,-0.3971478906347803
59.602852280742404,3.0,205.5,0.0,1.5,5.0,0.0,0.0,0.685,-0.9177546256839813,-0.3971478906347803
207.14306650235724,0.0,206.0,0.0,1.5,5.0,0.0,0.0,0.6866666666666666,-0.9218631515885004,-0.3875155864521032
157.50634907837843,1.0,206.0,0.0,1.5,5.0,0.0,0.0,0.6866666666666666,-0.9218631515885004,-0.3875155864521032
108.2046671821507,2.0,206.0,0.0,1.5,5.0,0.0,0.0,0.6866666666666666,-0.9218631515885004,-0.3875155864521032
60.068710657046736,3.0,206.0,0.0,1.5,5.0,0.0,0.0,0.6866666666666666,-0.9218631515885004,-0.3875155864521032
207.64031400477128,0.0,206.50000000000003,0.0,1.5,5.0,0.0,0.0,0.6883333333333334,-0.9258705848099947,-0.37784078681846717
158.00158227055832,1.0,206.50000000000003,0.0,1.5,5.0,0.0,0.0,0.6883333333333334,-0.9258705848099947,-0.37784078681846717
108.69452608112336,2.0,206.50000000000003,0.0,1.5,5.0,0.0,0.0,0.6883333333333334,-0.9258705848099947,-0.37784078681846717
60.53511377704682,3.0,206.50000000000003,0.0,1.5,5.0,0.0,0.0,0.6883333333333334,-0.9258705848099947,-0.37784078681846717
208.13757469520013,0.0,207.00000000000003,0.0,1.5,5.0,0.0,0.0,0.69,-0.9297764858882511,-0.3681245526846786
158.49684539447466,1.0,207.00000000000003,0.0,1.5,5.0,0.0,0.0,0.69,-0.9297764858882511,-0.3681245526846786
109.18447691865362,2.0,207.00000000000003,0.0,1.5,5.0,0.0,0.0,0.69,-0.9297764858882511,-0.3681245526846786
61.00204914590987,3.0,207.00000000000003,0.0,1.5,5.0,0.0,0.0,0.69,-0.9297764858882511,-0.3681245526846786
208.6348484793468,0.0,207.5,0.0,1.5,5.0,0.0,0.0,0.6916666666666667,-0.9335804264972016,-0.3583679495453007
158.99213817041394,1.0,207.5,0.0,1.5,5.0,0.0,0.0,0.6916666666666667,-0.9335804264972016,-0.3583679495453007
109.67451846258547,2.0,207.5,0.0,1.5,5.0,0.0,0.0,0.6916666666666667,-0.9335804264972016,-0.3583679495453007
61.46950463441201,3.0,207.5,0.0,1.5,5.0,0.0,0.0,0.6916666666666667,-0.9335804264972016,-0.3583679495453007
209.13213526380875,0.0,208.0,0.0,1.5,5.0,0.0,0.0,0.6933333333333334,-0.9372819894918915,-0.34857204732181546
159.48746032212063,1.0,208.0,0.0,1.5,5.0,0.0,0.0,0.6933333333333334,-0.9372819894918915,-0.34857204732181546
110.16464950246063,2.0,208.0,0.0,1.5,5.0,0.0,0.0,0.6933333333333334,-0.9372819894918915,-0.34857204732181546
61.93746846618773,3.0,208.0,0.0,1.5,5.0,0.0,0.0,0.6933333333333334,-0.9372819894918915,-0.34857204732181546
209.62943495606717,0.0,208.5,0.0,1.5,5.0,0.0,0.0,0.695,-0.9408807689542255,-0.33873792024529137
159.98281157674407,1.0,208.5,0.0,1.5,5.0,0.0,0.0,0.695,-0.9408807689542255,-0.33873792024529137
110.65486884904794,2.0,208.5,0.0,1.5,5.0,0.0,0.0,0.695,-0.9408807689542255,-0.33873792024529137
62.40592920548495,3.0,208.5,0.0,1.5,5.0,0.0,0.0,0.695,-0.9408807689542255,-0.33873792024529137
210.1267474644768,0.0,209.00000000000003,0.0,1.5,5.0,0.0,0.0,0.6966666666666667,-0.9443763702374811,-0.328866646738583
160.47819166478666,1.0,209.00000000000003,0.0,1.5,5.0,0.0,0.0,0.6966666666666667,-0.9443763702374811,-0.328866646738583
111.14517533388485,2.0,209.00000000000003,0.0,1.5,5.0,0.0,0.0,0.6966666666666667,-0.9443763702374811,-0.328866646738583
62.87487574540409,3.0,209.00000000000003,0.0,1.5,5.0,0.0,0.0,0.6966666666666667,-0.9443763702374811,-0.328866646738583
210.6240726982555,0.0,209.50000000000003,0.0,1.5,5.0,0.0,0.0,0.6983333333333334,-0.9477684100095856,-0.31895930929807037
160.9736003200525,1.0,209.50000000000003,0.0,1.5,5.0,0.0,0.0,0.6983333333333334,-0.9477684100095856,-0.31895930929807037
111.63556780883056,2.0,209.50000000000003,0.0,1.5,5.0,0.0,0.0,0.6983333333333334,-0.9477684100095856,-0.31895930929807037
63.34429729659966,3.0,209.50000000000003,0.0,1.5,5.0,0.0,0.0,0.6983333333333334,-0.9477684100095856,-0.31895930929807037
211.1214105674742,0.0,210.0,0.0,1.5,5.0,0.0,0.0,0.7,-0.9510565162951535,-0.30901699437494756
161.46903727959736,1.0,210.0,0.0,1.5,5.0,0.0,0.0,0.7,-0.9510565162951535,-0.30901699437494756
112.12604514563064,2.0,210.0,0.0,1.5,5.0,0.0,0.0,0.7,-0.9510565162951535,-0.30901699437494756
63.81418337642503,3.0,210.0,0.0,1.5,5.0,0.0,0.0,0.7,-0.9510565162951535,-0.30901699437494756
211.61876098304705,0.0,210.5,0.0,1.5,5.0,0.0,0.0,0.7016666666666667,-0.9542403285162769,-0.2990407922560866
161.96450228367942,1.0,210.5,0.0,1.5,5.0,0.0,0.0,0.7016666666666667,-0.9542403285162769,-0.2990407922560866
112.61660623549264,2.0,210.5,0.0,1.5,5.0,0.0,0.0,0.7016666666666667,-0.9542403285162769,-0.2990407922560866
64.28452379850067,3.0,210.5,0.0,1.5,5.0,0.0,0.0,0.7016666666666667,-0.9542403285162769,-0.2990407922560866
212.11612385672146,0.0,211.0,0.0,1.5,5.0,0.0,0.0,0.7033333333333334,-0.9573194975320674,-0.2890317969444713
162.45999507571088,1.0,211.0,0.0,1.5,5.0,0.0,0.0,0.7033333333333334,-0.9573194975320674,-0.2890317969444713
113.10724998867225,2.0,211.0,0.0,1.5,5.0,0.0,0.0,0.7033333333333334,-0.9573194975320674,-0.2890317969444713
64.75530866268804,3.0,211.0,0.0,1.5,5.0,0.0,0.0,0.7033333333333334,-0.9573194975320674,-0.2890317969444713
212.6134991010684,0.0,211.50000000000003,0.0,1.5,5.0,0.0,0.0,0.705,-0.960293685676943,-0.2789911060392296
162.95551540221035,1.0,211.50000000000003,0.0,1.5,5.0,0.0,0.0,0.705,-0.960293685676943,-0.2789911060392296
113.59797533407013,2.0,211.50000000000003,0.0,1.5,5.0,0.0,0.0,0.705,-0.960293685676943,-0.2789911060392296
65.22652834545163,3.0,211.50000000000003,0.0,1.5,5.0,0.0,0.0,0.705,-0.960293685676943,-0.2789911060392296
213.11088662947282,0.0,212.00000000000003,0.0,1.5,5.0,0.0,0.0,0.7066666666666667,-0.9631625667976581,-0.2689198206152658
163.45106301275624,1.0,212.00000000000003,0.0,1.5,5.0,0.0,0.0,0.7066666666666667,-0.9631625667976581,-0.2689198206152658
114.08878121883855,2.0,212.00000000000003,0.0,1.5,5.0,0.0,0.0,0.7066666666666667,-0.9631625667976581,-0.2689198206152658
65.6981734905926,3.0,212.00000000000003,0.0,1.5,5.0,0.0,0.0,0.7066666666666667,-0.9631625667976581,-0.2689198206152658
213.6082863561243,0.0,212.5,0.0,1.5,5.0,0.0,0.0,0.7083333333333334,-0.9659258262890681,-0.2588190451025215
163.94663765994105,1.0,212.5,0.0,1.5,5.0,0.0,0.0,0.7083333333333334,-0.9659258262890681,-0.2588190451025215
114.57966660799812,2.0,212.5,0.0,1.5,5.0,0.0,0.0,0.7083333333333334,-0.9659258262890681,-0.2588190451025215
66.17023500033834,3.0,212.5,0.0,1.5,5.0,0.0,0.0,0.7083333333333334,-0.9659258262890681,-0.2588190451025215
214.10569819600786,0.0,213.0,0.0,1.5,5.0,0.0,0.0,0.71,-0.968583161128631,-0.2486898871648553
164.44223909932631,1.0,213.0,0.0,1.5,5.0,0.0,0.0,0.71,-0.968583161128631,-0.2486898871648553
115.070630484064,2.0,213.0,0.0,1.5,5.0,0.0,0.0,0.71,-0.968583161128631,-0.2486898871648553
66.6427040267725,3.0,213.0,0.0,1.5,5.0,0.0,0.0,0.71,-0.968583161128631,-0.2486898871648553
214.60312206489448,0.0,213.5,0.0,1.5,5.0,0.0,0.0,0.7116666666666667,-0.9711342799096362,-0.2385334575785803
164.93786708939825,1.0,213.5,0.0,1.5,5.0,0.0,0.0,0.7116666666666667,-0.9711342799096362,-0.2385334575785803
115.56167184668107,2.0,213.5,0.0,1.5,5.0,0.0,0.0,0.7116666666666667,-0.9711342799096362,-0.2385334575785803
67.11557196359128,3.0,213.5,0.0,1.5,5.0,0.0,0.0,0.7116666666666667,-0.9711342799096362,-0.2385334575785803
215.10055787933237,0.0,214.00000000000003,0.0,1.5,5.0,0.0,0.0,0.7133333333333334,-0.9735789028731603,-0.2283508701106558
165.43352139152455,1.0,214.00000000000003,0.0,1.5,5.0,0.0,0.0,0.7133333333333334,-0.9735789028731603,-0.2283508701106558
116.05278971226848,2.0,214.00000000000003,0.0,1.5,5.0,0.0,0.0,0.7133333333333334,-0.9735789028731603,-0.2283508701106558
67.58883043817228,3.0,214.00000000000003,0.0,1.5,5.0,0.0,0.0,0.7133333333333334,-0.9735789028731603,-0.2283508701106558
215.5980055566378,0.0,214.50000000000003,0.0,1.5,5.0,0.0,0.0,0.715,-0.9759167619387474,-0.21814324139654237
165.92920176991151,1.0,214.50000000000003,0.0,1.5,5.0,0.0,0.0,0.715,-0.9759167619387474,-0.21814324139654237
116.54398311367261,2.0,214.50000000000003,0.0,1.5,5.0,0.0,0.0,0.715,-0.9759167619387474,-0.21814324139654237
68.06247130394256,3.0,214.50000000000003,0.0,1.5,5.0,0.0,0.0,0.715,-0.9759167619387474,-0.21814324139654237
216.09546501488643,0.0,215.0,0.0,1.5,5.0,0.0,0.0,0.7166666666666667,-0.9781476007338056,-0.2079116908177598
166.42490799156238,1.0,215.0,0.0,1.5,5.0,0.0,0.0,0.7166666666666667,-0.9781476007338056,-0.2079116908177598
117.0352510998289,2.0,215.0,0.0,1.5,5.0,0.0,0.0,0.7166666666666667,-0.9781476007338056,-0.2079116908177598
68.53648663303365,3.0,215.0,0.0,1.5,5.0,0.0,0.0,0.7166666666666667,-0.9781476007338056,-0.2079116908177598
216.59293617290476,0.0,215.5,0.0,1.5,5.0,0.0,0.0,0.7183333333333334,-0.9802711746217218,-0.19765734037912638
166.920639826236,1.0,215.5,0.0,1.5,5.0,0.0,0.0,0.7183333333333334,-0.9802711746217218,-0.19765734037912638
117.52659273543158,2.0,215.5,0.0,1.5,5.0,0.0,0.0,0.7183333333333334,-0.9802711746217218,-0.19765734037912638
69.01086870921131,3.0,215.5,0.0,1.5,5.0,0.0,0.0,0.7183333333333334,-0.9802711746217218,-0.19765734037912638
217.09041895026138,0.0,216.0,0.0,1.5,5.0,0.0,0.0,0.72,-0.9822872507286887,-0.18738131458572463
167.41639704640642,1.0,216.0,0.0,1.5,5.0,0.0,0.0,0.72,-0.9822872507286887,-0.18738131458572463
118.01800710061156,2.0,216.0,0.0,1.5,5.0,0.0,0.0,0.72,-0.9822872507286887,-0.18738131458572463
69.4856100210684,3.0,216.0,0.0,1.5,5.0,0.0,0.0,0.72,-0.9822872507286887,-0.18738131458572463
217.58791326725853,0.0,216.50000000000003,0.0,1.5,5.0,0.0,0.0,0.7216666666666667,-0.984195607969242,-0.17708474031958307
167.91217942722324,1.0,216.50000000000003,0.0,1.5,5.0,0.0,0.0,0.7216666666666667,-0.984195607969242,-0.17708474031958307
118.50949329062212,2.0,216.50000000000003,0.0,1.5,5.0,0.0,0.0,0.7216666666666667,-0.984195607969242,-0.17708474031958307
69.96070325547052,3.0,216.50000000000003,0.0,1.5,5.0,0.0,0.0,0.7216666666666667,-0.984195607969242,-0.17708474031958307
218.0854190449238,0.0,217.00000000000003,0.0,1.5,5.0,0.0,0.0,0.7233333333333334,-0.9859960370705049,-0.16676874671610267
168.40798674647237,1.0,217.00000000000003,0.0,1.5,5.0,0.0,0.0,0.7233333333333334,-0.9859960370705049,-0.16676874671610267
119.00105041553208,2.0,217.00000000000003,0.0,1.5,5.0,0.0,0.0,0.7233333333333334,-0.9859960370705049,-0.16676874671610267
70.4361412912434,3.0,217.00000000000003,0.0,1.5,5.0,0.0,0.0,0.7233333333333334,-0.9859960370705049,-0.16676874671610267
218.58293620500206,0.0,217.5,0.0,1.5,5.0,0.0,0.0,0.725,-0.9876883405951377,-0.15643446504023104
168.90381878453783,1.0,217.5,0.0,1.5,5.0,0.0,0.0,0.725,-0.9876883405951377,-0.15643446504023104
119.4926775999266,2.0,217.5,0.0,1.5,5.0,0.0,0.0,0.725,-0.9876883405951377,-0.15643446504023104
70.91191719309245,3.0,217.5,0.0,1.5,5.0,0.0,0.0,0.725,-0.9876883405951377,-0.15643446504023104
219.08046466994725,0.0,218.0,0.0,1.5,5.0,0.0,0.0,0.7266666666666667,-0.9892723329629882,-0.14608302856241243
169.39967532436418,1.0,218.0,0.0,1.5,5.0,0.0,0.0,0.7266666666666667,-0.9892723329629882,-0.14608302856241243
119.98437398261493,2.0,218.0,0.0,1.5,5.0,0.0,0.0,0.7266666666666667,-0.9892723329629882,-0.14608302856241243
71.38802420574476,3.0,218.0,0.0,1.5,5.0,0.0,0.0,0.7266666666666667,-0.9892723329629882,-0.14608302856241243
219.57800436291427,0.0,218.5,0.0,1.5,5.0,0.0,0.0,0.7283333333333334,-0.9907478404714435,-0.135715572434305
169.8955561514191,1.0,218.5,0.0,1.5,5.0,0.0,0.0,0.7283333333333334,-0.9907478404714435,-0.135715572434305
120.47613871634499,2.0,218.5,0.0,1.5,5.0,0.0,0.0,0.7283333333333334,-0.9907478404714435,-0.135715572434305
71.8644557483044,3.0,218.5,0.0,1.5,5.0,0.0,0.0,0.7283333333333334,-0.9907478404714435,-0.135715572434305
220.07555520775136,0.0,219.00000000000003,0.0,1.5,5.0,0.0,0.0,0.73,-0.9921147013144779,-0.12533323356430373
170.3914610536573,1.0,219.00000000000003,0.0,1.5,5.0,0.0,0.0,0.73,-0.9921147013144779,-0.12533323356430373
120.96797096752515,2.0,219.00000000000003,0.0,1.5,5.0,0.0,0.0,0.73,-0.9921147013144779,-0.12533323356430373
72.3412054088125,3.0,219.00000000000003,0.0,1.5,5.0,0.0,0.0,0.73,-0.9921147013144779,-0.12533323356430373
220.57311712899198,0.0,219.50000000000003,0.0,1.5,5.0,0.0,0.0,0.7316666666666667,-0.9933727656003964,-0.11493715049286674
170.88738982148453,1.0,219.50000000000003,0.0,1.5,5.0,0.0,0.0,0.7316666666666667,-0.9933727656003964,-0.11493715049286674
121.45986991595211,2.0,219.50000000000003,0.0,1.5,5.0,0.0,0.0,0.7316666666666667,-0.9933727656003964,-0.11493715049286674
72.81826693900373,3.0,219.50000000000003,0.0,1.5,5.0,0.0,0.0,0.7316666666666667,-0.9933727656003964,-0.11493715049286674
221.07069005184744,0.0,220.0,0.0,1.5,5.0,0.0,0.0,0.7333333333333333,-0.9945218953682734,-0.10452846326765336
171.38334224772254,1.0,220.0,0.0,1.5,5.0,0.0,0.0,0.7333333333333333,-0.9945218953682734,-0.10452846326765336
121.95183475454562,2.0,220.0,0.0,1.5,5.0,0.0,0.0,0.7333333333333333,-0.9945218953682734,-0.10452846326765336
73.29563424925117,3.0,220.0,0.0,1.5,5.0,0.0,0.0,0.7333333333333333,-0.9945218953682734,-0.10452846326765336
221.56827390219928,0.0,220.5,0.0,1.5,5.0,0.0,0.0,0.735,-0.99556196460308,-0.09410831331851485
171.8793181275746,1.0,220.5,0.0,1.5,5.0,0.0,0.0,0.735,-0.99556196460308,-0.09410831331851485
122.44386468908927,2.0,220.5,0.0,1.5,5.0,0.0,0.0,0.735,-0.99556196460308,-0.09410831331851485
73.7733014036921,3.0,220.5,0.0,1.5,5.0,0.0,0.0,0.735,-0.99556196460308,-0.09410831331851485
222.06586860659158,0.0,221.0,0.0,1.5,5.0,0.0,0.0,0.7366666666666667,-0.9964928592495043,-0.08367784333231579
172.37531725859128,1.0,221.0,0.0,1.5,5.0,0.0,0.0,0.7366666666666667,-0.9964928592495043,-0.08367784333231579
122.93595893797713,2.0,221.0,0.0,1.5,5.0,0.0,0.0,0.7366666666666667,-0.9964928592495043,-0.08367784333231579
74.25126261552728,3.0,221.0,0.0,1.5,5.0,0.0,0.0,0.7366666666666667,-0.9964928592495043,-0.08367784333231579
222.56347409222388,0.0,221.50000000000003,0.0,1.5,5.0,0.0,0.0,0.7383333333333333,-0.9973144772244581,-0.07323819712763176
172.8713394406372,1.0,221.50000000000003,0.0,1.5,5.0,0.0,0.0,0.7383333333333333,-0.9973144772244581,-0.07323819712763176
123.42811673196674,2.0,221.50000000000003,0.0,1.5,5.0,0.0,0.0,0.7383333333333333,-0.9973144772244581,-0.07323819712763176
74.72951224248693,3.0,221.50000000000003,0.0,1.5,5.0,0.0,0.0,0.7383333333333333,-0.9973144772244581,-0.07323819712763176
223.06109028694362,0.0,222.00000000000003,0.0,1.5,5.0,0.0,0.0,0.74,-0.9980267284282716,-0.06279051952931321
173.36738447585813,1.0,222.00000000000003,0.0,1.5,5.0,0.0,0.0,0.74,-0.9980267284282716,-0.06279051952931321
123.92033731393732,2.0,222.00000000000003,0.0,1.5,5.0,0.0,0.0,0.74,-0.9980267284282716,-0.06279051952931321
75.20804478245665,3.0,222.00000000000003,0.0,1.5,5.0,0.0,0.0,0.74,-0.9980267284282716,-0.06279051952931321
223.55871711923916,0.0,222.5,0.0,1.5,5.0,0.0,0.0,0.7416666666666667,-0.9986295347545738,-0.052335956242944306
173.8634521686487,1.0,222.5,0.0,1.5,5.0,0.0,0.0,0.7416666666666667,-0.9986295347545738,-0.052335956242944306
124.41261993865413,2.0,222.5,0.0,1.5,5.0,0.0,0.0,0.7416666666666667,-0.9986295347545738,-0.052335956242944306
75.68685486925719,3.0,222.5,0.0,1.5,5.0,0.0,0.0,0.7416666666666667,-0.9986295347545738,-0.052335956242944306
224.05635451823275,0.0,223.0,0.0,1.5,5.0,0.0,0.0,0.7433333333333333,-0.9991228300988584,-0.04187565372919987
174.35954232562094,1.0,223.0,0.0,1.5,5.0,0.0,0.0,0.7433333333333333,-0.9991228300988584,-0.04187565372919987
124.9049638725379,2.0,223.0,0.0,1.5,5.0,0.0,0.0,0.7433333333333333,-0.9991228300988584,-0.04187565372919987
76.16593726857171,3.0,223.0,0.0,1.5,5.0,0.0,0.0,0.7433333333333333,-0.9991228300988584,-0.04187565372919987
224.55400241367332,0.0,223.5,0.0,1.5,5.0,0.0,0.0,0.745,-0.9995065603657315,-0.03141075907812919
174.8556547555726,1.0,223.5,0.0,1.5,5.0,0.0,0.0,0.745,-0.9995065603657315,-0.03141075907812919
125.39736839343958,2.0,223.5,0.0,1.5,5.0,0.0,0.0,0.745,-0.9995065603657315,-0.03141075907812919
76.64528687401463,3.0,223.5,0.0,1.5,5.0,0.0,0.0,0.745,-0.9995065603657315,-0.03141075907812919
225.05166073592972,0.0,224.00000000000003,0.0,1.5,5.0,0.0,0.0,0.7466666666666667,-0.9997806834748455,-0.02094241988335673
175.35178926945687,1.0,224.00000000000003,0.0,1.5,5.0,0.0,0.0,0.7466666666666667,-0.9997806834748455,-0.02094241988335673
125.8898327904204,2.0,224.00000000000003,0.0,1.5,5.0,0.0,0.0,0.7466666666666667,-0.9997806834748455,-0.02094241988335673
77.12489870333707,3.0,224.00000000000003,0.0,1.5,5.0,0.0,0.0,0.7466666666666667,-0.9997806834748455,-0.02094241988335673
225.5493294159839,0.0,224.50000000000003,0.0,1.5,5.0,0.0,0.0,0.7483333333333333,-0.9999451693655121,-0.010471784116245325
175.84794568035196,1.0,224.50000000000003,0.0,1.5,5.0,0.0,0.0,0.7483333333333333,-0.9999451693655121,-0.010471784116245325
126.38235636353679,2.0,224.50000000000003,0.0,1.5,5.0,0.0,0.0,0.7483333333333333,-0.9999451693655121,-0.010471784116245325
77.60476789476279,3.0,224.50000000000003,0.0,1.5,5.0,0.0,0.0,0.7483333333333333,-0.9999451693655121,-0.010471784116245325
226.0470083854241,0.0,225.0,0.0,1.5,5.0,0.0,0.0,0.75,-1.0,-1.8369701987210297e-16
176.34412380343156,1.0,225.0,0.0,1.5,5.0,0.0,0.0,0.75,-1.0,-1.8369701987210297e-16
126.87493842363038,2.0,225.0,0.0,1.5,5.0,0.0,0.0,0.75,-1.0,-1.8369701987210297e-16
78.08488970345032,3.0,225.0,0.0,1.5,5.0,0.0,0.0,0.75,-1.0,-1.8369701987210297e-16
226.54469757643855,0.0,225.5,0.0,1.5,5.0,0.0,0.0,0.7516666666666667,-0.9999451693655121,0.010471784116245846
176.84032345593582,1.0,225.5,0.0,1.5,5.0,0.0,0.0,0.7516666666666667,-0.9999451693655121,0.010471784116245846
127.36757829212267,2.0,225.5,0.0,1.5,5.0,0.0,0.0,0.7516666666666667,-0.9999451693655121,0.010471784116245846
78.56525949807586,3.0,225.5,0.0,1.5,5.0,0.0,0.0,0.7516666666666667,-0.9999451693655121,0.010471784116245846
227.0423969218084,0.0,226.0,0.0,1.5,5.0,0.0,0.0,0.7533333333333333,-0.9997806834748455,0.02094241988335636
177.33654445714228,1.0,226.0,0.0,1.5,5.0,0.0,0.0,0.7533333333333333,-0.9997806834748455,0.02094241988335636
127.86027530081421,2.0,226.0,0.0,1.5,5.0,0.0,0.0,0.7533333333333333,-0.9997806834748455,0.02094241988335636
79.04587275753238,3.0,226.0,0.0,1.5,5.0,0.0,0.0,0.7533333333333333,-0.9997806834748455,0.02094241988335636
227.54010635490178,0.0,226.50000000000003,0.0,1.5,5.0,0.0,0.0,0.755,-0.9995065603657316,0.03141075907812793
177.83278662833806,1.0,226.50000000000003,0.0,1.5,5.0,0.0,0.0,0.755,-0.9995065603657316,0.03141075907812793
128.35302879168847,2.0,226.50000000000003,0.0,1.5,5.0,0.0,0.0,0.755,-0.9995065603657316,0.03141075907812793
79.52672506774063,3.0,226.50000000000003,0.0,1.5,5.0,0.0,0.0,0.755,-0.9995065603657316,0.03141075907812793
228.03782580966697,0.0,227.00000000000003,0.0,1.5,5.0,0.0,0.0,0.7566666666666667,-0.9991228300988584,0.041875653729199505
178.32904979279178,1.0,227.00000000000003,0.0,1.5,5.0,0.0,0.0,0.7566666666666667,-0.9991228300988584,0.041875653729199505
128.84583811671996,2.0,227.00000000000003,0.0,1.5,5.0,0.0,0.0,0.7566666666666667,-0.9991228300988584,0.041875653729199505
80.00781211856756,3.0,227.00000000000003,0.0,1.5,5.0,0.0,0.0,0.7566666666666667,-0.9991228300988584,0.041875653729199505
228.53555522062643,0.0,227.5,0.0,1.5,5.0,0.0,0.0,0.7583333333333333,-0.9986295347545738,0.052335956242943946
178.82533377572653,1.0,227.5,0.0,1.5,5.0,0.0,0.0,0.7583333333333333,-0.9986295347545738,0.052335956242943946
129.3387026376869,2.0,227.5,0.0,1.5,5.0,0.0,0.0,0.7583333333333333,-0.9986295347545738,0.052335956242943946
80.48912970084842,3.0,227.5,0.0,1.5,5.0,0.0,0.0,0.7583333333333333,-0.9986295347545738,0.052335956242943946
229.03329452287062,0.0,228.0,0.0,1.5,5.0,0.0,0.0,0.76,-0.9980267284282716,0.06279051952931283
179.32163840429297,1.0,228.0,0.0,1.5,5.0,0.0,0.0,0.76,-0.9980267284282716,0.06279051952931283
129.83162172598784,2.0,228.0,0.0,1.5,5.0,0.0,0.0,0.76,-0.9980267284282716,0.06279051952931283
80.97067370350824,3.0,228.0,0.0,1.5,5.0,0.0,0.0,0.76,-0.9980267284282716,0.06279051952931283
229.53104365205155,0.0,228.5,0.0,1.5,5.0,0.0,0.0,0.7616666666666667,-0.9973144772244581,0.07323819712763138
179.81796350754283,1.0,228.5,0.0,1.5,5.0,0.0,0.0,0.7616666666666667,-0.9973144772244581,0.07323819712763138
130.32459476246223,2.0,228.5,0.0,1.5,5.0,0.0,0.0,0.7616666666666667,-0.9973144772244581,0.07323819712763138
81.45244011077875,3.0,228.5,0.0,1.5,5.0,0.0,0.0,0.7616666666666667,-0.9973144772244581,0.07323819712763138
230.02880254437707,0.0,229.00000000000003,0.0,1.5,5.0,0.0,0.0,0.7633333333333333,-0.9964928592495044,0.08367784333231454
180.314308916403,1.0,229.00000000000003,0.0,1.5,5.0,0.0,0.0,0.7633333333333333,-0.9964928592495044,0.08367784333231454
130.81762113721533,2.0,229.00000000000003,0.0,1.5,5.0,0.0,0.0,0.7633333333333333,-0.9964928592495044,0.08367784333231454
81.93442499950802,3.0,229.00000000000003,0.0,1.5,5.0,0.0,0.0,0.7633333333333333,-0.9964928592495044,0.08367784333231454
230.5265711366046,0.0,229.50000000000003,0.0,1.5,5.0,0.0,0.0,0.765,-0.99556196460308,0.09410831331851449
180.81067446365,1.0,229.50000000000003,0.0,1.5,5.0,0.0,0.0,0.765,-0.99556196460308,0.09410831331851449
131.31070024944657,2.0,229.50000000000003,0.0,1.5,5.0,0.0,0.0,0.765,-0.99556196460308,0.09410831331851449
82.41662453655819,3.0,229.50000000000003,0.0,1.5,5.0,0.0,0.0,0.765,-0.99556196460308,0.09410831331851449
231.02434936603544,0.0,230.0,0.0,1.5,5.0,0.0,0.0,0.7666666666666667,-0.9945218953682733,0.10452846326765387
181.30705998388478,1.0,230.0,0.0,1.5,5.0,0.0,0.0,0.7666666666666667,-0.9945218953682733,0.10452846326765387
131.80383150728207,2.0,230.0,0.0,1.5,5.0,0.0,0.0,0.7666666666666667,-0.9945218953682733,0.10452846326765387
82.89903497628907,3.0,230.0,0.0,1.5,5.0,0.0,0.0,0.7666666666666667,-0.9945218953682733,0.10452846326765387
231.52213717050904,0.0,230.5,0.0,1.5,5.0,0.0,0.0,0.7683333333333333,-0.9933727656003964,0.11493715049286636
181.80346531350827,1.0,230.5,0.0,1.5,5.0,0.0,0.0,0.7683333333333333,-0.9933727656003964,0.11493715049286636
132.29701432761058,2.0,230.5,0.0,1.5,5.0,0.0,0.0,0.7683333333333333,-0.9933727656003964,0.11493715049286636
83.38165265812378,3.0,230.5,0.0,1.5,5.0,0.0,0.0,0.7683333333333333,-0.9933727656003964,0.11493715049286636
232.01993448839693,0.0,231.0,0.0,1.5,5.0,0.0,0.0,0.77,-0.9921147013144779,0.12533323356430423
182.29989029069657,1.0,231.0,0.0,1.5,5.0,0.0,0.0,0.77,-0.9921147013144779,0.12533323356430423
132.79024813592298,2.0,231.0,0.0,1.5,5.0,0.0,0.0,0.77,-0.9921147013144779,0.12533323356430423
83.86447400419321,3.0,231.0,0.0,1.5,5.0,0.0,0.0,0.77,-0.9921147013144779,0.12533323356430423
232.51774125859734,0.0,231.50000000000003,0.0,1.5,5.0,0.0,0.0,0.7716666666666666,-0.9907478404714437,0.13571557243430374
182.79633475537744,1.0,231.50000000000003,0.0,1.5,5.0,0.0,0.0,0.7716666666666666,-0.9907478404714437,0.13571557243430374
133.28353236615544,2.0,231.50000000000003,0.0,1.5,5.0,0.0,0.0,0.7716666666666666,-0.9907478404714437,0.13571557243430374
84.34749551705733,3.0,231.50000000000003,0.0,1.5,5.0,0.0,0.0,0.7716666666666666,-0.9907478404714437,0.13571557243430374
233.01555742052935,0.0,232.00000000000003,0.0,1.5,5.0,0.0,0.0,0.7733333333333333,-0.9892723329629883,0.1460830285624112
183.29279854920654,1.0,232.00000000000003,0.0,1.5,5.0,0.0,0.0,0.7733333333333333,-0.9892723329629883,0.1460830285624112
133.77686646053573,2.0,232.00000000000003,0.0,1.5,5.0,0.0,0.0,0.7733333333333333,-0.9892723329629883,0.1460830285624112
84.83071377749927,3.0,232.00000000000003,0.0,1.5,5.0,0.0,0.0,0.7733333333333333,-0.9892723329629883,0.1460830285624112
233.51338291412765,0.0,232.5,0.0,1.5,5.0,0.0,0.0,0.775,-0.9876883405951378,0.15643446504023067
183.7892815155443,1.0,232.5,0.0,1.5,5.0,0.0,0.0,0.775,-0.9876883405951378,0.15643446504023067
134.27024986943312,2.0,232.5,0.0,1.5,5.0,0.0,0.0,0.775,-0.9876883405951378,0.15643446504023067
85.31412544239085,3.0,232.5,0.0,1.5,5.0,0.0,0.0,0.775,-0.9876883405951378,0.15643446504023067
234.01121767983688,0.0,233.0,0.0,1.5,5.0,0.0,0.0,0.7766666666666666,-0.9859960370705049,0.1667687467161023
184.28578349943328,1.0,233.0,0.0,1.5,5.0,0.0,0.0,0.7766666666666666,-0.9859960370705049,0.1667687467161023
134.76368205121142,2.0,233.0,0.0,1.5,5.0,0.0,0.0,0.7766666666666666,-0.9859960370705049,0.1667687467161023
85.79772724262573,3.0,233.0,0.0,1.5,5.0,0.0,0.0,0.7766666666666666,-0.9859960370705049,0.1667687467161023
234.50906165860627,0.0,233.5,0.0,1.5,5.0,0.0,0.0,0.7783333333333333,-0.984195607969242,0.17708474031958268
184.78230434757543,1.0,233.5,0.0,1.5,5.0,0.0,0.0,0.7783333333333333,-0.984195607969242,0.17708474031958268
135.257162472085,2.0,233.5,0.0,1.5,5.0,0.0,0.0,0.7783333333333333,-0.984195607969242,0.17708474031958268
86.28151598111846,3.0,233.5,0.0,1.5,5.0,0.0,0.0,0.7783333333333333,-0.984195607969242,0.17708474031958268
235.0069147918844,0.0,234.00000000000003,0.0,1.5,5.0,0.0,0.0,0.78,-0.9822872507286887,0.18738131458572427
185.27884390831028,1.0,234.00000000000003,0.0,1.5,5.0,0.0,0.0,0.78,-0.9822872507286887,0.18738131458572427
135.75069060597815,2.0,234.00000000000003,0.0,1.5,5.0,0.0,0.0,0.78,-0.9822872507286887,0.18738131458572427
86.76548853086695,3.0,234.00000000000003,0.0,1.5,5.0,0.0,0.0,0.78,-0.9822872507286887,0.18738131458572427
235.50477702161376,0.0,234.50000000000003,0.0,1.5,5.0,0.0,0.0,0.7816666666666666,-0.9802711746217219,0.19765734037912602
185.775402031593,1.0,234.50000000000003,0.0,1.5,5.0,0.0,0.0,0.7816666666666666,-0.9802711746217219,0.19765734037912602
136.24426593438716,2.0,234.50000000000003,0.0,1.5,5.0,0.0,0.0,0.7816666666666666,-0.9802711746217219,0.19765734037912602
87.24964183307577,3.0,234.50000000000003,0.0,1.5,5.0,0.0,0.0,0.7816666666666666,-0.9802711746217219,0.19765734037912602
236.00264829022575,0.0,235.0,0.0,1.5,5.0,0.0,0.0,0.7833333333333333,-0.9781476007338056,0.20791169081775943
186.27197856897317,1.0,235.0,0.0,1.5,5.0,0.0,0.0,0.7833333333333333,-0.9781476007338056,0.20791169081775943
136.73788794624554,2.0,235.0,0.0,1.5,5.0,0.0,0.0,0.7833333333333333,-0.9781476007338056,0.20791169081775943
87.73397289533855,3.0,235.0,0.0,1.5,5.0,0.0,0.0,0.7833333333333333,-0.9781476007338056,0.20791169081775943
236.5005285406356,0.0,235.5,0.0,1.5,5.0,0.0,0.0,0.785,-0.9759167619387473,0.2181432413965429
186.76857337357376,1.0,235.5,0.0,1.5,5.0,0.0,0.0,0.785,-0.9759167619387473,0.2181432413965429
137.23155613779215,2.0,235.5,0.0,1.5,5.0,0.0,0.0,0.785,-0.9759167619387473,0.2181432413965429
88.21847878987712,3.0,235.5,0.0,1.5,5.0,0.0,0.0,0.785,-0.9759167619387473,0.2181432413965429
236.99841771623707,0.0,236.0,0.0,1.5,5.0,0.0,0.0,0.7866666666666666,-0.9735789028731603,0.22835087011065544
187.2651863000702,1.0,236.0,0.0,1.5,5.0,0.0,0.0,0.7866666666666666,-0.9735789028731603,0.22835087011065544
137.7252700124418,2.0,236.0,0.0,1.5,5.0,0.0,0.0,0.7866666666666666,-0.9735789028731603,0.22835087011065544
88.70315665183512,3.0,236.0,0.0,1.5,5.0,0.0,0.0,0.7866666666666666,-0.9735789028731603,0.22835087011065544
237.4963157608977,0.0,236.50000000000003,0.0,1.5,5.0,0.0,0.0,0.7883333333333333,-0.9711342799096361,0.2385334575785808
187.76181720467025,1.0,236.50000000000003,0.0,1.5,5.0,0.0,0.0,0.7883333333333333,-0.9711342799096361,0.2385334575785808
138.21902908065883,2.0,236.50000000000003,0.0,1.5,5.0,0.0,0.0,0.7883333333333333,-0.9711342799096361,0.2385334575785808
89.18800367762475,3.0,236.50000000000003,0.0,1.5,5.0,0.0,0.0,0.7883333333333333,-0.9711342799096361,0.2385334575785808
237.99422261895353,0.0,237.00000000000003,0.0,1.5,5.0,0.0,0.0,0.79,-0.9685831611286313,0.24868988716485407
188.25846594509372,1.0,237.00000000000003,0.0,1.5,5.0,0.0,0.0,0.79,-0.9685831611286313,0.24868988716485407
138.71283285983316,2.0,237.00000000000003,0.0,1.5,5.0,0.0,0.0,0.79,-0.9685831611286313,0.24868988716485407
89.67301712332426,3.0,237.00000000000003,0.0,1.5,5.0,0.0,0.0,0.79,-0.9685831611286313,0.24868988716485407
238.49213823520472,0.0,237.5,0.0,1.5,5.0,0.0,0.0,0.7916666666666666,-0.9659258262890682,0.25881904510252113
188.75513238055277,1.0,237.5,0.0,1.5,5.0,0.0,0.0,0.7916666666666666,-0.9659258262890682,0.25881904510252113
139.2066808741592,2.0,237.5,0.0,1.5,5.0,0.0,0.0,0.7916666666666666,-0.9659258262890682,0.25881904510252113
90.15819430312477,3.0,237.5,0.0,1.5,5.0,0.0,0.0,0.7916666666666666,-0.9659258262890682,0.25881904510252113
238.99006255491042,0.0,238.0,0.0,1.5,5.0,0.0,0.0,0.7933333333333333,-0.9631625667976582,0.2689198206152655
189.25181637173262,1.0,238.0,0.0,1.5,5.0,0.0,0.0,0.7933333333333333,-0.9631625667976582,0.2689198206152655
139.70057265451706,2.0,238.0,0.0,1.5,5.0,0.0,0.0,0.7933333333333333,-0.9631625667976582,0.2689198206152655
90.6435325878245,3.0,238.0,0.0,1.5,5.0,0.0,0.0,0.7933333333333333,-0.9631625667976582,0.2689198206152655
239.48799552378404,0.0,238.5,0.0,1.5,5.0,0.0,0.0,0.795,-0.9602936856769431,0.2789911060392292
189.74851778077215,1.0,238.5,0.0,1.5,5.0,0.0,0.0,0.795,-0.9602936856769431,0.2789911060392292
140.19450773835615,2.0,238.5,0.0,1.5,5.0,0.0,0.0,0.795,-0.9602936856769431,0.2789911060392292
91.12902940336849,3.0,238.5,0.0,1.5,5.0,0.0,0.0,0.795,-0.9602936856769431,0.2789911060392292
239.9859370879886,0.0,239.00000000000003,0.0,1.5,5.0,0.0,0.0,0.7966666666666666,-0.9573194975320675,0.28903179694447095
190.2452364712452,1.0,239.00000000000003,0.0,1.5,5.0,0.0,0.0,0.7966666666666666,-0.9573194975320675,0.28903179694447095
140.68848566958138,2.0,239.00000000000003,0.0,1.5,5.0,0.0,0.0,0.7966666666666666,-0.9573194975320675,0.28903179694447095
91.6146822294331,3.0,239.00000000000003,0.0,1.5,5.0,0.0,0.0,0.7966666666666666,-0.9573194975320675,0.28903179694447095
240.48388719413202,0.0,239.50000000000003,0.0,1.5,5.0,0.0,0.0,0.7983333333333333,-0.954240328516277,0.29904079225608626
190.74197230814198,1.0,239.50000000000003,0.0,1.5,5.0,0.0,0.0,0.7983333333333333,-0.954240328516277,0.29904079225608626
141.18250599844163,2.0,239.50000000000003,0.0,1.5,5.0,0.0,0.0,0.7983333333333333,-0.954240328516277,0.29904079225608626
92.10048859805254,3.0,239.50000000000003,0.0,1.5,5.0,0.0,0.0,0.7983333333333333,-0.954240328516277,0.29904079225608626
240.98184578926274,0.0,240.0,0.0,1.5,5.0,0.0,0.0,0.8,-0.9510565162951536,0.30901699437494723
191.2387251578508,1.0,240.0,0.0,1.5,5.0,0.0,0.0,0.8,-0.9510565162951536,0.30901699437494723
141.6765682814205,2.0,240.0,0.0,1.5,5.0,0.0,0.0,0.8,-0.9510565162951536,0.30901699437494723
92.58644609228718,3.0,240.0,0.0,1.5,5.0,0.0,0.0,0.8,-0.9510565162951536,0.30901699437494723
241.47981282086502,0.0,240.5,0.0,1.5,5.0,0.0,0.0,0.8016666666666666,-0.9477684100095857,0.31895930929807
191.7354948881401,1.0,240.5,0.0,1.5,5.0,0.0,0.0,0.8016666666666666,-0.9477684100095857,0.31895930929807
142.1706720811293,2.0,240.5,0.0,1.5,5.0,0.0,0.0,0.8016666666666666,-0.9477684100095857,0.31895930929807
93.07255234493142,3.0,240.5,0.0,1.5,5.0,0.0,0.0,0.8016666666666666,-0.9477684100095857,0.31895930929807
241.9777882368545,0.0,241.0,0.0,1.5,5.0,0.0,0.0,0.8033333333333333,-0.944376370237481,0.3288666467385835
192.23228136814066,1.0,241.0,0.0,1.5,5.0,0.0,0.0,0.8033333333333333,-0.944376370237481,0.3288666467385835
142.6648169662023,2.0,241.0,0.0,1.5,5.0,0.0,0.0,0.8033333333333333,-0.944376370237481,0.3288666467385835
93.55880503725986,3.0,241.0,0.0,1.5,5.0,0.0,0.0,0.8033333333333333,-0.944376370237481,0.3288666467385835
242.47577198557389,0.0,241.50000000000003,0.0,1.5,5.0,0.0,0.0,0.805,-0.9408807689542256,0.33873792024529104
192.72908446832827,1.0,241.50000000000003,0.0,1.5,5.0,0.0,0.0,0.805,-0.9408807689542256,0.33873792024529104
143.15900251119385,2.0,241.50000000000003,0.0,1.5,5.0,0.0,0.0,0.805,-0.9408807689542256,0.33873792024529104
94.04520189781086,3.0,241.50000000000003,0.0,1.5,5.0,0.0,0.0,0.805,-0.9408807689542256,0.33873792024529104
242.97376401578836,0.0,242.00000000000003,0.0,1.5,5.0,0.0,0.0,0.8066666666666666,-0.9372819894918916,0.34857204732181507
193.22590406050637,1.0,242.00000000000003,0.0,1.5,5.0,0.0,0.0,0.8066666666666666,-0.9372819894918916,0.34857204732181507
143.65322829647792,2.0,242.00000000000003,0.0,1.5,5.0,0.0,0.0,0.8066666666666666,-0.9372819894918916,0.34857204732181507
94.53174070120578,3.0,242.00000000000003,0.0,1.5,5.0,0.0,0.0,0.8066666666666666,-0.9372819894918916,0.34857204732181507
243.47176427668157,0.0,242.5,0.0,1.5,5.0,0.0,0.0,0.8083333333333333,-0.9335804264972021,0.35836794954529955
193.72274001778933,1.0,242.5,0.0,1.5,5.0,0.0,0.0,0.8083333333333333,-0.9335804264972021,0.35836794954529955
144.1474939081495,2.0,242.5,0.0,1.5,5.0,0.0,0.0,0.8083333333333333,-0.9335804264972021,0.35836794954529955
95.01841926700317,3.0,242.5,0.0,1.5,5.0,0.0,0.0,0.8083333333333333,-0.9335804264972021,0.35836794954529955
243.96977271785127,0.0,243.0,0.0,1.5,5.0,0.0,0.0,0.81,-0.9297764858882512,0.36812455268467825
194.21959221458582,1.0,243.0,0.0,1.5,5.0,0.0,0.0,0.81,-0.9297764858882512,0.36812455268467825
144.64179893792803,2.0,243.0,0.0,1.5,5.0,0.0,0.0,0.81,-0.9297764858882512,0.36812455268467825
95.50523545858624,3.0,243.0,0.0,1.5,5.0,0.0,0.0,0.81,-0.9297764858882512,0.36812455268467825
244.46778928930493,0.0,243.5,0.0,1.5,5.0,0.0,0.0,0.8116666666666666,-0.9258705848099948,0.37784078681846683
194.7164605265821,1.0,243.5,0.0,1.5,5.0,0.0,0.0,0.8116666666666666,-0.9258705848099948,0.37784078681846683
145.13614298306263,2.0,243.5,0.0,1.5,5.0,0.0,0.0,0.8116666666666666,-0.9258705848099948,0.37784078681846683
95.99218718208269,3.0,243.5,0.0,1.5,5.0,0.0,0.0,0.8116666666666666,-0.9258705848099948,0.37784078681846683
244.96581394145596,0.0,244.00000000000003,0.0,1.5,5.0,0.0,0.0,0.8133333333333334,-0.9218631515885005,0.3875155864521029
195.2133448307262,1.0,244.00000000000003,0.0,1.5,5.0,0.0,0.0,0.8133333333333334,-0.9218631515885005,0.3875155864521029
145.63052564623945,2.0,244.00000000000003,0.0,1.5,5.0,0.0,0.0,0.8133333333333334,-0.9218631515885005,0.3875155864521029
96.47927238531604,3.0,244.00000000000003,0.0,1.5,5.0,0.0,0.0,0.8133333333333334,-0.9218631515885005,0.3875155864521029
245.46384662511915,0.0,244.50000000000003,0.0,1.5,5.0,0.0,0.0,0.815,-0.9177546256839815,0.39714789063477995
195.71024500521176,1.0,244.50000000000003,0.0,1.5,5.0,0.0,0.0,0.815,-0.9177546256839815,0.39714789063477995
146.12494653549066,2.0,244.50000000000003,0.0,1.5,5.0,0.0,0.0,0.815,-0.9177546256839815,0.39714789063477995
96.96648905678707,3.0,244.50000000000003,0.0,1.5,5.0,0.0,0.0,0.815,-0.9177546256839815,0.39714789063477995
245.96188729150703,0.0,245.0,0.0,1.5,5.0,0.0,0.0,0.8166666666666667,-0.9135454576426011,0.40673664307579976
196.2071609294625,1.0,245.0,0.0,1.5,5.0,0.0,0.0,0.8166666666666667,-0.9135454576426011,0.40673664307579976
146.61940526410547,2.0,245.0,0.0,1.5,5.0,0.0,0.0,0.8166666666666667,-0.9135454576426011,0.40673664307579976
97.45383522468472,3.0,245.0,0.0,1.5,5.0,0.0,0.0,0.8166666666666667,-0.9135454576426011,0.40673664307579976
246.4599358922257,0.0,245.5,0.0,1.5,5.0,0.0,0.0,0.8183333333333334,-0.9092361090470686,0.41628079226040093
196.70409248411687,1.0,245.5,0.0,1.5,5.0,0.0,0.0,0.8183333333333334,-0.9092361090470686,0.41628079226040093
147.11390145054273,2.0,245.5,0.0,1.5,5.0,0.0,0.0,0.8183333333333334,-0.9092361090470686,0.41628079226040093
97.94130895592524,3.0,245.5,0.0,1.5,5.0,0.0,0.0,0.8183333333333334,-0.9092361090470686,0.41628079226040093
246.95799237927085,0.0,246.0,0.0,1.5,5.0,0.0,0.0,0.82,-0.9048270524660196,0.4257792915650726
197.2010395510125,1.0,246.0,0.0,1.5,5.0,0.0,0.0,0.82,-0.9048270524660196,0.4257792915650726
147.60843471834528,2.0,246.0,0.0,1.5,5.0,0.0,0.0,0.82,-0.9048270524660196,0.4257792915650726
98.42890835521848,3.0,246.0,0.0,1.5,5.0,0.0,0.0,0.82,-0.9048270524660196,0.4257792915650726
247.4560567050239,0.0,246.50000000000003,0.0,1.5,5.0,0.0,0.0,0.8216666666666667,-0.9003187714021934,0.4352310993723277
197.69800201317165,1.0,246.50000000000003,0.0,1.5,5.0,0.0,0.0,0.8216666666666667,-0.9003187714021934,0.4352310993723277
148.10300469605608,2.0,246.50000000000003,0.0,1.5,5.0,0.0,0.0,0.8216666666666667,-0.9003187714021934,0.4352310993723277
98.91663156416116,3.0,246.50000000000003,0.0,1.5,5.0,0.0,0.0,0.8216666666666667,-0.9003187714021934,0.4352310993723277
247.95412882224812,0.0,247.00000000000003,0.0,1.5,5.0,0.0,0.0,0.8233333333333334,-0.895711760239413,0.44463517918492707
198.19497975478595,1.0,247.00000000000003,0.0,1.5,5.0,0.0,0.0,0.8233333333333334,-0.895711760239413,0.44463517918492707
148.59761101713582,2.0,247.00000000000003,0.0,1.5,5.0,0.0,0.0,0.8233333333333334,-0.895711760239413,0.44463517918492707
99.40447676035524,3.0,247.00000000000003,0.0,1.5,5.0,0.0,0.0,0.8233333333333334,-0.895711760239413,0.44463517918492707
248.45220868408475,0.0,247.5,0.0,1.5,5.0,0.0,0.0,0.825,-0.891006524188368,0.45399049973954664
198.69197266120239,1.0,247.5,0.0,1.5,5.0,0.0,0.0,0.825,-0.891006524188368,0.45399049973954664
149.09225331988245,2.0,247.5,0.0,1.5,5.0,0.0,0.0,0.825,-0.891006524188368,0.45399049973954664
99.89244215655157,3.0,247.5,0.0,1.5,5.0,0.0,0.0,0.825,-0.891006524188368,0.45399049973954664
248.9502962440495,0.0,248.0,0.0,1.5,5.0,0.0,0.0,0.8266666666666667,-0.8862035792312147,0.4632960351198618
199.18898061890874,1.0,248.0,0.0,1.5,5.0,0.0,0.0,0.8266666666666667,-0.8862035792312147,0.4632960351198618
149.58693124735194,2.0,248.0,0.0,1.5,5.0,0.0,0.0,0.8266666666666667,-0.8862035792312147,0.4632960351198618
100.38052599981731,3.0,248.0,0.0,1.5,5.0,0.0,0.0,0.8266666666666667,-0.8862035792312147,0.4632960351198618
249.44839145602845,0.0,248.5,0.0,1.5,5.0,0.0,0.0,0.8283333333333334,-0.881303452064992,0.47255076486905423
199.68600351551933,1.0,248.5,0.0,1.5,5.0,0.0,0.0,0.8283333333333334,-0.881303452064992,0.47255076486905423
150.08164444728075,2.0,248.5,0.0,1.5,5.0,0.0,0.0,0.8283333333333334,-0.881303452064992,0.47255076486905423
100.86872657072657,3.0,248.5,0.0,1.5,5.0,0.0,0.0,0.8283333333333334,-0.881303452064992,0.47255076486905423
249.94649427427467,0.0,249.00000000000003,0.0,1.5,5.0,0.0,0.0,0.83,-0.8763066800438638,0.48175367410171493
200.1830412397614,1.0,249.00000000000003,0.0,1.5,5.0,0.0,0.0,0.83,-0.8763066800438638,0.48175367410171493
150.5763925720098,2.0,249.00000000000003,0.0,1.5,5.0,0.0,0.0,0.83,-0.8763066800438638,0.48175367410171493
101.35704218257361,3.0,249.00000000000003,0.0,1.5,5.0,0.0,0.0,0.83,-0.8763066800438638,0.48175367410171493
250.44460465340438,0.0,249.50000000000003,0.0,1.5,5.0,0.0,0.0,0.8316666666666667,-0.8712138111201895,0.4909037536151407
200.68009368146113,1.0,249.50000000000003,0.0,1.5,5.0,0.0,0.0,0.8316666666666667,-0.8712138111201895,0.4909037536151407
151.07117527840978,2.0,249.50000000000003,0.0,1.5,5.0,0.0,0.0,0.8316666666666667,-0.8712138111201895,0.4909037536151407
101.84547118060776,3.0,249.50000000000003,0.0,1.5,5.0,0.0,0.0,0.8316666666666667,-0.8712138111201895,0.4909037536151407
250.9427225483935,0.0,250.0,0.0,1.5,5.0,0.0,0.0,0.8333333333333334,-0.866025403784439,0.49999999999999933
201.17716073153036,1.0,250.0,0.0,1.5,5.0,0.0,0.0,0.8333333333333334,-0.866025403784439,0.49999999999999933
151.56599222780815,2.0,250.0,0.0,1.5,5.0,0.0,0.0,0.8333333333333334,-0.866025403784439,0.49999999999999933
102.33401194128959,3.0,250.0,0.0,1.5,5.0,0.0,0.0,0.8333333333333334,-0.866025403784439,0.49999999999999933
251.44084791457414,0.0,250.5,0.0,1.5,5.0,0.0,0.0,0.835,-0.8607420270039439,0.5090414157503708
201.6742422819533,1.0,250.5,0.0,1.5,5.0,0.0,0.0,0.835,-0.8607420270039439,0.5090414157503708
152.0608430859174,2.0,250.5,0.0,1.5,5.0,0.0,0.0,0.835,-0.8607420270039439,0.5090414157503708
102.82266287156737,3.0,250.5,0.0,1.5,5.0,0.0,0.0,0.835,-0.8607420270039439,0.5090414157503708
251.93898070763086,0.0,251.0,0.0,1.5,5.0,0.0,0.0,0.8366666666666667,-0.8553642601605064,0.5180270093731307
202.17133822577324,1.0,251.0,0.0,1.5,5.0,0.0,0.0,0.8366666666666667,-0.8553642601605064,0.5180270093731307
152.5557275227646,2.0,251.0,0.0,1.5,5.0,0.0,0.0,0.8366666666666667,-0.8553642601605064,0.5180270093731307
103.31142240817324,3.0,251.0,0.0,1.5,5.0,0.0,0.0,0.8366666666666667,-0.8553642601605064,0.5180270093731307
252.4371208835975,0.0,251.50000000000003,0.0,1.5,5.0,0.0,0.0,0.8383333333333334,-0.849892692986864,0.5269557954966775
202.66844845707982,1.0,251.50000000000003,0.0,1.5,5.0,0.0,0.0,0.8383333333333334,-0.849892692986864,0.5269557954966775
153.05064521262238,2.0,251.50000000000003,0.0,1.5,5.0,0.0,0.0,0.8383333333333334,-0.849892692986864,0.5269557954966775
103.8002890169387,3.0,251.50000000000003,0.0,1.5,5.0,0.0,0.0,0.8383333333333334,-0.849892692986864,0.5269557954966775
252.93526839885342,0.0,252.00000000000003,0.0,1.5,5.0,0.0,0.0,0.84,-0.844327925502015,0.5358267949789968
203.16557287099607,1.0,252.00000000000003,0.0,1.5,5.0,0.0,0.0,0.84,-0.844327925502015,0.5358267949789968
153.54559583394115,2.0,252.00000000000003,0.0,1.5,5.0,0.0,0.0,0.84,-0.844327925502015,0.5358267949789968
104.28926119212854,3.0,252.00000000000003,0.0,1.5,5.0,0.0,0.0,0.84,-0.844327925502015,0.5358267949789968
253.43342321012042,0.0,252.5,0.0,1.5,5.0,0.0,0.0,0.8416666666666667,-0.8386705679454243,0.5446390350150266
203.66271136366618,1.0,252.5,0.0,1.5,5.0,0.0,0.0,0.8416666666666667,-0.8386705679454243,0.5446390350150266
154.0405790692829,2.0,252.5,0.0,1.5,5.0,0.0,0.0,0.8416666666666667,-0.8386705679454243,0.5446390350150266
104.77833745579284,3.0,252.5,0.0,1.5,5.0,0.0,0.0,0.8416666666666667,-0.8386705679454243,0.5446390350150266
253.9315852744593,0.0,253.0,0.0,1.5,5.0,0.0,0.0,0.8433333333333334,-0.8329212407100997,0.5533915492433439
204.159863832243,1.0,253.0,0.0,1.5,5.0,0.0,0.0,0.8433333333333334,-0.8329212407100997,0.5533915492433439
154.5355946052559,2.0,253.0,0.0,1.5,5.0,0.0,0.0,0.8433333333333334,-0.8329212407100997,0.5533915492433439
105.2675163571365,3.0,253.0,0.0,1.5,5.0,0.0,0.0,0.8433333333333334,-0.8329212407100997,0.5533915492433439
254.4297545492665,0.0,253.5,0.0,1.5,5.0,0.0,0.0,0.845,-0.8270805742745618,0.5620833778521306
204.65703017487573,1.0,253.5,0.0,1.5,5.0,0.0,0.0,0.845,-0.8270805742745618,0.5620833778521306
155.0306421324507,2.0,253.5,0.0,1.5,5.0,0.0,0.0,0.845,-0.8270805742745618,0.5620833778521306
105.75679647190529,3.0,253.5,0.0,1.5,5.0,0.0,0.0,0.845,-0.8270805742745618,0.5620833778521306
254.92793099227086,0.0,254.00000000000003,0.0,1.5,5.0,0.0,0.0,0.8466666666666667,-0.8211492091337039,0.5707135676844318
205.1542102906982,1.0,254.00000000000003,0.0,1.5,5.0,0.0,0.0,0.8466666666666667,-0.8211492091337039,0.5707135676844318
155.5257213453775,2.0,254.00000000000003,0.0,1.5,5.0,0.0,0.0,0.8466666666666667,-0.8211492091337039,0.5707135676844318
106.24617640178872,3.0,254.00000000000003,0.0,1.5,5.0,0.0,0.0,0.8466666666666667,-0.8211492091337039,0.5707135676844318
255.4261145615303,0.0,254.50000000000003,0.0,1.5,5.0,0.0,0.0,0.8483333333333334,-0.8151277957285544,0.5792811723426785
205.65140407981661,1.0,254.50000000000003,0.0,1.5,5.0,0.0,0.0,0.8483333333333334,-0.8151277957285544,0.5792811723426785
156.02083194240444,2.0,254.50000000000003,0.0,1.5,5.0,0.0,0.0,0.8483333333333334,-0.8151277957285544,0.5792811723426785
106.73565477383836,3.0,254.50000000000003,0.0,1.5,5.0,0.0,0.0,0.8483333333333334,-0.8151277957285544,0.5792811723426785
255.9243052154289,0.0,255.0,0.0,1.5,5.0,0.0,0.0,0.85,-0.8090169943749476,0.5877852522924729
206.14861144329836,1.0,255.0,0.0,1.5,5.0,0.0,0.0,0.85,-0.8090169943749476,0.5877852522924729
156.5159736256974,2.0,255.0,0.0,1.5,5.0,0.0,0.0,0.85,-0.8090169943749476,0.5877852522924729
107.22523023990203,3.0,255.0,0.0,1.5,5.0,0.0,0.0,0.85,-0.8090169943749476,0.5877852522924729
256.4225029126734,0.0,255.5,0.0,1.5,5.0,0.0,0.0,0.8516666666666667,-0.802817475191115,0.5962248749656152
206.64583228316027,1.0,255.5,0.0,1.5,5.0,0.0,0.0,0.8516666666666667,-0.802817475191115,0.5962248749656152
157.0111461011606,2.0,255.5,0.0,1.5,5.0,0.0,0.0,0.8516666666666667,-0.802817475191115,0.5962248749656152
107.71490147607247,3.0,255.5,0.0,1.5,5.0,0.0,0.0,0.8516666666666667,-0.802817475191115,0.5962248749656152
256.92070761229036,0.0,256.0,0.0,1.5,5.0,0.0,0.0,0.8533333333333334,-0.7965299180241967,0.6045991148623744
207.14306650235724,1.0,256.0,0.0,1.5,5.0,0.0,0.0,0.8533333333333334,-0.7965299180241967,0.6045991148623744
157.50634907837843,2.0,256.0,0.0,1.5,5.0,0.0,0.0,0.8533333333333334,-0.7965299180241967,0.6045991148623744
108.2046671821507,3.0,256.0,0.0,1.5,5.0,0.0,0.0,0.8533333333333334,-0.7965299180241967,0.6045991148623744
257.4189192736229,0.0,256.5,0.0,1.5,5.0,0.0,0.0,0.855,-0.7901550123756901,0.6129070536529769
207.64031400477123,1.0,256.5,0.0,1.5,5.0,0.0,0.0,0.855,-0.7901550123756901,0.6129070536529769
158.0015822705583,2.0,256.5,0.0,1.5,5.0,0.0,0.0,0.855,-0.7901550123756901,0.6129070536529769
108.69452608112333,3.0,256.5,0.0,1.5,5.0,0.0,0.0,0.855,-0.7901550123756901,0.6129070536529769
257.9171378563278,0.0,257.0,0.0,1.5,5.0,0.0,0.0,0.8566666666666667,-0.7836934573258398,0.6211477802783103
208.1375746952001,1.0,257.0,0.0,1.5,5.0,0.0,0.0,0.8566666666666667,-0.7836934573258398,0.6211477802783103
158.49684539447466,2.0,257.0,0.0,1.5,5.0,0.0,0.0,0.8566666666666667,-0.7836934573258398,0.6211477802783103
109.1844769186536,3.0,257.0,0.0,1.5,5.0,0.0,0.0,0.8566666666666667,-0.7836934573258398,0.6211477802783103
258.41536332037225,0.0,257.5,0.0,1.5,5.0,0.0,0.0,0.8583333333333333,-0.7771459614569708,0.6293203910498375
208.6348484793468,1.0,257.5,0.0,1.5,5.0,0.0,0.0,0.8583333333333333,-0.7771459614569708,0.6293203910498375
158.99213817041394,2.0,257.5,0.0,1.5,5.0,0.0,0.0,0.8583333333333333,-0.7771459614569708,0.6293203910498375
109.67451846258547,3.0,257.5,0.0,1.5,5.0,0.0,0.0,0.8583333333333333,-0.7771459614569708,0.6293203910498375
258.91359562603117,0.0,258.0,0.0,1.5,5.0,0.0,0.0,0.86,-0.7705132427757896,0.6374239897486893
209.13213526380875,1.0,258.0,0.0,1.5,5.0,0.0,0.0,0.86,-0.7705132427757896,0.6374239897486893
159.48746032212063,2.0,258.0,0.0,1.5,5.0,0.0,0.0,0.86,-0.7705132427757896,0.6374239897486893
110.16464950246063,3.0,258.0,0.0,1.5,5.0,0.0,0.0,0.86,-0.7705132427757896,0.6374239897486893
259.4118347338841,0.0,258.5,0.0,1.5,5.0,0.0,0.0,0.8616666666666667,-0.7637960286346424,0.6454576877239503
209.62943495606717,1.0,258.5,0.0,1.5,5.0,0.0,0.0,0.8616666666666667,-0.7637960286346424,0.6454576877239503
159.98281157674407,2.0,258.5,0.0,1.5,5.0,0.0,0.0,0.8616666666666667,-0.7637960286346424,0.6454576877239503
110.65486884904794,3.0,258.5,0.0,1.5,5.0,0.0,0.0,0.8616666666666667,-0.7637960286346424,0.6454576877239503
259.91008060481226,0.0,259.0,0.0,1.5,5.0,0.0,0.0,0.8633333333333333,-0.7569950556517565,0.6534206039901054
210.12674746447678,1.0,259.0,0.0,1.5,5.0,0.0,0.0,0.8633333333333333,-0.7569950556517565,0.6534206039901054
160.47819166478666,2.0,259.0,0.0,1.5,5.0,0.0,0.0,0.8633333333333333,-0.7569950556517565,0.6534206039901054
111.14517533388482,3.0,259.0,0.0,1.5,5.0,0.0,0.0,0.8633333333333333,-0.7569950556517565,0.6534206039901054
260.40833319999575,0.0,259.5,0.0,1.5,5.0,0.0,0.0,0.865,-0.7501110696304595,0.6613118653236519
210.62407269825545,1.0,259.5,0.0,1.5,5.0,0.0,0.0,0.865,-0.7501110696304595,0.6613118653236519
160.97360032005247,2.0,259.5,0.0,1.5,5.0,0.0,0.0,0.865,-0.7501110696304595,0.6613118653236519
111.63556780883053,3.0,259.5,0.0,1.5,5.0,0.0,0.0,0.865,-0.7501110696304595,0.6613118653236519
260.90659248091066,0.0,260.0,0.0,1.5,5.0,0.0,0.0,0.8666666666666667,-0.7431448254773946,0.6691306063588578
211.1214105674742,1.0,260.0,0.0,1.5,5.0,0.0,0.0,0.8666666666666667,-0.7431448254773946,0.6691306063588578
161.46903727959736,2.0,260.0,0.0,1.5,5.0,0.0,0.0,0.8666666666666667,-0.7431448254773946,0.6691306063588578
112.12604514563064,3.0,260.0,0.0,1.5,5.0,0.0,0.0,0.8666666666666667,-0.7431448254773946,0.6691306063588578
261.40485840932644,0.0,260.5,0.0,1.5,5.0,0.0,0.0,0.8683333333333333,-0.7360970871197345,0.6768759696826605
211.61876098304705,1.0,260.5,0.0,1.5,5.0,0.0,0.0,0.8683333333333333,-0.7360970871197345,0.6768759696826605
161.96450228367942,2.0,260.5,0.0,1.5,5.0,0.0,0.0,0.8683333333333333,-0.7360970871197345,0.6768759696826605
112.61660623549264,3.0,260.5,0.0,1.5,5.0,0.0,0.0,0.8683333333333333,-0.7360970871197345,0.6768759696826605
261.9031309473027,0.0,261.0,0.0,1.5,5.0,0.0,0.0,0.87,-0.7289686274214121,0.684547105928688
212.11612385672146,1.0,261.0,0.0,1.5,5.0,0.0,0.0,0.87,-0.7289686274214121,0.684547105928688
162.45999507571088,2.0,261.0,0.0,1.5,5.0,0.0,0.0,0.87,-0.7289686274214121,0.684547105928688
113.10724998867225,3.0,261.0,0.0,1.5,5.0,0.0,0.0,0.87,-0.7289686274214121,0.684547105928688
262.401410057187,0.0,261.5,0.0,1.5,5.0,0.0,0.0,0.8716666666666667,-0.721760228098362,0.6921431738704069
212.61349910106836,1.0,261.5,0.0,1.5,5.0,0.0,0.0,0.8716666666666667,-0.721760228098362,0.6921431738704069
162.9555154022103,2.0,261.5,0.0,1.5,5.0,0.0,0.0,0.8716666666666667,-0.721760228098362,0.6921431738704069
113.5979753340701,3.0,261.5,0.0,1.5,5.0,0.0,0.0,0.8716666666666667,-0.721760228098362,0.6921431738704069
262.8996957016116,0.0,262.0,0.0,1.5,5.0,0.0,0.0,0.8733333333333333,-0.714472679632803,0.6996633405133658
213.1108866294728,1.0,262.0,0.0,1.5,5.0,0.0,0.0,0.8733333333333333,-0.714472679632803,0.6996633405133658
163.4510630127562,2.0,262.0,0.0,1.5,5.0,0.0,0.0,0.8733333333333333,-0.714472679632803,0.6996633405133658
114.08878121883852,3.0,262.0,0.0,1.5,5.0,0.0,0.0,0.8733333333333333,-0.714472679632803,0.6996633405133658
263.3979878434913,0.0,262.5,0.0,1.5,5.0,0.0,0.0,0.875,-0.7071067811865477,0.7071067811865474
213.6082863561243,1.0,262.5,0.0,1.5,5.0,0.0,0.0,0.875,-0.7071067811865477,0.7071067811865474
163.94663765994105,2.0,262.5,0.0,1.5,5.0,0.0,0.0,0.875,-0.7071067811865477,0.7071067811865474
114.57966660799812,3.0,262.5,0.0,1.5,5.0,0.0,0.0,0.875,-0.7071067811865477,0.7071067811865474
263.8962864460203,0.0,263.0,0.0,1.5,5.0,0.0,0.0,0.8766666666666667,-0.6996633405133654,0.7144726796328034
214.10569819600786,1.0,263.0,0.0,1.5,5.0,0.0,0.0,0.8766666666666667,-0.6996633405133654,0.7144726796328034
164.44223909932631,2.0,263.0,0.0,1.5,5.0,0.0,0.0,0.8766666666666667,-0.6996633405133654,0.7144726796328034
115.070630484064,3.0,263.0,0.0,1.5,5.0,0.0,0.0,0.8766666666666667,-0.6996633405133654,0.7144726796328034
264.3945914726699,0.0,263.5,0.0,1.5,5.0,0.0,0.0,0.8783333333333333,-0.6921431738704072,0.7217602280983618
214.60312206489448,1.0,263.5,0.0,1.5,5.0,0.0,0.0,0.8783333333333333,-0.6921431738704072,0.7217602280983618
164.93786708939825,2.0,263.5,0.0,1.5,5.0,0.0,0.0,0.8783333333333333,-0.6921431738704072,0.7217602280983618
115.56167184668107,3.0,263.5,0.0,1.5,5.0,0.0,0.0,0.8783333333333333,-0.6921431738704072,0.7217602280983618
264.8929028871857,0.0,264.0,0.0,1.5,5.0,0.0,0.0,0.88,-0.684547105928689,0.7289686274214112
215.10055787933234,1.0,264.0,0.0,1.5,5.0,0.0,0.0,0.88,-0.684547105928689,0.7289686274214112
165.43352139152452,2.0,264.0,0.0,1.5,5.0,0.0,0.0,0.88,-0.684547105928689,0.7289686274214112
116.05278971226845,3.0,264.0,0.0,1.5,5.0,0.0,0.0,0.88,-0.684547105928689,0.7289686274214112
265.3912206535853,0.0,264.5,0.0,1.5,5.0,0.0,0.0,0.8816666666666667,-0.6768759696826608,0.7360970871197342
215.59800555663776,1.0,264.5,0.0,1.5,5.0,0.0,0.0,0.8816666666666667,-0.6768759696826608,0.7360970871197342
165.9292017699115,2.0,264.5,0.0,1.5,5.0,0.0,0.0,0.8816666666666667,-0.6768759696826608,0.7360970871197342
116.54398311367258,3.0,264.5,0.0,1.5,5.0,0.0,0.0,0.8816666666666667,-0.6768759696826608,0.7360970871197342
265.8895447361554,0.0,265.0,0.0,1.5,5.0,0.0,0.0,0.8833333333333333,-0.6691306063588581,0.7431448254773942
216.09546501488643,1.0,265.0,0.0,1.5,5.0,0.0,0.0,0.8833333333333333,-0.6691306063588581,0.7431448254773942
166.42490799156238,2.0,265.0,0.0,1.5,5.0,0.0,0.0,0.8833333333333333,-0.6691306063588581,0.7431448254773942
117.0352510998289,3.0,265.0,0.0,1.5,5.0,0.0,0.0,0.8833333333333333,-0.6691306063588581,0.7431448254773942
266.3878750994497,0.0,265.5,0.0,1.5,5.0,0.0,0.0,0.885,-0.6613118653236523,0.7501110696304591
216.59293617290476,1.0,265.5,0.0,1.5,5.0,0.0,0.0,0.885,-0.6613118653236523,0.7501110696304591
166.920639826236,2.0,265.5,0.0,1.5,5.0,0.0,0.0,0.885,-0.6613118653236523,0.7501110696304591
117.52659273543158,3.0,265.5,0.0,1.5,5.0,0.0,0.0,0.885,-0.6613118653236523,0.7501110696304591
266.8862117082859,0.0,266.0,0.0,1.5,5.0,0.0,0.0,0.8866666666666667,-0.6534206039901057,0.7569950556517562
217.09041895026138,1.0,266.0,0.0,1.5,5.0,0.0,0.0,0.8866666666666667,-0.6534206039901057,0.7569950556517562
167.41639704640642,2.0,266.0,0.0,1.5,5.0,0.0,0.0,0.8866666666666667,-0.6534206039901057,0.7569950556517562
118.01800710061156,3.0,266.0,0.0,1.5,5.0,0.0,0.0,0.8866666666666667,-0.6534206039901057,0.7569950556517562
267.38455452774383,0.0,266.5,0.0,1.5,5.0,0.0,0.0,0.8883333333333333,-0.6454576877239513,0.7637960286346416
217.58791326725847,1.0,266.5,0.0,1.5,5.0,0.0,0.0,0.8883333333333333,-0.6454576877239513,0.7637960286346416
167.9121794272232,2.0,266.5,0.0,1.5,5.0,0.0,0.0,0.8883333333333333,-0.6454576877239513,0.7637960286346416
118.50949329062207,3.0,266.5,0.0,1.5,5.0,0.0,0.0,0.8883333333333333,-0.6454576877239513,0.7637960286346416
267.8829035231625,0.0,267.0,0.0,1.5,5.0,0.0,0.0,0.89,-0.6374239897486896,0.7705132427757894
218.08541904492378,1.0,267.0,0.0,1.5,5.0,0.0,0.0,0.89,-0.6374239897486896,0.7705132427757894
168.40798674647232,2.0,267.0,0.0,1.5,5.0,0.0,0.0,0.89,-0.6374239897486896,0.7705132427757894
119.00105041553205,3.0,267.0,0.0,1.5,5.0,0.0,0.0,0.89,-0.6374239897486896,0.7705132427757894
268.3812586601382,0.0,267.5,0.0,1.5,5.0,0.0,0.0,0.8916666666666667,-0.6293203910498372,0.7771459614569711
218.58293620500206,1.0,267.5,0.0,1.5,5.0,0.0,0.0,0.8916666666666667,-0.6293203910498372,0.7771459614569711
168.90381878453783,2.0,267.5,0.0,1.5,5.0,0.0,0.0,0.8916666666666667,-0.6293203910498372,0.7771459614569711
119.4926775999266,3.0,267.5,0.0,1.5,5.0,0.0,0.0,0.8916666666666667,-0.6293203910498372,0.7771459614569711
268.8796199045216,0.0,268.0,0.0,1.5,5.0,0.0,0.0,0.8933333333333333,-0.6211477802783106,0.7836934573258396
219.08046466994725,1.0,268.0,0.0,1.5,5.0,0.0,0.0,0.8933333333333333,-0.6211477802783106,0.7836934573258396
169.39967532436418,2.0,268.0,0.0,1.5,5.0,0.0,0.0,0.8933333333333333,-0.6211477802783106,0.7836934573258396
119.98437398261493,3.0,268.0,0.0,1.5,5.0,0.0,0.0,0.8933333333333333,-0.6211477802783106,0.7836934573258396
269.37798722241575,0.0,268.5,0.0,1.5,5.0,0.0,0.0,0.895,-0.6129070536529765,0.7901550123756903
219.57800436291427,1.0,268.5,0.0,1.5,5.0,0.0,0.0,0.895,-0.6129070536529765,0.7901550123756903
169.8955561514191,2.0,268.5,0.0,1.5,5.0,0.0,0.0,0.895,-0.6129070536529765,0.7901550123756903
120.47613871634499,3.0,268.5,0.0,1.5,5.0,0.0,0.0,0.895,-0.6129070536529765,0.7901550123756903
269.8763605801738,0.0,269.0,0.0,1.5,5.0,0.0,0.0,0.8966666666666666,-0.6045991148623754,0.7965299180241958
220.07555520775134,1.0,269.0,0.0,1.5,5.0,0.0,0.0,0.8966666666666666,-0.6045991148623754,0.7965299180241958
170.39146105365725,2.0,269.0,0.0,1.5,5.0,0.0,0.0,0.8966666666666666,-0.6045991148623754,0.7965299180241958
120.96797096752512,3.0,269.0,0.0,1.5,5.0,0.0,0.0,0.8966666666666666,-0.6045991148623754,0.7965299180241958
270.3747399443964,0.0,269.5,0.0,1.5,5.0,0.0,0.0,0.8983333333333333,-0.5962248749656162,0.8028174751911142
220.57311712899195,1.0,269.5,0.0,1.5,5.0,0.0,0.0,0.8983333333333333,-0.5962248749656162,0.8028174751911142
170.88738982148448,2.0,269.5,0.0,1.5,5.0,0.0,0.0,0.8983333333333333,-0.5962248749656162,0.8028174751911142
121.45986991595207,3.0,269.5,0.0,1.5,5.0,0.0,0.0,0.8983333333333333,-0.5962248749656162,0.8028174751911142
270.87312528192973,0.0,270.0,0.0,1.5,5.0,0.0,0.0,0.9,-0.5877852522924734,0.8090169943749473
221.07069005184744,1.0,270.0,0.0,1.5,5.0,0.0,0.0,0.9,-0.5877852522924734,0.8090169943749473
171.38334224772254,2.0,270.0,0.0,1.5,5.0,0.0,0.0,0.9,-0.5877852522924734,0.8090169943749473
121.95183475454562,3.0,270.0,0.0,1.5,5.0,0.0,0.0,0.9,-0.5877852522924734,0.8090169943749473
271.371516559863,0.0,270.5,0.0,1.5,5.0,0.0,0.0,0.9016666666666666,-0.5792811723426788,0.8151277957285542
221.56827390219928,1.0,270.5,0.0,1.5,5.0,0.0,0.0,0.9016666666666666,-0.5792811723426788,0.8151277957285542
171.8793181275746,2.0,270.5,0.0,1.5,5.0,0.0,0.0,0.9016666666666666,-0.5792811723426788,0.8151277957285542
122.44386468908927,3.0,270.5,0.0,1.5,5.0,0.0,0.0,0.9016666666666666,-0.5792811723426788,0.8151277957285542
271.86991374552645,0.0,271.0,0.0,1.5,5.0,0.0,0.0,0.9033333333333333,-0.5707135676844322,0.8211492091337037
222.06586860659158,1.0,271.0,0.0,1.5,5.0,0.0,0.0,0.9033333333333333,-0.5707135676844322,0.8211492091337037
172.37531725859128,2.0,271.0,0.0,1.5,5.0,0.0,0.0,0.9033333333333333,-0.5707135676844322,0.8211492091337037
122.93595893797713,3.0,271.0,0.0,1.5,5.0,0.0,0.0,0.9033333333333333,-0.5707135676844322,0.8211492091337037
272.3683168064891,0.0,271.5,0.0,1.5,5.0,0.0,0.0,0.905,-0.5620833778521309,0.8270805742745616
222.56347409222386,1.0,271.5,0.0,1.5,5.0,0.0,0.0,0.905,-0.5620833778521309,0.8270805742745616
172.87133944063717,2.0,271.5,0.0,1.5,5.0,0.0,0.0,0.905,-0.5620833778521309,0.8270805742745616
123.42811673196671,3.0,271.5,0.0,1.5,5.0,0.0,0.0,0.905,-0.5620833778521309,0.8270805742745616
272.86672571055635,0.0,272.0,0.0,1.5,5.0,0.0,0.0,0.9066666666666666,-0.5533915492433442,0.8329212407100994
223.0610902869436,1.0,272.0,0.0,1.5,5.0,0.0,0.0,0.9066666666666666,-0.5533915492433442,0.8329212407100994
173.36738447585807,2.0,272.0,0.0,1.5,5.0,0.0,0.0,0.9066666666666666,-0.5533915492433442,0.8329212407100994
123.9203373139373,3.0,272.0,0.0,1.5,5.0,0.0,0.0,0.9066666666666666,-0.5533915492433442,0.8329212407100994
273.36514042576823,0.0,272.5,0.0,1.5,5.0,0.0,0.0,0.9083333333333333,-0.544639035015027,0.838670567945424
223.55871711923916,1.0,272.5,0.0,1.5,5.0,0.0,0.0,0.9083333333333333,-0.544639035015027,0.838670567945424
173.8634521686487,2.0,272.5,0.0,1.5,5.0,0.0,0.0,0.9083333333333333,-0.544639035015027,0.838670567945424
124.41261993865413,3.0,272.5,0.0,1.5,5.0,0.0,0.0,0.9083333333333333,-0.544639035015027,0.838670567945424
273.863560920397,0.0,273.0,0.0,1.5,5.0,0.0,0.0,0.91,-0.5358267949789963,0.8443279255020152
224.05635451823275,1.0,273.0,0.0,1.5,5.0,0.0,0.0,0.91,-0.5358267949789963,0.8443279255020152
174.35954232562094,2.0,273.0,0.0,1.5,5.0,0.0,0.0,0.91,-0.5358267949789963,0.8443279255020152
124.9049638725379,3.0,273.0,0.0,1.5,5.0,0.0,0.0,0.91,-0.5358267949789963,0.8443279255020152
274.361987162945,0.0,273.5,0.0,1.5,5.0,0.0,0.0,0.9116666666666666,-0.5269557954966778,0.8498926929868638
224.55400241367332,1.0,273.5,0.0,1.5,5.0,0.0,0.0,0.9116666666666666,-0.5269557954966778,0.8498926929868638
174.8556547555726,2.0,273.5,0.0,1.5,5.0,0.0,0.0,0.9116666666666666,-0.5269557954966778,0.8498926929868638
125.39736839343958,3.0,273.5,0.0,1.5,5.0,0.0,0.0,0.9116666666666666,-0.5269557954966778,0.8498926929868638
274.8604191221428,0.0,274.0,0.0,1.5,5.0,0.0,0.0,0.9133333333333333,-0.5180270093731303,0.8553642601605066
225.0516607359297,1.0,274.0,0.0,1.5,5.0,0.0,0.0,0.9133333333333333,-0.5180270093731303,0.8553642601605066
175.35178926945684,2.0,274.0,0.0,1.5,5.0,0.0,0.0,0.9133333333333333,-0.5180270093731303,0.8553642601605066
125.88983279042037,3.0,274.0,0.0,1.5,5.0,0.0,0.0,0.9133333333333333,-0.5180270093731303,0.8553642601605066
275.35885676694693,0.0,274.5,0.0,1.5,5.0,0.0,0.0,0.915,-0.509041415750372,0.8607420270039433
225.54932941598386,1.0,274.5,0.0,1.5,5.0,0.0,0.0,0.915,-0.509041415750372,0.8607420270039433
175.84794568035193,2.0,274.5,0.0,1.5,5.0,0.0,0.0,0.915,-0.509041415750372,0.8607420270039433
126.38235636353676,3.0,274.5,0.0,1.5,5.0,0.0,0.0,0.915,-0.509041415750372,0.8607420270039433
275.857300066538,0.0,275.0,0.0,1.5,5.0,0.0,0.0,0.9166666666666666,-0.49999999999999967,0.8660254037844388
226.0470083854241,1.0,275.0,0.0,1.5,5.0,0.0,0.0,0.9166666666666666,-0.49999999999999967,0.8660254037844388
176.34412380343156,2.0,275.0,0.0,1.5,5.0,0.0,0.0,0.9166666666666666,-0.49999999999999967,0.8660254037844388
126.87493842363038,3.0,275.0,0.0,1.5,5.0,0.0,0.0,0.9166666666666666,-0.49999999999999967,0.8660254037844388
276.35574899031866,0.0,275.5,0.0,1.5,5.0,0.0,0.0,0.9183333333333333,-0.49090375361514105,0.8712138111201893
226.54469757643855,1.0,275.5,0.0,1.5,5.0,0.0,0.0,0.9183333333333333,-0.49090375361514105,0.8712138111201893
176.84032345593582,2.0,275.5,0.0,1.5,5.0,0.0,0.0,0.9183333333333333,-0.49090375361514105,0.8712138111201893
127.36757829212267,3.0,275.5,0.0,1.5,5.0,0.0,0.0,0.9183333333333333,-0.49090375361514105,0.8712138111201893
276.85420350791134,0.0,276.0,0.0,1.5,5.0,0.0,0.0,0.92,-0.4817536741017153,0.8763066800438636
227.0423969218084,1.0,276.0,0.0,1.5,5.0,0.0,0.0,0.92,-0.4817536741017153,0.8763066800438636
177.33654445714228,2.0,276.0,0.0,1.5,5.0,0.0,0.0,0.92,-0.4817536741017153,0.8763066800438636
127.86027530081421,3.0,276.0,0.0,1.5,5.0,0.0,0.0,0.92,-0.4817536741017153,0.8763066800438636
277.3526635891568,0.0,276.5,0.0,1.5,5.0,0.0,0.0,0.9216666666666666,-0.4725507648690546,0.8813034520649919
227.54010635490175,1.0,276.5,0.0,1.5,5.0,0.0,0.0,0.9216666666666666,-0.4725507648690546,0.8813034520649919
177.83278662833803,2.0,276.5,0.0,1.5,5.0,0.0,0.0,0.9216666666666666,-0.4725507648690546,0.8813034520649919
128.35302879168844,3.0,276.5,0.0,1.5,5.0,0.0,0.0,0.9216666666666666,-0.4725507648690546,0.8813034520649919
277.85112920411177,0.0,277.0,0.0,1.5,5.0,0.0,0.0,0.9233333333333333,-0.4632960351198621,0.8862035792312145
228.03782580966694,1.0,277.0,0.0,1.5,5.0,0.0,0.0,0.9233333333333333,-0.4632960351198621,0.8862035792312145
178.32904979279175,2.0,277.0,0.0,1.5,5.0,0.0,0.0,0.9233333333333333,-0.4632960351198621,0.8862035792312145
128.84583811671993,3.0,277.0,0.0,1.5,5.0,0.0,0.0,0.9233333333333333,-0.4632960351198621,0.8862035792312145
278.349600323047,0.0,277.5,0.0,1.5,5.0,0.0,0.0,0.925,-0.45399049973954697,0.8910065241883678
228.53555522062643,1.0,277.5,0.0,1.5,5.0,0.0,0.0,0.925,-0.45399049973954697,0.8910065241883678
178.82533377572653,2.0,277.5,0.0,1.5,5.0,0.0,0.0,0.925,-0.45399049973954697,0.8910065241883678
129.3387026376869,3.0,277.5,0.0,1.5,5.0,0.0,0.0,0.925,-0.45399049973954697,0.8910065241883678
278.8480769164457,0.0,278.0,0.0,1.5,5.0,0.0,0.0,0.9266666666666666,-0.44463517918492745,0.8957117602394129
229.03329452287062,1.0,278.0,0.0,1.5,5.0,0.0,0.0,0.9266666666666666,-0.44463517918492745,0.8957117602394129
179.32163840429297,2.0,278.0,0.0,1.5,5.0,0.0,0.0,0.9266666666666666,-0.44463517918492745,0.8957117602394129
129.83162172598784,3.0,278.0,0.0,1.5,5.0,0.0,0.0,0.9266666666666666,-0.44463517918492745,0.8957117602394129
279.3465589550013,0.0,278.5,0.0,1.5,5.0,0.0,0.0,0.9283333333333333,-0.4352310993723273,0.9003187714021936
229.53104365205155,1.0,278.5,0.0,1.5,5.0,0.0,0.0,0.9283333333333333,-0.4352310993723273,0.9003187714021936
179.81796350754283,2.0,278.5,0.0,1.5,5.0,0.0,0.0,0.9283333333333333,-0.4352310993723273,0.9003187714021936
130.32459476246223,3.0,278.5,0.0,1.5,5.0,0.0,0.0,0.9283333333333333,-0.4352310993723273,0.9003187714021936
279.84504640961575,0.0,279.0,0.0,1.5,5.0,0.0,0.0,0.93,-0.425779291565073,0.9048270524660194
230.02880254437704,1.0,279.0,0.0,1.5,5.0,0.0,0.0,0.93,-0.425779291565073,0.9048270524660194
180.31430891640298,2.0,279.0,0.0,1.5,5.0,0.0,0.0,0.93,-0.425779291565073,0.9048270524660194
130.8176211372153,3.0,279.0,0.0,1.5,5.0,0.0,0.0,0.93,-0.425779291565073,0.9048270524660194
280.3435392513978,0.0,279.5,0.0,1.5,5.0,0.0,0.0,0.9316666666666666,-0.4162807922604013,0.9092361090470684
230.52657113660456,1.0,279.5,0.0,1.5,5.0,0.0,0.0,0.9316666666666666,-0.4162807922604013,0.9092361090470684
180.81067446364997,2.0,279.5,0.0,1.5,5.0,0.0,0.0,0.9316666666666666,-0.4162807922604013,0.9092361090470684
131.31070024944654,3.0,279.5,0.0,1.5,5.0,0.0,0.0,0.9316666666666666,-0.4162807922604013,0.9092361090470684
280.8420374516607,0.0,280.0,0.0,1.5,5.0,0.0,0.0,0.9333333333333333,-0.40673664307580093,0.9135454576426005
231.02434936603544,1.0,280.0,0.0,1.5,5.0,0.0,0.0,0.9333333333333333,-0.40673664307580093,0.9135454576426005
181.30705998388478,2.0,280.0,0.0,1.5,5.0,0.0,0.0,0.9333333333333333,-0.40673664307580093,0.9135454576426005
131.80383150728207,3.0,280.0,0.0,1.5,5.0,0.0,0.0,0.9333333333333333,-0.40673664307580093,0.9135454576426005
281.34054098192104,0.0,280.5,0.0,1.5,5.0,0.0,0.0,0.935,-0.39714789063478034,0.9177546256839813
231.52213717050904,1.0,280.5,0.0,1.5,5.0,0.0,0.0,0.935,-0.39714789063478034,0.9177546256839813
181.80346531350827,2.0,280.5,0.0,1.5,5.0,0.0,0.0,0.935,-0.39714789063478034,0.9177546256839813
132.29701432761058,3.0,280.5,0.0,1.5,5.0,0.0,0.0,0.935,-0.39714789063478034,0.9177546256839813
281.83904981389645,0.0,281.0,0.0,1.5,5.0,0.0,0.0,0.9366666666666666,-0.38751558645210327,0.9218631515885004
232.01993448839693,1.0,281.0,0.0,1.5,5.0,0.0,0.0,0.9366666666666666,-0.38751558645210327,0.9218631515885004
182.29989029069657,2.0,281.0,0.0,1.5,5.0,0.0,0.0,0.9366666666666666,-0.38751558645210327,0.9218631515885004
132.79024813592298,3.0,281.0,0.0,1.5,5.0,0.0,0.0,0.9366666666666666,-0.38751558645210327,0.9218631515885004
282.33756391950396,0.0,281.5,0.0,1.5,5.0,0.0,0.0,0.9383333333333334,-0.3778407868184672,0.9258705848099947
232.5177412585973,1.0,281.5,0.0,1.5,5.0,0.0,0.0,0.9383333333333334,-0.3778407868184672,0.9258705848099947
182.79633475537742,2.0,281.5,0.0,1.5,5.0,0.0,0.0,0.9383333333333334,-0.3778407868184672,0.9258705848099947
133.2835323661554,3.0,281.5,0.0,1.5,5.0,0.0,0.0,0.9383333333333334,-0.3778407868184672,0.9258705848099947
282.83608327085847,0.0,282.0,0.0,1.5,5.0,0.0,0.0,0.94,-0.3681245526846787,0.9297764858882511
233.01555742052932,1.0,282.0,0.0,1.5,5.0,0.0,0.0,0.94,-0.3681245526846787,0.9297764858882511
183.2927985492065,2.0,282.0,0.0,1.5,5.0,0.0,0.0,0.94,-0.3681245526846787,0.9297764858882511
133.7768664605357,3.0,282.0,0.0,1.5,5.0,0.0,0.0,0.94,-0.3681245526846787,0.9297764858882511
283.33460784027073,0.0,282.5,0.0,1.5,5.0,0.0,0.0,0.9416666666666667,-0.35836794954530077,0.9335804264972015
233.51338291412765,1.0,282.5,0.0,1.5,5.0,0.0,0.0,0.9416666666666667,-0.35836794954530077,0.9335804264972015
183.7892815155443,2.0,282.5,0.0,1.5,5.0,0.0,0.0,0.9416666666666667,-0.35836794954530077,0.9335804264972015
134.27024986943312,3.0,282.5,0.0,1.5,5.0,0.0,0.0,0.9416666666666667,-0.35836794954530077,0.9335804264972015
283.83313760024566,0.0,283.0,0.0,1.5,5.0,0.0,0.0,0.9433333333333334,-0.3485720473218155,0.9372819894918915
234.01121767983688,1.0,283.0,0.0,1.5,5.0,0.0,0.0,0.9433333333333334,-0.3485720473218155,0.9372819894918915
184.28578349943328,2.0,283.0,0.0,1.5,5.0,0.0,0.0,0.9433333333333334,-0.3485720473218155,0.9372819894918915
134.76368205121142,3.0,283.0,0.0,1.5,5.0,0.0,0.0,0.9433333333333334,-0.3485720473218155,0.9372819894918915
284.3316725234809,0.0,283.5,0.0,1.5,5.0,0.0,0.0,0.945,-0.3387379202452914,0.9408807689542255
234.50906165860627,1.0,283.5,0.0,1.5,5.0,0.0,0.0,0.945,-0.3387379202452914,0.9408807689542255
184.78230434757543,2.0,283.5,0.0,1.5,5.0,0.0,0.0,0.945,-0.3387379202452914,0.9408807689542255
135.257162472085,3.0,283.5,0.0,1.5,5.0,0.0,0.0,0.945,-0.3387379202452914,0.9408807689542255
284.8302125828649,0.0,284.0,0.0,1.5,5.0,0.0,0.0,0.9466666666666667,-0.32886664673858307,0.9443763702374811
235.00691479188436,1.0,284.0,0.0,1.5,5.0,0.0,0.0,0.9466666666666667,-0.32886664673858307,0.9443763702374811
185.27884390831028,2.0,284.0,0.0,1.5,5.0,0.0,0.0,0.9466666666666667,-0.32886664673858307,0.9443763702374811
135.75069060597812,3.0,284.0,0.0,1.5,5.0,0.0,0.0,0.9466666666666667,-0.32886664673858307,0.9443763702374811
285.32875775147517,0.0,284.5,0.0,1.5,5.0,0.0,0.0,0.9483333333333334,-0.3189593092980704,0.9477684100095856
235.50477702161373,1.0,284.5,0.0,1.5,5.0,0.0,0.0,0.9483333333333334,-0.3189593092980704,0.9477684100095856
185.775402031593,2.0,284.5,0.0,1.5,5.0,0.0,0.0,0.9483333333333334,-0.3189593092980704,0.9477684100095856
136.24426593438713,3.0,284.5,0.0,1.5,5.0,0.0,0.0,0.9483333333333334,-0.3189593092980704,0.9477684100095856
285.82730800257696,0.0,285.0,0.0,1.5,5.0,0.0,0.0,0.95,-0.3090169943749477,0.9510565162951535
236.00264829022575,1.0,285.0,0.0,1.5,5.0,0.0,0.0,0.95,-0.3090169943749477,0.9510565162951535
186.27197856897317,2.0,285.0,0.0,1.5,5.0,0.0,0.0,0.95,-0.3090169943749477,0.9510565162951535
136.73788794624554,3.0,285.0,0.0,1.5,5.0,0.0,0.0,0.95,-0.3090169943749477,0.9510565162951535
286.3258633096214,0.0,285.5,0.0,1.5,5.0,0.0,0.0,0.9516666666666667,-0.29904079225608665,0.9542403285162768
236.5005285406356,1.0,285.5,0.0,1.5,5.0,0.0,0.0,0.9516666666666667,-0.29904079225608665,0.9542403285162768
186.76857337357376,2.0,285.5,0.0,1.5,5.0,0.0,0.0,0.9516666666666667,-0.29904079225608665,0.9542403285162768
137.23155613779215,3.0,285.5,0.0,1.5,5.0,0.0,0.0,0.9516666666666667,-0.29904079225608665,0.9542403285162768
286.82442364624393,0.0,286.0,0.0,1.5,5.0,0.0,0.0,0.9533333333333334,-0.28903179694447134,0.9573194975320674
236.99841771623707,1.0,286.0,0.0,1.5,5.0,0.0,0.0,0.9533333333333334,-0.28903179694447134,0.9573194975320674
187.2651863000702,2.0,286.0,0.0,1.5,5.0,0.0,0.0,0.9533333333333334,-0.28903179694447134,0.9573194975320674
137.7252700124418,3.0,286.0,0.0,1.5,5.0,0.0,0.0,0.9533333333333334,-0.28903179694447134,0.9573194975320674
287.32298898626266,0.0,286.5,0.0,1.5,5.0,0.0,0.0,0.955,-0.27899110603922966,0.960293685676943
237.49631576089766,1.0,286.5,0.0,1.5,5.0,0.0,0.0,0.955,-0.27899110603922966,0.960293685676943
187.76181720467022,2.0,286.5,0.0,1.5,5.0,0.0,0.0,0.955,-0.27899110603922966,0.960293685676943
138.2190290806588,3.0,286.5,0.0,1.5,5.0,0.0,0.0,0.955,-0.27899110603922966,0.960293685676943
287.8215593036769,0.0,287.0,0.0,1.5,5.0,0.0,0.0,0.9566666666666667,-0.26891982061526587,0.9631625667976581
237.9942226189535,1.0,287.0,0.0,1.5,5.0,0.0,0.0,0.9566666666666667,-0.26891982061526587,0.9631625667976581
188.2584659450937,2.0,287.0,0.0,1.5,5.0,0.0,0.0,0.9566666666666667,-0.26891982061526587,0.9631625667976581
138.71283285983313,3.0,287.0,0.0,1.5,5.0,0.0,0.0,0.9566666666666667,-0.26891982061526587,0.9631625667976581
288.3201345726656,0.0,287.5,0.0,1.5,5.0,0.0,0.0,0.9583333333333334,-0.25881904510252157,0.9659258262890681
238.49213823520472,1.0,287.5,0.0,1.5,5.0,0.0,0.0,0.9583333333333334,-0.25881904510252157,0.9659258262890681
188.75513238055277,2.0,287.5,0.0,1.5,5.0,0.0,0.0,0.9583333333333334,-0.25881904510252157,0.9659258262890681
139.2066808741592,3.0,287.5,0.0,1.5,5.0,0.0,0.0,0.9583333333333334,-0.25881904510252157,0.9659258262890681
288.8187147675857,0.0,288.0,0.0,1.5,5.0,0.0,0.0,0.96,-0.24868988716485535,0.968583161128631
238.99006255491042,1.0,288.0,0.0,1.5,5.0,0.0,0.0,0.96,-0.24868988716485535,0.968583161128631
189.25181637173262,2.0,288.0,0.0,1.5,5.0,0.0,0.0,0.96,-0.24868988716485535,0.968583161128631
139.70057265451706,3.0,288.0,0.0,1.5,5.0,0.0,0.0,0.96,-0.24868988716485535,0.968583161128631
289.3172998629705,0.0,288.5,0.0,1.5,5.0,0.0,0.0,0.9616666666666667,-0.23853345757858035,0.9711342799096362
239.48799552378404,1.0,288.5,0.0,1.5,5.0,0.0,0.0,0.9616666666666667,-0.23853345757858035,0.9711342799096362
189.74851778077215,2.0,288.5,0.0,1.5,5.0,0.0,0.0,0.9616666666666667,-0.23853345757858035,0.9711342799096362
140.19450773835615,3.0,288.5,0.0,1.5,5.0,0.0,0.0,0.9616666666666667,-0.23853345757858035,0.9711342799096362
289.8158898335286,0.0,289.0,0.0,1.5,5.0,0.0,0.0,0.9633333333333334,-0.22835087011065586,0.9735789028731603
239.98593708798856,1.0,289.0,0.0,1.5,5.0,0.0,0.0,0.9633333333333334,-0.22835087011065586,0.9735789028731603
190.2452364712452,2.0,289.0,0.0,1.5,5.0,0.0,0.0,0.9633333333333334,-0.22835087011065586,0.9735789028731603
140.68848566958135,3.0,289.0,0.0,1.5,5.0,0.0,0.0,0.9633333333333334,-0.22835087011065586,0.9735789028731603
290.3144846541419,0.0,289.5,0.0,1.5,5.0,0.0,0.0,0.965,-0.21814324139654243,0.9759167619387474
240.483887194132,1.0,289.5,0.0,1.5,5.0,0.0,0.0,0.965,-0.21814324139654243,0.9759167619387474
190.74197230814198,2.0,289.5,0.0,1.5,5.0,0.0,0.0,0.965,-0.21814324139654243,0.9759167619387474
141.1825059984416,3.0,289.5,0.0,1.5,5.0,0.0,0.0,0.965,-0.21814324139654243,0.9759167619387474
290.81308429986433,0.0,290.0,0.0,1.5,5.0,0.0,0.0,0.9666666666666667,-0.20791169081775987,0.9781476007338056
240.98184578926274,1.0,290.0,0.0,1.5,5.0,0.0,0.0,0.9666666666666667,-0.20791169081775987,0.9781476007338056
191.2387251578508,2.0,290.0,0.0,1.5,5.0,0.0,0.0,0.9666666666666667,-0.20791169081775987,0.9781476007338056
141.6765682814205,3.0,290.0,0.0,1.5,5.0,0.0,0.0,0.9666666666666667,-0.20791169081775987,0.9781476007338056
291.3116887459204,0.0,290.5,0.0,1.5,5.0,0.0,0.0,0.9683333333333334,-0.19765734037912644,0.9802711746217218
241.47981282086502,1.0,290.5,0.0,1.5,5.0,0.0,0.0,0.9683333333333334,-0.19765734037912644,0.9802711746217218
191.7354948881401,2.0,290.5,0.0,1.5,5.0,0.0,0.0,0.9683333333333334,-0.19765734037912644,0.9802711746217218
142.1706720811293,3.0,290.5,0.0,1.5,5.0,0.0,0.0,0.9683333333333334,-0.19765734037912644,0.9802711746217218
291.81029796770366,0.0,291.0,0.0,1.5,5.0,0.0,0.0,0.97,-0.18738131458572468,0.9822872507286887
241.9777882368545,1.0,291.0,0.0,1.5,5.0,0.0,0.0,0.97,-0.18738131458572468,0.9822872507286887
192.23228136814066,2.0,291.0,0.0,1.5,5.0,0.0,0.0,0.97,-0.18738131458572468,0.9822872507286887
142.6648169662023,3.0,291.0,0.0,1.5,5.0,0.0,0.0,0.97,-0.18738131458572468,0.9822872507286887
292.30891194077543,0.0,291.5,0.0,1.5,5.0,0.0,0.0,0.9716666666666667,-0.17708474031958313,0.984195607969242
242.47577198557386,1.0,291.5,0.0,1.5,5.0,0.0,0.0,0.9716666666666667,-0.17708474031958313,0.984195607969242
192.72908446832824,2.0,291.5,0.0,1.5,5.0,0.0,0.0,0.9716666666666667,-0.17708474031958313,0.984195607969242
143.15900251119382,3.0,291.5,0.0,1.5,5.0,0.0,0.0,0.9716666666666667,-0.17708474031958313,0.984195607969242
292.80753064086315,0.0,292.0,0.0,1.5,5.0,0.0,0.0,0.9733333333333334,-0.16676874671610273,0.9859960370705049
242.97376401578833,1.0,292.0,0.0,1.5,5.0,0.0,0.0,0.9733333333333334,-0.16676874671610273,0.9859960370705049
193.22590406050634,2.0,292.0,0.0,1.5,5.0,0.0,0.0,0.9733333333333334,-0.16676874671610273,0.9859960370705049
143.6532282964779,3.0,292.0,0.0,1.5,5.0,0.0,0.0,0.9733333333333334,-0.16676874671610273,0.9859960370705049
293.30615404385907,0.0,292.5,0.0,1.5,5.0,0.0,0.0,0.975,-0.1564344650402311,0.9876883405951377
243.47176427668157,1.0,292.5,0.0,1.5,5.0,0.0,0.0,0.975,-0.1564344650402311,0.9876883405951377
193.72274001778933,2.0,292.5,0.0,1.5,5.0,0.0,0.0,0.975,-0.1564344650402311,0.9876883405951377
144.1474939081495,3.0,292.5,0.0,1.5,5.0,0.0,0.0,0.975,-0.1564344650402311,0.9876883405951377
293.80478212581903,0.0,293.0,0.0,1.5,5.0,0.0,0.0,0.9766666666666667,-0.1460830285624125,0.9892723329629882
243.96977271785127,1.0,293.0,0.0,1.5,5.0,0.0,0.0,0.9766666666666667,-0.1460830285624125,0.9892723329629882
194.21959221458582,2.0,293.0,0.0,1.5,5.0,0.0,0.0,0.9766666666666667,-0.1460830285624125,0.9892723329629882
144.64179893792803,3.0,293.0,0.0,1.5,5.0,0.0,0.0,0.9766666666666667,-0.1460830285624125,0.9892723329629882
294.3034148629608,0.0,293.5,0.0,1.5,5.0,0.0,0.0,0.9783333333333334,-0.13571557243430504,0.9907478404714435
244.46778928930493,1.0,293.5,0.0,1.5,5.0,0.0,0.0,0.9783333333333334,-0.13571557243430504,0.9907478404714435
194.7164605265821,2.0,293.5,0.0,1.5,5.0,0.0,0.0,0.9783333333333334,-0.13571557243430504,0.9907478404714435
145.13614298306263,3.0,293.5,0.0,1.5,5.0,0.0,0.0,0.9783333333333334,-0.13571557243430504,0.9907478404714435
294.80205223166274,0.0,294.0,0.0,1.5,5.0,0.0,0.0,0.98,-0.1253332335643038,0.9921147013144779
244.96581394145593,1.0,294.0,0.0,1.5,5.0,0.0,0.0,0.98,-0.1253332335643038,0.9921147013144779
195.21334483072616,2.0,294.0,0.0,1.5,5.0,0.0,0.0,0.98,-0.1253332335643038,0.9921147013144779
145.63052564623942,3.0,294.0,0.0,1.5,5.0,0.0,0.0,0.98,-0.1253332335643038,0.9921147013144779
295.3006942084627,0.0,294.5,0.0,1.5,5.0,0.0,0.0,0.9816666666666667,-0.11493715049286679,0.9933727656003964
245.46384662511912,1.0,294.5,0.0,1.5,5.0,0.0,0.0,0.9816666666666667,-0.11493715049286679,0.9933727656003964
195.71024500521173,2.0,294.5,0.0,1.5,5.0,0.0,0.0,0.9816666666666667,-0.11493715049286679,0.9933727656003964
146.12494653549064,3.0,294.5,0.0,1.5,5.0,0.0,0.0,0.9816666666666667,-0.11493715049286679,0.9933727656003964
295.79934077005646,0.0,295.0,0.0,1.5,5.0,0.0,0.0,0.9833333333333333,-0.10452846326765342,0.9945218953682733
245.96188729150703,1.0,295.0,0.0,1.5,5.0,0.0,0.0,0.9833333333333333,-0.10452846326765342,0.9945218953682733
196.2071609294625,2.0,295.0,0.0,1.5,5.0,0.0,0.0,0.9833333333333333,-0.10452846326765342,0.9945218953682733
146.61940526410547,3.0,295.0,0.0,1.5,5.0,0.0,0.0,0.9833333333333333,-0.10452846326765342,0.9945218953682733
296.2979918932965,0.0,295.5,0.0,1.5,5.0,0.0,0.0,0.985,-0.09410831331851491,0.99556196460308
246.4599358922257,1.0,295.5,0.0,1.5,5.0,0.0,0.0,0.985,-0.09410831331851491,0.99556196460308
196.70409248411687,2.0,295.5,0.0,1.5,5.0,0.0,0.0,0.985,-0.09410831331851491,0.99556196460308
147.11390145054273,3.0,295.5,0.0,1.5,5.0,0.0,0.0,0.985,-0.09410831331851491,0.99556196460308
296.79664755519053,0.0,296.0,0.0,1.5,5.0,0.0,0.0,0.9866666666666667,-0.08367784333231584,0.9964928592495043
246.95799237927085,1.0,296.0,0.0,1.5,5.0,0.0,0.0,0.9866666666666667,-0.08367784333231584,0.9964928592495043
197.2010395510125,2.0,296.0,0.0,1.5,5.0,0.0,0.0,0.9866666666666667,-0.08367784333231584,0.9964928592495043
147.60843471834528,3.0,296.0,0.0,1.5,5.0,0.0,0.0,0.9866666666666667,-0.08367784333231584,0.9964928592495043
297.2953077329005,0.0,296.5,0.0,1.5,5.0,0.0,0.0,0.9883333333333333,-0.07323819712763181,0.9973144772244581
247.45605670502388,1.0,296.5,0.0,1.5,5.0,0.0,0.0,0.9883333333333333,-0.07323819712763181,0.9973144772244581
197.6980020131716,2.0,296.5,0.0,1.5,5.0,0.0,0.0,0.9883333333333333,-0.07323819712763181,0.9973144772244581
148.10300469605605,3.0,296.5,0.0,1.5,5.0,0.0,0.0,0.9883333333333333,-0.07323819712763181,0.9973144772244581
297.7939724037409,0.0,297.0,0.0,1.5,5.0,0.0,0.0,0.99,-0.06279051952931326,0.9980267284282716
247.9541288222481,1.0,297.0,0.0,1.5,5.0,0.0,0.0,0.99,-0.06279051952931326,0.9980267284282716
198.19497975478592,2.0,297.0,0.0,1.5,5.0,0.0,0.0,0.99,-0.06279051952931326,0.9980267284282716
148.5976110171358,3.0,297.0,0.0,1.5,5.0,0.0,0.0,0.99,-0.06279051952931326,0.9980267284282716
298.2926415451779,0.0,297.5,0.0,1.5,5.0,0.0,0.0,0.9916666666666667,-0.05233595624294437,0.9986295347545738
248.45220868408475,1.0,297.5,0.0,1.5,5.0,0.0,0.0,0.9916666666666667,-0.05233595624294437,0.9986295347545738
198.69197266120239,2.0,297.5,0.0,1.5,5.0,0.0,0.0,0.9916666666666667,-0.05233595624294437,0.9986295347545738
149.09225331988245,3.0,297.5,0.0,1.5,5.0,0.0,0.0,0.9916666666666667,-0.05233595624294437,0.9986295347545738
298.7913151348278,0.0,298.0,0.0,1.5,5.0,0.0,0.0,0.9933333333333333,-0.04187565372919993,0.9991228300988584
248.9502962440495,1.0,298.0,0.0,1.5,5.0,0.0,0.0,0.9933333333333333,-0.04187565372919993,0.9991228300988584
199.18898061890874,2.0,298.0,0.0,1.5,5.0,0.0,0.0,0.9933333333333333,-0.04187565372919993,0.9991228300988584
149.58693124735194,3.0,298.0,0.0,1.5,5.0,0.0,0.0,0.9933333333333333,-0.04187565372919993,0.9991228300988584
299.289993150456,0.0,298.5,0.0,1.5,5.0,0.0,0.0,0.995,-0.03141075907812925,0.9995065603657315
249.44839145602845,1.0,298.5,0.0,1.5,5.0,0.0,0.0,0.995,-0.03141075907812925,0.9995065603657315
199.68600351551933,2.0,298.5,0.0,1.5,5.0,0.0,0.0,0.995,-0.03141075907812925,0.9995065603657315
150.08164444728075,3.0,298.5,0.0,1.5,5.0,0.0,0.0,0.995,-0.03141075907812925,0.9995065603657315
299.78867556997545,0.0,299.0,0.0,1.5,5.0,0.0,0.0,0.9966666666666667,-0.02094241988335679,0.9997806834748455
249.94649427427464,1.0,299.0,0.0,1.5,5.0,0.0,0.0,0.9966666666666667,-0.02094241988335679,0.9997806834748455
200.18304123976137,2.0,299.0,0.0,1.5,5.0,0.0,0.0,0.9966666666666667,-0.02094241988335679,0.9997806834748455
150.57639257200978,3.0,299.0,0.0,1.5,5.0,0.0,0.0,0.9966666666666667,-0.02094241988335679,0.9997806834748455
300.2873623714458,0.0,299.5,0.0,1.5,5.0,0.0,0.0,0.9983333333333333,-0.010471784116245386,0.9999451693655121
250.44460465340435,1.0,299.5,0.0,1.5,5.0,0.0,0.0,0.9983333333333333,-0.010471784116245386,0.9999451693655121
200.6800936814611,2.0,299.5,0.0,1.5,5.0,0.0,0.0,0.9983333333333333,-0.010471784116245386,0.9999451693655121
151.07117527840975,3.0,299.5,0.0,1.5,5.0,0.0,0.0,0.9983333333333333,-0.010471784116245386,0.9999451693655121
